Name,Slide Number,Animal,Group,Sex,Section,Section-Slice,BrainArea,BrainAreaComp,Program,ROI,Name,Slide Number,Animal,Group,Sex,Section,Section-Slice,BrainArea,BrainAreaComp,Program,,ROI_1_Blank_Area,ROI_1_HScore_1,ROI_1_HScore_2,ROI_1_Heme_Area,ROI_1_MAP2_Area,ROI_1_Total_Area,Per_Heme,Per_Map,Ratio,Tissue_Gaps,Gap_Adj
1949_40x-1-3,1949,1798,L/H,M,α02,2,A1-3,A1,2024-03-11-Map2,ROI_1,1949_40x-1-3,1949,1798,L/H,M,α02,2,A1-3,2024-03-11-Map2,,TRUE,171848.8168,125.2624455,207.8275373,4001832.752,4056570.03,8230251.599,49.66037141,50.33962859,0.986506512,2.088014136,2.132541912
2162_40x-1,2162,1798,L/H,M,β02,2,A4-5,A4,2024-03-11-Map2,ROI_1,2162_40x-1,2162,1798,L/H,M,β02,2,A4-5,2024-03-11-Map2,,TRUE,1475659.724,137.8216987,156.7079497,18051410.68,14220979.02,33748049.42,55.93453367,44.06546633,1.269350771,4.372577821,4.572514579
2162_40x-2,2162,1798,L/H,M,β02,2,A4-5,A4,2024-03-11-Map2,ROI_1,2162_40x-2,2162,1798,L/H,M,β02,2,A4-5,2024-03-11-Map2,,TRUE,1097217.288,109.3358094,167.6637814,11677926.98,20010239.34,32785383.61,36.85264355,63.14735645,0.583597566,3.346666005,3.46254585
2162_40x-3,2162,1798,L/H,M,β02,2,A4-5,A4,2024-03-11-Map2,ROI_1,2162_40x-3,2162,1798,L/H,M,β02,2,A4-5,2024-03-11-Map2,,TRUE,800919.971,103.7882659,175.0965263,8497798.58,20294802.26,29593520.82,29.51382762,70.48617238,0.418717979,2.706403121,2.781686778
3290_40x-1-4,3290,1921,N,M,β01,1,A4-5,A4,2024-03-11-Map2,ROI_1,3290_40x-1-4,3290,1921,RV 10,M,β01,1,A4-5,2024-03-11-Map2,,TRUE,2407421.794,163.1527589,156.7990786,33447717.09,4129354.872,39984493.76,89.01097223,10.98902777,8.099986107,6.020888519,6.406624221
3663_40x-1,3663,1889,N,F,α03,3,A1-3,A1,2024-03-11-Map2,ROI_1,3663_40x-1,3663,1889,N,F,α03,3,A1-3,2024-03-11-Map2,,TRUE,1007978.623,153.838495,185.2395675,6626177.265,3506346.524,11140502.41,,,,,
3663_40x-2,3663,1889,N,F,α03,3,A1-3,A1,2024-03-11-Map2,ROI_1,3663_40x-2,3663,1889,N,F,α03,3,A1-3,2024-03-11-Map2,,TRUE,1017899.025,106.0267822,186.9461637,9417311.827,14258678.73,24693889.58,39.77578807,60.22421193,0.660461744,4.122068424,4.299288018
3663_40x-3,3663,1889,N,F,α03,3,A1-3,A1,2024-03-11-Map2,ROI_1,3663_40x-3,3663,1889,N,F,α03,3,A1-3,2024-03-11-Map2,,TRUE,2291034.027,100.7059937,173.2576331,13750709.53,21913882.44,37955626,38.55563395,61.44436605,0.627488514,6.036085473,6.423833557
4460_40x-1-3,4460,1921,N,M,α01,1,A1-3,A1,2024-03-11-Map2,ROI_1,4460_40x-1-3,4460,1921,RV 10,M,α01,1,A1-3,2024-03-11-Map2,,TRUE,601975.4714,166.7865542,207.8876746,7106930.668,2923016.843,10631922.98,,,,,
1919-01-A_40X_4,4049,1919,N,F,01A,1,A1,A1,2024-03-11-Map2,ROI_1,1919-01-A_40X_4,4049,1919,RV 10,F,01A,1,A1,2024-03-11-Map2,,TRUE,2177971.134,120.6817034,143.6379001,6106460.167,8172147.411,16456578.71,42.7664962,57.2335038,0.747228343,13.23465328,15.25338604
1919-03-A_40x-2,4961,1919,N,F,03A,3,A3,A3,2024-03-11-Map2,ROI_1,1919-03-A_40x-2,4961,1919,RV 10,F,03A,3,A3,2024-03-11-Map2,,TRUE,5728656.972,111.3803017,127.7903661,10177404.84,16225948.94,32132010.75,38.54587914,61.45412086,0.627230178,17.82850447,21.69670194
1919-03-A_40x-3,4961,1919,N,F,03A,3,A3,A3,2024-03-11-Map2,ROI_1,1919-03-A_40x-3,4961,1919,RV 10,F,03A,3,A3,2024-03-11-Map2,,TRUE,4479583.305,123.4397415,131.9280508,12219813.9,13423325.84,30122723.05,47.65334521,52.34665479,0.910341748,14.87111008,17.46893457
1919-04-A_40x-1,3545,1919,N,F,04A,4,A4,A4,2024-03-11-Map2,ROI_1,1919-04-A_40x-1,3545,1919,RV 10,F,04A,4,A4,2024-03-11-Map2,,TRUE,4603783.926,114.8372319,132.3793523,7630855.205,20813808.11,33048447.24,26.82701891,73.17298109,0.366624654,13.93040917,16.18505333
1919-04-A_40x-2,3545,1919,N,F,04A,4,A4,A4,2024-03-11-Map2,ROI_1,1919-04-A_40x-2,3545,1919,RV 10,F,04A,4,A4,2024-03-11-Map2,,TRUE,5486633.851,108.0106223,128.5133986,9053025.744,23743640.31,38283299.91,27.60349399,72.39650601,0.38128213,14.33166384,16.72924266
1919-05-A-40x-1,4546,1919,N,F,05A,5,A5,A5,2024-03-11-Map2,ROI_1,1919-05-A-40x-1,4546,1919,RV 10,F,05A,5,A5,2024-03-11-Map2,,TRUE,5824043.888,141.8651609,141.784155,18680163.32,8951534.955,33455742.16,67.60410863,32.39589137,2.086811191,17.40820413,21.07740115
1919-05-A-40x-3,4546,1919,N,F,05A,5,A5,A5,2024-03-11-Map2,ROI_1,1919-05-A-40x-3,4546,1919,RV 10,F,05A,5,A5,2024-03-11-Map2,,TRUE,5388305.026,117.6266427,134.2616247,11503891.71,13939887.63,30832084.37,45.21298333,54.78701667,0.82524996,17.47629178,21.1772982
1923-Beta-1-40x-1,3266,1923,N,M,β01,1,A4-5,A4,2024-03-11-Map2,ROI_1,1923-Beta-1-40x-1,3266,1923,RV 10,M,β01,1,A4-5,2024-03-11-Map2,,TRUE,6126943.552,111.8845481,147.0801632,10324802.46,21155409.54,37607155.55,32.7977539,67.2022461,0.488045502,16.29196216,19.46284082
1923-Beta-1-40x-2,3266,1923,N,M,β01,1,A4-5,A4,2024-03-11-Map2,ROI_1,1923-Beta-1-40x-2,3266,1923,RV 10,M,β01,1,A4-5,2024-03-11-Map2,,TRUE,4367115.648,115.9281664,142.1287613,10084134.43,17818012.29,32269262.37,36.14107019,63.85892981,0.565951705,13.53336063,15.65153997
1029(3_4)_-_,1029,1312,L/H,M,01A,1,A1,A1,2024-03-11-Map2,ROI_1,1029(3_4)_-_,1029,1312,L/H,M,01A,1,A1,2024-03-11-Map2,,TRUE,882658.0522,115.4675114,158.9298468,3563530.266,5943568.592,10389756.91,37.48283593,62.51716407,0.59956072,8.495463944,9.28419979
1043(2)_-_,1043,1798,L/H,M,03A,3,A3,A3,2024-03-11-Map2,ROI_1,1043(2)_-_,1043,1798,L/H,M,03A,3,A3,2024-03-11-Map2,,TRUE,1301202.219,139.9198777,137.7509742,20159711.68,10272458.16,31733372.06,66.24473965,33.75526035,1.962501221,4.100422157,4.275745784
1125(2)_-_,1125,1797,L/H,M,04A,4,A4,A4,2024-03-11-Map2,ROI_1,1125(2)_-_,1125,1797,L/H,M,04A,4,A4,2024-03-11-Map2,,TRUE,1477253.546,126.4752732,137.1623026,16285783.33,16599408.08,34362444.95,49.52315202,50.47684798,0.981106269,4.299035031,4.492154319
1142(2)_-_,1142,1797,L/H,M,05A,5,A5,A5,2024-03-11-Map2,ROI_1,1142(2)_-_,1142,1797,L/H,M,05A,5,A5,2024-03-11-Map2,,TRUE,1909540.584,122.8873629,128.6991372,13359633.99,16725559.53,31994734.1,44.40600983,55.59399017,0.798755579,5.968296464,6.347110857
1252(2)_-_,1252,1828,L/H,M,02A,2,A2,A2,2024-03-11-Map2,ROI_1,1252(2)_-_,1252,1828,L/H,M,02A,2,A2,2024-03-11-Map2,,TRUE,749534.1277,134.4065568,155.2719861,10441313.29,9193397.262,20384244.68,53.17783149,46.82216851,1.135740466,3.67702674,3.817393313
1262(2)_-_,1262,1315,L/H,F,03Q,3,A3,A3,2024-03-11-Map2,ROI_1,1262(2)_-_,1262,1315,L/H,F,03Q,3,A3,2024-03-11-Map2,,TRUE,1121943.664,152.3302958,134.1333866,23150889.7,9091954.269,33364787.63,71.80163673,28.19836327,2.546305119,3.362657891,3.479667194
1366(1_3)_-_ (Image 1),1366,1798,L/H,M,02A,2,A2,A2,2024-03-11-Map2,ROI_1,1366(1_3)_-_ (Image 1),1366,1798,L/H,M,02A,2,A2,2024-03-11-Map2,,TRUE,534088.4221,146.0622177,149.8010773,10384909.55,6169710.607,17088708.58,62.73118593,37.26881407,1.683208535,3.125387852,3.226219732
1366(1_3)_-_ (Image 2),1366,1798,L/H,M,02A,2,A2,A2,2024-03-11-Map2,ROI_1,1366(1_3)_-_ (Image 2),1366,1798,L/H,M,02A,2,A2,2024-03-11-Map2,,TRUE,601853.2488,149.6645471,159.1653241,16747473.94,7754402.822,25103730.01,68.35180057,31.64819943,2.15973742,2.397465431,2.45635571
1461(3)_-_,1461,1798,L/H,M,01A,1,A1,A1,2024-03-11-Map2,ROI_1,1461(3)_-_,1461,1798,L/H,M,01A,1,A1,2024-03-11-Map2,,TRUE,687226.9602,119.2665655,130.1330802,5616516.262,7453474.362,13757217.58,42.97261126,57.02738874,0.75354338,4.9953921,5.258052436
1708(3)_-_,1708,1312,L/H,M,04A,4,A4,A4,2024-03-11-Map2,ROI_1,1708(3)_-_,1708,1312,L/H,M,04A,4,A4,2024-03-11-Map2,,TRUE,1127558.694,156.4491531,134.8843798,19150897.25,5681196.065,25959652.01,77.12155801,22.87844199,3.370927008,4.343504657,4.540731543
1768_-_,1768,1737,RV 10,M,β01,1,A4-5,A4,2024-03-11-Map2,ROI_1,1768_-_,1768,1737,RV 10,M,β01,1,A4-5,2024-03-11-Map2,,TRUE,6954757.658,103.0738569,142.726024,10059819,27542938.13,44557514.79,26.75287603,73.24712397,0.365241317,15.60849543,18.49533967
4253_-_,4253,1912,S/H,F,α03,3,A1-3,A2,2024-04-01-Map2,ROI_2,4253_-_,4253,1912,S/H,F,α03,3,A1-3,2024-04-01-Map2,,TRUE,2103880.059,99.77654658,123.9226447,1514764.44,24968654.91,28587299.41,5.719670938,94.28032906,0.060666642,7.359492161,7.944140563
1821.03O_-_,3055,1821,S/H,M,03O,3,A3,A3,2024-04-01-Map2,ROI_1,1821.03O_-_,3055,1821,S/H,M,03O,3,A3,2024-04-01-Map2,,TRUE,7956611.022,113.4962144,113.9229248,2408473.831,33561046.36,43926131.21,6.695874225,93.30412578,0.071763967,18.11361666,22.12042579
4253_-_,4253,1912,S/H,F,α03,3,A1-3,A3,2024-04-01-Map2,ROI_3,4253_-_,4253,1912,S/H,F,α03,3,A1-3,2024-04-01-Map2,,TRUE,2889549.472,109.2198155,125.9711221,2273139.317,31470021.14,36632709.93,6.736592796,93.2634072,0.072231897,7.887894391,8.563363457
1840(2_3)_-_,1840,1797,L/H,M,02A,2,A2,A2,2024-03-11-Map2,ROI_1,1840(2_3)_-_,1840,1797,L/H,M,02A,2,A2,2024-03-11-Map2,,TRUE,414471.5165,157.6261772,173.3698656,12220856.37,5634724.769,18270052.66,68.44278142,31.55721858,2.168847082,2.268584137,2.321243499
1876(1)_-_,1876,1798,L/H,M,04A,4,A4,A4,2024-03-11-Map2,ROI_1,1876(1)_-_,1876,1798,L/H,M,04A,4,A4,2024-03-11-Map2,,TRUE,2328040.23,128.9686535,116.7967789,17120699.19,16988028.54,36436767.96,50.19448198,49.80551802,1.007809656,6.389261069,6.825350533
1923(1)_-_,1923,1828,L/H,M,03A,3,A3,A3,2024-03-11-Map2,ROI_1,1923(1)_-_,1923,1828,L/H,M,03A,3,A3,2024-03-11-Map2,,TRUE,1595455.038,149.652231,145.4561745,17551585.04,8980320.791,28127360.87,66.15274889,33.84725111,1.954449674,5.672252883,6.01334502
1940(1_2)_-_,1940,1798,L/H,M,05A,5,A5,A5,2024-03-11-Map2,ROI_1,1940(1_2)_-_,1940,1798,L/H,M,05A,5,A5,2024-03-11-Map2,,TRUE,2720163.056,148.1812847,115.1567897,27447493.89,6682327.444,36849984.39,80.4208543,19.5791457,4.107475145,7.381721054,7.970047746
2058(2_3)_-_,2058,1315,L/H,F,04D,4,A4,A4,2024-03-11-Map2,ROI_1,2058(2_3)_-_,2058,1315,L/H,F,04D,4,A4,2024-03-11-Map2,,TRUE,757058.8334,157.9684596,175.4003296,21307500.66,9300254.074,31364813.56,69.61471315,30.38528685,2.291066511,2.413720177,2.473421655
2129(3)_-_,2129,1797,L/H,M,01A,1,A1,A1,2024-03-11-Map2,ROI_1,2129(3)_-_,2129,1797,L/H,M,01A,1,A1,2024-03-11-Map2,,TRUE,295875.5362,137.1752201,166.2819412,5740749.808,4743953.169,10780578.51,54.75357595,45.24642405,1.210119409,2.744523737,2.821973469
2133(1_3)_-_ (Image 1),2133,1797,L/H,M,03A,3,A3,A3,2024-03-11-Map2,ROI_1,2133(1_3)_-_ (Image 1),2133,1797,L/H,M,03A,3,A3,2024-03-11-Map2,,TRUE,335377.9817,157.027189,98.32828708,23925938.45,790404.8085,25051721.24,,,,,
2133(1_3)_-_ (Image 2),2133,1797,L/H,M,03A,3,A3,A3,2024-03-11-Map2,ROI_1,2133(1_3)_-_ (Image 2),2133,1797,L/H,M,03A,3,A3,2024-03-11-Map2,,TRUE,452974.0679,138.6522875,176.8474753,18630293.91,13151447.7,32234715.68,58.61948705,41.38051295,1.416596433,1.40523674,1.425265089
2162_-_,2162,1798,L/H,M,β02,2,A4-5,A4,2024-03-11-Map2,ROI_1,2162_-_,2162,1798,L/H,M,β02,2,A4-5,2024-03-11-Map2,,TRUE,1605946.462,130.528254,146.3035887,15984129.55,16339027.91,33929103.93,49.45101533,50.54898467,0.978279102,4.733241601,4.968408373
2224(3_6)_-_ (Image 1),2224,1315,L/H,F,01E,1,A1,A1,2024-03-11-Map2,ROI_1,2224(3_6)_-_ (Image 1),2224,1315,L/H,F,01E,1,A1,2024-03-11-Map2,,TRUE,369537.7627,161.437665,191.5199503,5880578.985,3013506.57,9263623.318,66.11785943,33.88214057,1.951407388,3.989127688,4.154870789
2224(3_6)_-_ (Image 2),2224,1315,L/H,F,01E,1,A1,A1,2024-03-11-Map2,ROI_1,2224(3_6)_-_ (Image 2),2224,1315,L/H,F,01E,1,A1,2024-03-11-Map2,,TRUE,299365.2128,181.8588972,200.2617801,10208646.71,3074988.287,13583000.21,76.85130397,23.14869603,3.319897755,2.203969728,2.253639255
2260(1)_-_,2260,1315,L/H,F,02O,2,A2,A2,2024-03-11-Map2,ROI_1,2260(1)_-_,2260,1315,L/H,F,02O,2,A2,2024-03-11-Map2,,TRUE,622507.2849,159.6254377,148.4608628,16496732.81,3664656.664,20783896.76,81.82339234,18.17660766,4.501576635,2.995142307,3.087620948
2469(2)_-_,2469,1312,L/H,M,02A,2,A2,A2,2024-03-11-Map2,ROI_1,2469(2)_-_,2469,1312,L/H,M,02A,2,A2,2024-03-11-Map2,,TRUE,1058433.088,139.187412,147.2536546,13437618.71,10342860.51,24838912.32,56.50692984,43.49307016,1.299216855,4.261189356,4.450848436
2709(1)_-_,2709,1312,L/H,M,05A,5,A5,A5,2024-03-11-Map2,ROI_1,2709(1)_-_,2709,1312,L/H,M,05A,5,A5,2024-03-11-Map2,,TRUE,2422746.774,141.3490404,117.4266832,18392406.15,8425069.742,29240222.67,68.58365875,31.41634125,2.183056843,8.285664584,9.034208825
2710(1_2)_-_,2710,1312,L/H,M,03A,3,A3,A3,2024-03-11-Map2,ROI_1,2710(1_2)_-_,2710,1312,L/H,M,03A,3,A3,2024-03-11-Map2,,TRUE,1956233.108,145.8889023,132.5526142,19876148.08,8848022.421,30680403.61,69.19659552,30.80340448,2.246394407,6.376164841,6.81040766
2755_-_,2755,1737,RV 10,M,α01,1,A1-3,A1,2024-03-11-Map2,ROI_1,2755_-_,2755,1737,RV 10,M,α01,1,A1-3,2024-03-11-Map2,,TRUE,3747998.665,103.7379553,157.9955114,3468004.56,6755495.477,13971498.7,33.92189121,66.07810879,0.513360504,26.82603166,36.66062163
2916(3)_-_,2916,1828,L/H,M,01A,1,A1,A1,2024-03-11-Map2,ROI_1,2916(3)_-_,2916,1828,L/H,M,01A,1,A1,2024-03-11-Map2,,TRUE,562246.2202,129.5833152,148.2462036,5988087.704,6160218.235,12710552.16,49.29154512,50.70845488,0.972057722,4.423460233,4.62818621
3004_-_,3004,1864,N,M,α04,4,A1-3,A1,2024-03-11-Map2,ROI_1,3004_-_,3004,1864,N,M,α04,4,A1-3,2024-03-11-Map2,,TRUE,1293921.399,101.9580493,129.6667092,1900324.679,6813556.126,10007802.2,21.80801782,78.19198218,0.278903504,12.92912643,14.84896831
1821.03P_-_,3368,1821,S/H,M,03P,3,A3,A3,2024-04-01-Map2,ROI_2,1821.03P_-_,3368,1821,S/H,M,03P,3,A3,2024-04-01-Map2,,TRUE,4074762.808,112.6896037,129.2460892,2852126.377,31468993.88,38395883.06,8.310120287,91.68987971,0.090632906,10.61249927,11.87246447
3048_-_,3048,1924,N,M,β03,3,A4-5,A4,2024-03-11-Map2,ROI_1,3048_-_,3048,1924,RV 10,M,β03,3,A4-5,2024-03-11-Map2,,TRUE,7384086.167,107.9246918,130.9338084,10526909.21,17138218.26,35049213.63,38.05118636,61.94881364,0.614235917,21.06776559,26.69095299
3067_-_,3067,1886,N,M,α02,2,A1-3,A1,2024-03-11-Map2,ROI_1,3067_-_,3067,1886,RV 10,M,α02,2,A1-3,2024-03-11-Map2,,TRUE,783589.2767,99.50085524,119.6565641,1102056.234,8187243.662,10072889.17,11.86371682,88.13628318,0.134606502,7.77919089,8.435396485
3070_-_,3070,1925,N,M,β04,4,A4-5,A4,2024-03-11-Map2,ROI_1,3070_-_,3070,1925,RV 10,M,β04,4,A4-5,2024-03-11-Map2,,TRUE,8444265.889,106.588044,129.8828876,13565922.86,19439990.73,41450179.48,41.10149178,58.89850822,0.697835871,20.37208522,25.58409985
3074(2)_-_,3074,1832,L/H,F,04A,4,A4,A4,2024-03-11-Map2,ROI_1,3074(2)_-_,3074,1832,L/H,F,04A,4,A4,2024-03-11-Map2,,TRUE,2528372.737,131.5605646,139.1261606,21150153.15,14292286.35,37970812.23,59.67465403,40.32534597,1.479829933,6.658727029,7.133743538
3118(2)_-_,3118,1830,L/H,M,04A,4,A4,A4,2024-03-11-Map2,ROI_1,3118(2)_-_,3118,1830,L/H,M,04A,4,A4,2024-03-11-Map2,,TRUE,6062135.935,119.5070245,131.2562171,15738423.79,19249899.61,41050459.33,44.98193187,55.01806813,0.817584721,14.76752279,17.3261687
3135_-_,3135,1922,N,M,β03,3,A4-5,A4,2024-03-11-Map2,ROI_1,3135_-_,3135,1922,RV 10,M,β03,3,A4-5,2024-03-11-Map2,,TRUE,8740419.17,107.628275,125.5629459,10347486.57,22525199.44,41613105.18,31.47745994,68.52254006,0.459373805,21.00400615,26.58869789
3148_-_,3148,1921,N,M,α03,3,A1-3,A1,2024-03-11-Map2,ROI_1,3148_-_,3148,1921,RV 10,M,α03,3,A1-3,2024-03-11-Map2,,TRUE,1157318.078,110.3492178,137.5781677,4023538.598,5857628.774,11038485.45,40.71926369,59.28073631,0.686888629,10.48439193,11.71236185
3228_-_,3228,1926,N,M,β04,4,A4-5,A4,2024-03-11-Map2,ROI_1,3228_-_,3228,1926,RV 10,M,β04,4,A4-5,2024-03-11-Map2,,TRUE,8598616.224,131.9489642,141.1878947,21568055.22,12093557.78,42260229.22,64.07314831,35.92685169,1.783433429,20.34682817,25.54427866
3148_-_,3148,1921,N,M,α03,3,A1-3,A2,2024-03-11-Map2,ROI_2,3148_-_,3148,1921,RV 10,M,α03,3,A1-3,2024-03-11-Map2,,TRUE,2918474.212,112.614709,137.9935872,7998780.951,12415281.29,23332536.45,39.18270092,60.81729908,0.644269007,12.5081738,14.29639127
3148_-_,3148,1921,N,M,α03,3,A1-3,A3,2024-03-11-Map2,ROI_3,3148_-_,3148,1921,RV 10,M,α03,3,A1-3,2024-03-11-Map2,,TRUE,4145635.451,136.1062895,144.9177244,19585869.16,11343273.58,35074778.19,63.32496612,36.67503388,1.726650514,11.81942029,13.40365456
3297(2)_-_,3297,1828,L/H,M,04A,4,A4,A4,2024-03-11-Map2,ROI_1,3297(2)_-_,3297,1828,L/H,M,04A,4,A4,2024-03-11-Map2,,TRUE,1734452.381,129.7090871,148.981573,17211027.52,15209908.08,34155387.98,53.08615313,46.91384687,1.131566833,5.078122321,5.349791266
3148_-_,3148,1921,N,M,α03,3,A1-3,A3,2024-03-11-Map2,ROI_4,3148_-_,3148,1921,RV 10,M,α03,3,A1-3,2024-03-11-Map2,,TRUE,3898117.516,156.2534232,138.3022448,29310674.5,5454016.114,38662808.13,,,,,
3432_-_,3432,1923,N,M,α03,3,A1-3,A1,2024-03-11-Map2,ROI_1,3432_-_,3432,1923,RV 10,M,α03,3,A1-3,2024-03-11-Map2,,TRUE,2200474.824,111.1011908,138.3090662,3287892.382,6077756.606,11566123.81,35.10586812,64.89413188,0.540971381,19.02517092,23.49516651
3458_-_,3458,1887,N,M,β02,2,A4-5,A4,2024-03-11-Map2,ROI_1,3458_-_,3458,1887,RV 10,M,β02,2,A4-5,2024-03-11-Map2,,TRUE,2548662.705,92.30878071,137.7897773,10393908.89,30782035.87,43724607.47,25.24267251,74.75732749,0.337661516,5.828897851,6.189688469
3239_-_,3239,1886,N,M,β02,2,A4-5,A4,2024-03-11-Map2,ROI_1,3239_-_,3239,1886,RV 10,M,β02,2,A4-5,2024-03-11-Map2,,TRUE,3038529.791,110.7850839,130.3145413,11268203.96,25135814.96,39442548.71,,,,,
3647(2)_-_,3647,1832,L/H,F,05A,5,A5,A5,2024-03-11-Map2,ROI_1,3647(2)_-_,3647,1832,L/H,F,05A,5,A5,2024-03-11-Map2,,TRUE,2129270.355,130.3595916,125.1577735,17304287.54,14529041.61,33962599.51,54.35902559,45.64097441,1.191013695,6.26945636,6.688808276
3648_-_,3648,1887,N,M,α02,2,A1-3,A1,2024-03-11-Map2,ROI_1,3648_-_,3648,1887,RV 10,M,α02,2,A1-3,2024-03-11-Map2,,TRUE,1597333.078,95.37660052,133.2032071,1427148.668,7071321.848,10095803.59,16.79300605,83.20699395,0.201822049,15.82175271,18.79553592
3239_-_,3239,1886,N,M,β02,2,A4-5,A5,2024-03-11-Map2,ROI_2,3239_-_,3239,1886,RV 10,M,β02,2,A4-5,2024-03-11-Map2,,TRUE,2241014.419,95.01066959,127.594784,5726616.489,27227824.14,35195455.05,17.37737428,82.62262572,0.210322223,6.367340373,6.800341247
3239_-_,3239,1886,N,M,β02,2,A4-5,A5,2024-03-11-Map2,ROI_3,3239_-_,3239,1886,RV 10,M,β02,2,A4-5,2024-03-11-Map2,,TRUE,2139937.894,103.4868018,125.9550432,6259467.525,23426389.91,31825795.32,21.08568883,78.91431117,0.267197274,6.723910188,7.208610697
3825(2_3)_-_,3825,1832,L/H,F,01A,1,A1,A1,2024-03-11-Map2,ROI_1,3825(2_3)_-_,3825,1832,L/H,F,01A,1,A1,2024-03-11-Map2,,TRUE,536362.1852,90.30317264,142.9442767,2945580.884,7226224.514,10708167.58,28.95828979,71.04171021,0.407623771,5.008907277,5.27302838
3858(2)_-_,3858,1828,L/H,M,05A,5,A5,A5,2024-03-11-Map2,ROI_1,3858(2)_-_,3858,1828,L/H,M,05A,5,A5,2024-03-11-Map2,,TRUE,2106680.087,132.3104068,138.648869,12950396.6,11986459.74,27043536.42,51.93275537,48.06724463,1.080418813,7.789957845,8.448058002
3882_-_,3882,1919,N,F,α03,3,A1-3,A1,2024-03-11-Map2,ROI_1,3882_-_,3882,1919,RV 10,F,α03,3,A1-3,2024-03-11-Map2,,TRUE,1813094.6,107.1585099,130.8694349,2936637.599,6404668.307,11154400.51,31.43712055,68.56287945,0.458515173,16.25452303,19.40943394
3239_-_,3239,1886,N,M,β02,2,A4-5,A5,2024-03-11-Map2,ROI_4,3239_-_,3239,1886,RV 10,M,β02,2,A4-5,2024-03-11-Map2,,TRUE,0,NA,NA,0,0,0,,,,,
3974_-_,3974,1889,N,F,α04,4,A1-3,A1,2024-03-11-Map2,ROI_1,3974_-_,3974,1889,N,F,α04,4,A1-3,2024-03-11-Map2,,TRUE,1407389.269,102.3584624,123.514838,1743166.742,7359794.663,10510350.67,19.14944669,80.85055331,0.236849915,13.39050726,15.46078476
3284_-_,3284,1915,RV 10,M,β03,3,A4-5,A4,2024-03-11-Map2,ROI_1,3284_-_,3284,1915,RV 10,M,β03,3,A4-5,2024-03-11-Map2,,TRUE,5601830.134,105.0468477,127.9188041,6387562.273,31613656.35,43603048.76,16.80883536,83.19116464,0.202050728,12.84733589,14.74118551
4153_-_,4153,1920,N,F,β03,3,A4-5,A4,2024-03-11-Map2,ROI_1,4153_-_,4153,1920,RV 10,F,β03,3,A4-5,2024-03-11-Map2,,TRUE,6978219.487,115.9336134,119.5969225,12401205.37,18609596.85,37989021.71,39.98995344,60.01004656,0.666387642,18.36904235,22.50254423
4156_-_,4156,1915,RV 10,M,α03,3,A1-3,A1,2024-03-11-Map2,ROI_1,4156_-_,4156,1915,RV 10,M,α03,3,A1-3,2024-03-11-Map2,,TRUE,1186412.295,95.67817515,141.5133454,3515931.19,8020741.607,12723085.09,30.47612819,69.52387181,0.438354876,9.324879042,10.28383414
3023_-_,3023,1912,S/H,F,β03,3,A4-5,A5,2024-04-01-Map2,ROI_2,3023_-_,3023,1912,S/H,F,β03,3,A4-5,2024-04-01-Map2,,TRUE,2809568.023,99.30253308,139.416332,2984410.693,32842549.09,38636527.8,8.33006962,91.66993038,0.090870251,7.271792221,7.842049787
4276_-_,4276,1926,N,M,α04,4,A1-3,A1,2024-03-11-Map2,ROI_1,4276_-_,4276,1926,RV 10,M,α04,4,A1-3,2024-03-11-Map2,,TRUE,1524427.27,105.0787691,130.7087426,966374.8072,6531661.374,9022463.451,12.88837215,87.11162785,0.147952374,16.89590962,20.33102046
4310(2_3)_-_,4310,1830,L/H,M,05A,5,A5,A5,2024-03-11-Map2,ROI_1,4310(2_3)_-_,4310,1830,L/H,M,05A,5,A5,2024-03-11-Map2,,TRUE,4377217.639,112.9719162,131.6971059,8635089.679,18572140.5,31584447.81,31.73821673,68.26178327,0.464948544,13.85877526,16.08843536
4330_-_,4330,1924,N,M,α03,3,A1-3,A1,2024-03-11-Map2,ROI_1,4330_-_,4330,1924,RV 10,M,α03,3,A1-3,2024-03-11-Map2,,TRUE,1655840.667,114.6503147,140.2795732,3499813.861,5887362.182,11043016.71,37.28292561,62.71707439,0.59446213,14.99445949,17.6393908
4397(2)_-_,4397,1832,L/H,F,02A,2,A2,A2,2024-03-11-Map2,ROI_1,4397(2)_-_,4397,1832,L/H,F,02A,2,A2,2024-03-11-Map2,,TRUE,1586224.039,104.9141448,131.4462743,5429940.326,13871814.53,20887978.89,28.13184794,71.86815206,0.391436918,7.59395654,8.21803018
4421_-_,4421,1923,N,M,β03,3,A4-5,A4,2024-03-11-Map2,ROI_1,4421_-_,4421,1923,RV 10,M,β03,3,A4-5,2024-03-11-Map2,,TRUE,8092481.96,105.7844374,127.5218783,10494244.27,17214805.63,35801531.86,37.87298485,62.12701515,0.609605737,22.60373101,29.20519465
3284_-_,3284,1915,RV 10,M,β03,3,A4-5,A5,2024-03-11-Map2,ROI_2,3284_-_,3284,1915,RV 10,M,β03,3,A4-5,2024-03-11-Map2,,TRUE,7686512.226,101.975477,134.3503116,10180045.77,22829760.62,40696318.62,30.83945918,69.16054082,0.445911192,18.88748783,23.28554168
4691(2)_-_,4691,1830,L/H,M,02A,2,A2,A2,2024-03-11-Map2,ROI_1,4691(2)_-_,4691,1830,L/H,M,02A,2,A2,2024-03-11-Map2,,TRUE,2903360.25,127.6915909,133.1166472,9216000.189,8717698.231,20837058.67,51.38928944,48.61071056,1.057159808,13.93363764,16.18941159
4711_-_,4711,1864,N,M,β04,4,A4-5,A4,2024-03-11-Map2,ROI_1,4711_-_,4711,1864,N,M,β04,4,A4-5,2024-03-11-Map2,,TRUE,5143236.605,109.6715581,116.2709913,3798178.862,34142770.54,43084186.01,10.01076389,89.98923611,0.111244015,11.93764367,13.55589854
4740(1_2)_-_,4740,1832,L/H,F,03A,3,A3,A3,2024-03-11-Map2,ROI_1,4740(1_2)_-_,4740,1832,L/H,F,03A,3,A3,2024-03-11-Map2,,TRUE,3072294.35,122.2261335,128.1330396,13524078.88,13060120.53,29656493.76,50.8726205,49.1273795,1.035524814,10.35960075,11.55684361
3284_-_,3284,1915,RV 10,M,β03,3,A4-5,A5,2024-03-11-Map2,ROI_3,3284_-_,3284,1915,RV 10,M,β03,3,A4-5,2024-03-11-Map2,,TRUE,3784685.653,141.0993123,147.4649118,14970006.04,9078523.8,27833215.49,,,,,
3284_-_,3284,1915,RV 10,M,β03,3,A4-5,A5,2024-03-11-Map2,ROI_4,3284_-_,3284,1915,RV 10,M,β03,3,A4-5,2024-03-11-Map2,,TRUE,0,NA,NA,0,0,0,,,,,
4810_-_,4810,1922,N,M,α03,3,A1-3,A1,2024-03-11-Map2,ROI_1,4810_-_,4810,1922,RV 10,M,α03,3,A1-3,2024-03-11-Map2,,TRUE,1287432.341,98.2410491,138.9501238,3204624.323,7984556.445,12476613.11,28.64038386,71.35961614,0.40135283,10.31876463,11.50604649
4825_-_,4825,1889,N,F,β04,4,A4-5,A4,2024-03-11-Map2,ROI_1,4825_-_,4825,1889,N,F,β04,4,A4-5,2024-03-11-Map2,,TRUE,2884968.98,100.4377025,116.8106552,4697454.586,34930848.49,42513272.05,11.85378687,88.14621313,0.134478685,6.786043136,7.28007196
3412_-_,3412,1888,N,M,β03,3,A4-5,A4,2024-03-11-Map2,ROI_1,3412_-_,3412,1888,RV 10,M,β03,3,A4-5,2024-03-11-Map2,,TRUE,3416250.233,117.4265669,121.9045475,15329509.66,22237519.64,40983279.53,,,,,
4899(3)_-_,4899,1830,L/H,M,03A,3,A3,A3,2024-03-11-Map2,ROI_1,4899(3)_-_,4899,1830,L/H,M,03A,3,A3,2024-03-11-Map2,,TRUE,4663904.447,132.3611378,130.5489799,18754903.25,11643512.54,35062320.24,61.69697584,38.30302416,1.610759913,13.30175646,15.34259048
4902_-_,4902,1925,N,M,α04,4,A1-3,A1,2024-03-11-Map2,ROI_1,4902_-_,4902,1925,RV 10,M,α04,4,A1-3,2024-03-11-Map2,,TRUE,1438674.492,105.2458229,144.9270041,3483371.323,6278535.323,11200581.14,35.68330911,64.31669089,0.554806359,12.84464149,14.73763829
4919(3)_-_,4919,1830,L/H,M,01A,1,A1,A1,2024-03-11-Map2,ROI_1,4919(3)_-_,4919,1830,L/H,M,01A,1,A1,2024-03-11-Map2,,TRUE,1407222.64,91.49295571,133.787565,2541720.435,9360453.572,13309396.65,21.3550939,78.6449061,0.27153817,10.57315126,11.82324035
3412_-_,3412,1888,N,M,β03,3,A4-5,A5,2024-03-11-Map2,ROI_2,3412_-_,3412,1888,RV 10,M,β03,3,A4-5,2024-03-11-Map2,,TRUE,2337832.655,94.94834865,126.5906464,4934271.752,30281772.55,37553876.96,14.01143101,85.98856899,0.162945275,6.225276441,6.638544167
_-__02,0,#N/A,#N/A,#N/A,#N/A,4,A4,A4,2024-03-11-Map2,ROI_1,_-__02,0,#N/A,RV 10,#N/A,#N/A,#N/A,#N/A,2024-03-11-Map2,,TRUE,4629597.93,116.6199258,131.7764016,7416754.144,21003186.72,33049538.79,26.09700766,73.90299234,0.353125183,14.00805609,16.28996328
_-__03,0,#N/A,#N/A,#N/A,#N/A,3,A3,A3,2024-03-11-Map2,ROI_1,_-__03,0,#N/A,RV 10,#N/A,#N/A,#N/A,#N/A,2024-03-11-Map2,,TRUE,5681148.445,108.3745646,128.6597159,9579915.641,16839669.35,32100733.44,36.26065907,63.73934093,0.568889771,17.69787739,21.50354915
_-__04,0,#N/A,#N/A,#N/A,#N/A,2,A2,A2,2024-03-11-Map2,ROI_1,_-__04,0,#N/A,RV 10,#N/A,#N/A,#N/A,#N/A,2024-03-11-Map2,,TRUE,2137641.732,118.1166809,145.7261671,5915166.895,8388281.866,16441090.49,41.35482983,58.64517017,0.705170259,13.0018245,14.94493928
_-__05,0,#N/A,#N/A,#N/A,#N/A,#N/A,#N/A,#N/A,2024-03-11-Map2,ROI_1,_-__05,0,#N/A,#N/A,#N/A,#N/A,#N/A,#N/A,2024-03-11-Map2,,TRUE,2523138.576,159.061071,149.1275575,32882689.05,4595786.433,40001614.06,87.73753101,12.26246899,7.154964559,6.307591919,6.732233751
_-__06,0,#N/A,#N/A,#N/A,#N/A,1,A1,A1,2024-03-11-Map2,ROI_1,_-__06,0,#N/A,RV 10,#N/A,#N/A,#N/A,#N/A,2024-03-11-Map2,,TRUE,579317.7354,162.6531359,198.1580162,7019163.584,3014872.56,10613353.88,,,,,
Image_1218(1),1218,1351,N,F,04B,4,A4,A4,2024-03-11-Map2,ROI_1,Image_1218(1),1218,1351,N,F,04B,4,A4,2024-03-11-Map2,,TRUE,2654601.648,113.7527262,157.7070905,14419220.07,32400674.07,49474495.78,30.79720775,69.20279225,0.445028398,5.365596165,5.669815571
Image_1386(1_2),1386,07.29.20.,DBX,NA,03A,3,A3,A3,2024-03-11-Map2,ROI_1,Image_1386(1_2),1386,07.29.20.,RV 10,NA,03A,3,A3,2024-03-11-Map2,,TRUE,5416887.593,114.6939463,130.9844232,8551608.389,17098846.25,31067342.24,33.33901292,66.66098708,0.500127802,17.43595429,21.11809583
Image_1408(1_2),1408,1352,N,M,02A,2,A2,A2,2024-03-11-Map2,ROI_1,Image_1408(1_2),1408,1352,N,M,02A,2,A2,2024-03-11-Map2,,TRUE,1295868.374,106.2761852,150.0453421,4740611.661,12328018.87,18364498.9,27.77382552,72.22617448,0.384539618,7.056377531,7.592105131
Image_1532(1),1532,1310,L/H,M,05C,5,A5,A5,2024-03-11-Map2,ROI_1,Image_1532(1),1532,1310,L/H,M,05C,5,A5,2024-03-11-Map2,,TRUE,1349856.613,111.6707185,147.7131726,6618772.959,14938681.85,22907311.42,30.70294253,69.29705747,0.443062716,5.892688968,6.261669687
Image_1551(2),1551,1554,Naïve,M,04B,4,A4,A4,2024-03-11-Map2,ROI_1,Image_1551(2),1551,1554,N,M,04B,4,A4,2024-03-11-Map2,,TRUE,1982230.137,110.2637637,114.2832461,6875123.86,27822507.08,36679861.08,19.81438984,80.18561016,0.247106554,5.404137526,5.712868813
Image_1592(2),1592,1310,L/H,M,04C,4,A4,A4,2024-03-11-Map2,ROI_1,Image_1592(2),1592,1310,L/H,M,04C,4,A4,2024-03-11-Map2,,TRUE,518731.6076,128.5088292,219.0895123,14870869.05,15409868.3,30799468.96,49.1099965,50.8900035,0.965022462,1.68422257,1.713074558
Image_1667(1_3) (Image 1),1667,1310,L/H,M,01D,1,A1,A1,2024-03-11-Map2,ROI_1,Image_1667(1_3) (Image 1),1667,1310,L/H,M,01D,1,A1,2024-03-11-Map2,,TRUE,678057.9896,113.9626709,144.147641,2432309.126,4575254.048,7685621.164,34.70977093,65.29022907,0.531622747,8.822422744,9.676088145
Image_1667(1_3) (Image 2),1667,1310,L/H,M,01D,1,A1,A1,2024-03-11-Map2,ROI_1,Image_1667(1_3) (Image 2),1667,1310,L/H,M,01D,1,A1,2024-03-11-Map2,,TRUE,405211.9034,130.072648,195.5031887,5014260.328,6507204.684,11926676.91,43.52103073,56.47896927,0.770570555,3.397525618,3.517017178
Image_1696(1_3) (Image 1),1696,1351,N,F,02B,2,A2,A2,2024-03-11-Map2,ROI_1,Image_1696(1_3) (Image 1),1696,1351,N,F,02B,2,A2,2024-03-11-Map2,,TRUE,1453108.514,117.0905674,138.1665635,5158225.093,18400989.15,25012322.76,21.89472467,78.10527533,0.280323251,5.809570458,6.16789889
Image_1696(1_3) (Image 2),1696,1351,N,F,02B,2,A2,A2,2024-03-11-Map2,ROI_1,Image_1696(1_3) (Image 2),1696,1351,N,F,02B,2,A2,2024-03-11-Map2,,TRUE,4853380.233,110.5060384,123.7377776,7839396.868,21974266.64,34667043.74,26.29464462,73.70535538,0.356753515,13.99998301,16.27904679
Image_1702(1_2),1702,1310,L/H,M,03D,3,A3,A3,2024-03-11-Map2,ROI_1,Image_1702(1_2),1702,1310,L/H,M,03D,3,A3,2024-03-11-Map2,,TRUE,667219.9811,143.7384039,183.7673947,15552112.84,12559280.66,28778613.48,55.32316583,44.67683417,1.238296465,2.318457703,2.373485972
Image_1776(2_3),1776,1352,N,M,01A,1,A1,A1,2024-03-11-Map2,ROI_1,Image_1776(2_3),1776,1352,N,M,01A,1,A1,2024-03-11-Map2,,TRUE,259484.4417,96.40725835,165.8423616,1846963.801,4551963.278,6658411.521,28.86364821,71.13635179,0.405751033,3.897092285,4.055124218
Image_1827(1_3) (Image 1),1827,1351,N,F,03B,3,A3,A3,2024-03-11-Map2,ROI_1,Image_1827(1_3) (Image 1),1827,1351,N,F,03B,3,A3,2024-03-11-Map2,,TRUE,1222710.239,97.46079063,159.4717148,9373034.458,32281466.16,42877210.86,22.50185291,77.49814709,0.290353431,2.85165526,2.935361655
Image_1827(1_3) (Image 2),1827,1351,N,F,03B,3,A3,A3,2024-03-11-Map2,ROI_1,Image_1827(1_3) (Image 2),1827,1351,N,F,03B,3,A3,2024-03-11-Map2,,TRUE,1749673.6,114.3862319,154.0080936,18501613.58,30690012.99,50941300.17,37.61130678,62.38869322,0.602854537,3.434685794,3.556852501
Image_1899(2),1899,1310,L/H,M,02D,2,A2,A2,2024-03-11-Map2,ROI_1,Image_1899(2),1899,1310,L/H,M,02D,2,A2,2024-03-11-Map2,,TRUE,617380.758,136.3537189,160.8128888,10868510.48,9550813.601,21036704.84,53.2265928,46.7734072,1.137966977,2.93477882,3.023512216
Image_1915(2),1915,1554,Naïve,M,05B,5,A5,A5,2024-03-11-Map2,ROI_1,Image_1915(2),1915,1554,N,M,05B,5,A5,2024-03-11-Map2,,TRUE,1243795.512,113.9654662,143.5751049,7285211.714,20796249.01,29325256.24,25.9431366,74.0568634,0.350313737,4.24137986,4.429240786
Image_1986(1_2),1986,1554,Naïve,M,02M,2,A2,A2,2024-03-11-Map2,ROI_1,Image_1986(1_2),1986,1554,N,M,02M,2,A2,2024-03-11-Map2,,TRUE,1629347.846,115.3027906,116.7697082,6137456.566,14472860.83,22239665.24,29.77856405,70.22143595,0.424066578,7.32631462,7.90549614
Image_2098(2_3),2098,1351,N,F,04P,4,A4,A4,2024-03-11-Map2,ROI_1,Image_2098(2_3),2098,1351,N,F,04P,4,A4,2024-03-11-Map2,,TRUE,347662.8722,121.8800049,196.4632983,3518814.866,5011314.7,8877792.438,41.25159928,58.74840072,0.702173996,3.916095973,4.075704472
Image_2205(1),2205,1351,N,F,05B,5,A5,A5,2024-03-11-Map2,ROI_1,Image_2205(1),2205,1351,N,F,05B,5,A5,2024-03-11-Map2,,TRUE,1360838.008,99.4497453,181.9368167,14364567.75,34417814.6,50143220.36,29.44622025,70.55377975,0.417358508,2.713902295,2.789609573
Image_2222(3_5) (Image 1),2222,1351,N,F,01B,1,A1,A1,2024-03-11-Map2,ROI_1,Image_2222(3_5) (Image 1),2222,1351,N,F,01B,1,A1,2024-03-11-Map2,,TRUE,925037.8924,104.4076766,135.2618447,3019349.256,11851047.84,15795434.99,20.30442924,79.69557076,0.254774877,5.856362253,6.22066705
Image_2222(3_5) (Image 2),2222,1351,N,F,01B,1,A1,A1,2024-03-11-Map2,ROI_1,Image_2222(3_5) (Image 2),2222,1351,N,F,01B,1,A1,2024-03-11-Map2,,TRUE,1036640.786,164.2605027,140.5003081,16190815.51,3412546.99,20640003.29,82.59203242,17.40796758,4.744495991,5.022483628,5.288076399
Image_2397(3),2397,1352,N,M,01D,1,A1,A1,2024-03-11-Map2,ROI_1,Image_2397(3),2397,1352,N,M,01D,1,A1,2024-03-11-Map2,,TRUE,1804902.741,112.766488,107.5520936,1840826.38,14234842.59,17880571.71,11.4510095,88.5489905,0.129318352,10.09421158,11.22754359
Image_2449(1_2),2449,1554,Naïve,M,03B,3,A3,A3,2024-03-11-Map2,ROI_1,Image_2449(1_2),2449,1554,N,M,03B,3,A3,2024-03-11-Map2,,TRUE,727307.8792,129.5447235,130.2250777,12134921.16,18171241.99,31033471.04,40.04110023,59.95889977,0.667809122,2.343624012,2.399867893
Image_2479,2479,08.24.20.,DBX,NA,01D,1,A1,A1,2024-03-11-Map2,ROI_1,Image_2479,2479,08.24.20.,RV 10,NA,01D,1,A1,2024-03-11-Map2,,TRUE,0,NA,NA,0,0,0,,,,,
Image_2509(2_3),2509,05.21.012.,L/N,NA,05C,5,A5,A5,2024-03-11-Map2,ROI_1,Image_2509(2_3),2509,05.21.012.,L/N,NA,05C,5,A5,2024-03-11-Map2,,TRUE,1689932.486,119.7950016,125.0494529,10182427.3,17389065.93,29261425.71,36.93099687,63.06900313,0.585564937,5.775291002,6.129274437
Image_2575(1),2575,1352,N,M,04A,4,A4,A4,2024-03-11-Map2,ROI_1,Image_2575(1),2575,1352,N,M,04A,4,A4,2024-03-11-Map2,,TRUE,4122606.866,107.3794067,130.7264616,11515896.24,28530156.3,44168659.4,28.7566327,71.2433673,0.403639437,9.333783099,10.29466478
Image_2835(1),2835,1352,N,M,05A,5,A5,A5,2024-03-11-Map2,ROI_1,Image_2835(1),2835,1352,N,M,05A,5,A5,2024-03-11-Map2,,TRUE,3623509.695,104.488307,136.0514807,11183796.36,37067446.87,51874752.92,23.17825533,76.82174467,0.301714774,6.9851122,7.509671156
Image_2877(1),2877,1352,N,M,03A,3,A3,A3,2024-03-11-Map2,ROI_1,Image_2877(1),2877,1352,N,M,03A,3,A3,2024-03-11-Map2,,TRUE,1942625.342,92.22603962,133.3178942,4658216.546,28937856.39,35538698.28,13.86536026,86.13463974,0.160973103,5.466225371,5.782298859
Image_2979(1_2),2979,1315,L/H,F,05E,5,A5,A5,2024-03-11-Map2,ROI_1,Image_2979(1_2),2979,1315,L/H,F,05E,5,A5,2024-03-11-Map2,,TRUE,1153699.398,148.7970699,186.0464595,13113406.58,10681849.91,24948955.88,55.10933065,44.89066935,1.227634416,4.624239201,4.848442793
Image_3279,3279,1221,L/H,M,α05,5,A1-3,A1,2024-03-11-Map2,ROI_1,Image_3279,3279,1221,L/H,M,α05,5,A1-3,2024-03-11-Map2,,TRUE,2178311.218,115.801758,146.4338598,3188521.112,5351493.844,10718326.17,37.3362474,62.6637526,0.595818888,20.32324062,25.50711246
Image_3680,3680,1893,N,F,α05,5,A1-3,A1,2024-03-11-Map2,ROI_1,Image_3680,3680,1893,N,F,α05,5,A1-3,2024-03-11-Map2,,TRUE,1241972.645,102.0844131,174.2862948,14256658.66,25744683.42,41243314.73,35.64045084,64.35954916,0.553770984,3.011330814,3.104827439
Image_3850,3850,1221,L/H,M,β02,2,A4-5,A4,2024-03-11-Map2,ROI_1,Image_3850,3850,1221,L/H,M,β02,2,A4-5,2024-03-11-Map2,,TRUE,3352725.993,209.3257802,206.5215221,25920934.41,673053.216,29946713.62,,,,,
Image_4111(3),4111,1221,L/H,M,01A,1,A1,A1,2024-03-11-Map2,ROI_1,Image_4111(3),4111,1221,L/H,M,01A,1,A1,2024-03-11-Map2,,TRUE,2045321.35,118.1012089,153.9632649,4179774.48,5818723.232,12043819.06,41.80402497,58.19597503,0.718331894,16.9823321,20.45628663
Image_4202,4202,1893,N,F,β05,5,A4-5,A4,2024-03-11-Map2,ROI_1,Image_4202,4202,1893,N,F,β05,5,A4-5,2024-03-11-Map2,,TRUE,804773.5066,99.84425826,158.1973386,2287987.073,7960981.58,11053742.16,22.32407134,77.67592866,0.287400122,7.280552549,7.852238931
Image_4242(1_2),4242,1886,N,M,β03,3,A4-5,A4,2024-03-11-Map2,ROI_1,Image_4242(1_2),4242,1886,RV 10,M,β03,3,A4-5,2024-03-11-Map2,,TRUE,1283633.695,123.6668588,182.8189693,16939358.02,21175156.91,39398148.62,44.44332572,55.55667428,0.799963754,3.258106637,3.367834269
1821.03O_-_,3055,1821,S/H,M,03O,3,A3,A3,2024-04-01-Map2,ROI_2,1821.03O_-_,3055,1821,S/H,M,03O,3,A3,2024-04-01-Map2,,TRUE,6382569.709,102.837442,126.5731812,2888433.113,29393307.4,38664310.22,8.947575525,91.05242447,0.098268394,16.50765182,19.77145472
Image_4532(2_3),4532,1221,L/H,M,03A,3,A3,A3,2024-03-11-Map2,ROI_1,Image_4532(2_3),4532,1221,L/H,M,03A,3,A3,2024-03-11-Map2,,TRUE,2838239.036,111.8950402,156.8742066,9723433.381,13761375.32,26323047.73,41.4030768,58.5969232,0.706574246,10.78233442,12.0854254
Image_4616(2),4616,1221,L/H,M,05A,5,A5,A5,2024-03-11-Map2,ROI_1,Image_4616(2),4616,1221,L/H,M,05A,5,A5,2024-03-11-Map2,,TRUE,2447306.357,110.2338254,138.9032272,6734490.547,11985605.43,21167402.34,35.97465822,64.02534178,0.561881549,11.56167544,13.07315069
Image_4833(2),4833,1221,L/H,M,04A,4,A4,A4,2024-03-11-Map2,ROI_1,Image_4833(2),4833,1221,L/H,M,04A,4,A4,2024-03-11-Map2,,TRUE,3263258.463,150.2259829,167.4239876,15838083.53,7033181.245,26134523.24,69.24883117,30.75116883,2.251908913,12.48638987,14.26794056
Image_4913(2_3),4913,1221,L/H,M,02A,2,A2,A2,2024-03-11-Map2,ROI_1,Image_4913(2_3),4913,1221,L/H,M,02A,2,A2,2024-03-11-Map2,,TRUE,3200136.486,115.7752942,158.1106894,7535312.796,9894525.505,20629974.79,43.23225876,56.76774124,0.761563836,15.51207172,18.36010427
1821.03P_-_,3368,1821,S/H,M,03P,3,A3,A3,2024-04-01-Map2,ROI_3,1821.03P_-_,3368,1821,S/H,M,03P,3,A3,2024-04-01-Map2,,TRUE,4075058.089,110.9223238,129.2240357,2920766.093,29008286.22,36004110.4,9.147675491,90.85232451,0.100687303,11.3183135,12.76285325
4253_-_,4253,1912,S/H,F,α03,3,A1-3,A1,2024-04-01-Map2,ROI_1,4253_-_,4253,1912,S/H,F,α03,3,A1-3,2024-04-01-Map2,,TRUE,1302859.927,97.37836214,129.475183,974001.5777,9023287.779,11300149.28,9.742656664,90.25734334,0.107943091,11.52958155,13.03213182
1821.03P_-_,3368,1821,S/H,M,03P,3,A3,A3,2024-04-01-Map2,ROI_1,1821.03P_-_,3368,1821,S/H,M,03P,3,A3,2024-04-01-Map2,,TRUE,4784240.356,113.908631,129.8240519,3995128.667,33795962.28,42575331.3,10.57161507,89.42838493,0.118213195,11.23711833,12.65970428
4253_-_,4253,1912,S/H,F,α03,3,A1-3,A3,2024-03-11-Map2,ROI_3,4253_-_,4253,1912,S/H,F,α03,3,A1-3,2024-03-11-Map2,,TRUE,3646093.612,98.2980428,125.8457145,3831893.517,29154722.8,36632709.93,11.6165098,88.3834902,0.131433029,9.953109172,11.05325135
3023_-_,3023,1912,S/H,F,β03,3,A4-5,A4,2024-04-01-Map2,ROI_1,3023_-_,3023,1912,S/H,F,β03,3,A4-5,2024-04-01-Map2,,TRUE,3959533.749,102.5293545,136.2275152,5211716.235,36365468.39,45536718.37,12.53503882,87.46496118,0.143314976,8.69525493,9.523333013
4253_-_,4253,1912,S/H,F,α03,3,A1-3,A2,2024-03-11-Map2,ROI_2,4253_-_,4253,1912,S/H,F,α03,3,A1-3,2024-03-11-Map2,,TRUE,3050292.253,91.14562009,128.9241134,3256544.259,22280462.9,28587299.41,12.75225495,87.24774505,0.146161427,10.67009587,11.94459568
3023_-_,3023,1912,S/H,F,β03,3,A4-5,A5,2024-03-11-Map2,ROI_2,3023_-_,3023,1912,S/H,F,β03,3,A4-5,2024-03-11-Map2,,TRUE,3379998.054,91.36324761,133.8721396,4891747.205,30364782.55,38636527.8,13.87472686,86.12527314,0.161099366,8.748193087,9.58687108
3023_-_,3023,1912,S/H,F,β03,3,A4-5,A5,2024-04-01-Map2,ROI_3,3023_-_,3023,1912,S/H,F,β03,3,A4-5,2024-04-01-Map2,,TRUE,3067577.624,102.9194861,136.8192719,4235601.942,26055232.76,33358412.33,13.98311398,86.01688602,0.16256243,9.195814218,10.12708185
1821.03O_-_,3055,1821,S/H,M,03O,3,A3,A3,2024-04-01-Map2,ROI_3,1821.03O_-_,3055,1821,S/H,M,03O,3,A3,2024-04-01-Map2,,TRUE,7822164.029,99.51268956,136.2283335,4696222.851,23329695.68,35848082.56,16.75671342,83.24328658,0.201298076,21.82031359,27.91046445
1821.03O_-_,3055,1821,S/H,M,03O,3,A3,A3,2024-03-11-Map2,ROI_1,1821.03O_-_,3055,1821,S/H,M,03O,3,A3,2024-03-11-Map2,,TRUE,12359535.82,100.1291974,124.9963154,5463634.912,26102960.48,43926131.21,17.30828062,82.69171938,0.209310929,28.1370917,39.15384497
3023_-_,3023,1912,S/H,F,β03,3,A4-5,A5,2024-03-11-Map2,ROI_3,3023_-_,3023,1912,S/H,F,β03,3,A4-5,2024-03-11-Map2,,TRUE,3504949.867,99.94034484,132.1577091,5744927.557,24108534.9,33358412.33,19.24375628,80.75624372,0.238294346,10.50694449,11.74051376
Image_7354(1_2_3),7354,1960,S/H,F,α01,1,A1-3,A3,2024-03-11-Map2,ROI_3,Image_7354(1_2_3),7354,1960,S/H,F,α01,1,A1-3,2024-03-11-Map2,,TRUE,2424409.302,100.5446994,131.9364438,5914170.734,24807250.18,33145830.22,19.25096743,80.74903257,0.23840493,7.314371931,7.891592347
Image_7614,7614,1958,S/H,F,β01,1,A4-5,A4,2024-03-11-Map2,ROI_1,Image_7614,7614,1958,S/H,F,β01,1,A4-5,2024-03-11-Map2,,TRUE,1761003.552,89.44742229,151.9864383,7514832.222,30548167.91,39824003.68,19.74314215,80.25685785,0.245999441,4.42196512,4.626549526
Image_7354(1_2_3),7354,1960,S/H,F,α01,1,A1-3,A2,2024-03-11-Map2,ROI_2,Image_7354(1_2_3),7354,1960,S/H,F,α01,1,A1-3,2024-03-11-Map2,,TRUE,1043892.169,89.04725087,148.8584808,4492886.205,17779263.45,23316041.83,20.1726653,79.8273347,0.252703731,4.477141432,4.68698435
4253_-_,4253,1912,S/H,F,α03,3,A1-3,A1,2024-03-11-Map2,ROI_1,4253_-_,4253,1912,S/H,F,α03,3,A1-3,2024-03-11-Map2,,TRUE,1740432.951,91.92833142,136.8927771,1977389.507,7582326.826,11300149.28,20.68460442,79.31539558,0.260789274,15.40185805,18.20590581
Image_7243,7243,1958,S/H,F,α01,1,A1-3,A1,2024-03-11-Map2,ROI_1,Image_7243,7243,1958,S/H,F,α01,1,A1-3,2024-03-11-Map2,,TRUE,964991.6381,97.62179518,155.3616763,2274118.412,8342399.122,11581509.17,21.42056851,78.57943149,0.272597652,8.332175228,9.089530867
Image_4380,4380,1964,S/H,M,α01,1,A1-3,A3,2024-03-11-Map2,ROI_3,Image_4380,4380,1964,S/H,M,α01,1,A1-3,2024-03-11-Map2,,TRUE,3618591.814,103.4318071,142.5495434,6104824.772,22039560.89,31762977.48,21.69109265,78.30890735,0.276993938,11.39248301,12.85724214
Image_5261,5261,1957,S/H,M,β02,2,A4-5,A4,2024-03-11-Map2,ROI_1,Image_5261,5261,1957,S/H,M,β02,2,A4-5,2024-03-11-Map2,,TRUE,3648134.81,103.5179531,142.7630755,7391139.328,25857767.7,36897041.84,22.22972118,77.77027882,0.28583826,9.887336838,10.97219469
1821.05P_-_,4052,1821,S/H,M,05P,5,A5,A5,2024-04-01-Map2,ROI_2,1821.05P_-_,4052,1821,S/H,M,05P,5,A5,2024-04-01-Map2,,TRUE,7395753.979,121.4948942,129.887107,6850099.582,23375775.38,37621628.94,22.66303156,77.33696844,0.293042668,19.65825029,24.46828748
Image_5861,5861,1963,S/H,F,β01,1,A4-5,A5,2024-03-11-Map2,ROI_3,Image_5861,5861,1963,S/H,F,β01,1,A4-5,2024-03-11-Map2,,TRUE,1965172.331,104.5413963,153.4419248,6302041.688,21148029,29415243.02,22.9581984,77.0418016,0.297996645,6.680795837,7.159079309
Image_5252,5252,1961,S/H,M,β08,8,A4-5,A5,2024-03-11-Map2,ROI_2,Image_5252,5252,1961,S/H,M,β08,8,A4-5,2024-03-11-Map2,,TRUE,2016740.076,104.3255589,155.4871244,6741731.759,22563841.36,31322313.19,23.00494767,76.99505233,0.298784753,6.438669021,6.881762961
1949_40x-1-3,1949,1798,L/H,M,α02,2,A1-3,A1,2024-04-01-Map2,ROI_1,1949_40x-1-3,1949,1798,L/H,M,α02,2,A1-3,2024-04-01-Map2,,TRUE,163748.8349,116.143111,198.1364674,2982376.384,5084126.38,8230251.599,36.97235929,63.02764071,0.586605478,1.989596951,2.029985481
2162_40x-1,2162,1798,L/H,M,β02,2,A4-5,A4,2024-04-01-Map2,ROI_1,2162_40x-1,2162,1798,L/H,M,β02,2,A4-5,2024-04-01-Map2,,TRUE,965155.1292,108.0523138,158.9124967,7802694.394,24980199.9,33748049.42,23.80111507,76.19888493,0.312355162,2.859884188,2.94408151
2162_40x-2,2162,1798,L/H,M,β02,2,A4-5,A4,2024-04-01-Map2,ROI_1,2162_40x-2,2162,1798,L/H,M,β02,2,A4-5,2024-04-01-Map2,,TRUE,784335.9297,79.60240369,161.0904385,3344980.887,28656066.79,32785383.61,10.45272305,89.54727695,0.116728542,2.392334154,2.450969536
2162_40x-3,2162,1798,L/H,M,β02,2,A4-5,A4,2024-04-01-Map2,ROI_1,2162_40x-3,2162,1798,L/H,M,β02,2,A4-5,2024-04-01-Map2,,TRUE,636824.9842,78.6717296,160.4821536,3249616.774,25707079.06,29593520.82,11.2223328,88.7776672,0.126409413,2.151906791,2.199232218
3290_40x-1-4,3290,1921,N,M,β01,1,A4-5,A4,2024-04-01-Map2,ROI_1,3290_40x-1-4,3290,1921,RV 10,M,β01,1,A4-5,2024-04-01-Map2,,TRUE,2539654.248,154.5472004,142.2231776,30526544.6,6918294.904,39984493.76,81.52403644,18.47596356,4.412437606,6.351597855,6.782387857
3663_40x-1,3663,1889,N,F,α03,3,A1-3,A1,2024-04-01-Map2,ROI_1,3663_40x-1,3663,1889,N,F,α03,3,A1-3,2024-04-01-Map2,,TRUE,997882.1322,132.9219791,174.8943919,4250902.391,5891717.888,11140502.41,41.91128401,58.08871599,0.721504741,8.957245333,9.8385043
3663_40x-2,3663,1889,N,F,α03,3,A1-3,A1,2024-04-01-Map2,ROI_1,3663_40x-2,3663,1889,N,F,α03,3,A1-3,2024-04-01-Map2,,TRUE,905249.1684,86.89853469,176.6148587,4396246.462,19392393.95,24693889.58,18.48044439,81.51955561,0.226699523,3.665883276,3.80538422
3663_40x-3,3663,1889,N,F,α03,3,A1-3,A1,2024-04-01-Map2,ROI_1,3663_40x-3,3663,1889,N,F,α03,3,A1-3,2024-04-01-Map2,,TRUE,2004032.193,87.96475945,164.4337599,6509900.396,29441693.41,37955626,18.10740417,81.89259583,0.221111616,5.279934503,5.574251322
4460_40x-1-3,4460,1921,N,M,α01,1,A1-3,A1,2024-04-01-Map2,ROI_1,4460_40x-1-3,4460,1921,RV 10,M,α01,1,A1-3,2024-04-01-Map2,,TRUE,574269.2352,151.720872,199.89266,4907895.276,5149758.471,10631922.98,48.79761621,51.20238379,0.95303407,5.401367526,5.70977337
1919-01-A_40X_4,4049,1919,N,F,01A,1,A1,A1,2024-04-01-Map2,ROI_1,1919-01-A_40X_4,4049,1919,RV 10,F,01A,1,A1,2024-04-01-Map2,,TRUE,1717135.129,105.5096882,141.0785618,3479081.484,11260362.1,16456578.71,23.60388616,76.39611384,0.308967105,10.43433851,11.64993183
1919-03-A_40x-2,4961,1919,N,F,03A,3,A3,A3,2024-04-01-Map2,ROI_1,1919-03-A_40x-2,4961,1919,RV 10,F,03A,3,A3,2024-04-01-Map2,,TRUE,4376267.41,120.6464909,129.1072624,6177591.115,21578152.23,32132010.75,22.25698313,77.74301687,0.286289162,13.61965002,15.76706974
1919-03-A_40x-3,4961,1919,N,F,03A,3,A3,A3,2024-04-01-Map2,ROI_1,1919-03-A_40x-3,4961,1919,RV 10,F,03A,3,A3,2024-04-01-Map2,,TRUE,3668298.418,121.1649277,134.8286415,8335312.02,18119112.61,30122723.05,31.50819622,68.49180378,0.460028711,12.17784465,13.86648347
1919-04-A_40x-1,3545,1919,N,F,04A,4,A4,A4,2024-04-01-Map2,ROI_1,1919-04-A_40x-1,3545,1919,RV 10,F,04A,4,A4,2024-04-01-Map2,,TRUE,3641826.767,125.9927057,135.0269992,4849653.645,24556966.83,33048447.24,16.49170686,83.50829314,0.197485857,11.01966074,12.38437708
1919-04-A_40x-2,3545,1919,N,F,04A,4,A4,A4,2024-04-01-Map2,ROI_1,1919-04-A_40x-2,3545,1919,RV 10,F,04A,4,A4,2024-04-01-Map2,,TRUE,4432341.174,122.8652113,133.1071951,5893791.433,27957167.3,38283299.91,17.41100298,82.58899702,0.210815043,11.57774065,13.09369465
1919-05-A-40x-1,4546,1919,N,F,05A,5,A5,A5,2024-04-01-Map2,ROI_1,1919-05-A-40x-1,4546,1919,RV 10,F,05A,5,A5,2024-04-01-Map2,,TRUE,5281753.46,129.7988026,142.1250228,13738329.8,14435658.9,33455742.16,48.76245941,51.23754059,0.951693989,15.78728529,18.7469141
1919-05-A-40x-3,4546,1919,N,F,05A,5,A5,A5,2024-04-01-Map2,ROI_1,1919-05-A-40x-3,4546,1919,RV 10,F,05A,5,A5,2024-04-01-Map2,,TRUE,4810888.744,115.4294991,134.534628,8173119.709,17848075.91,30832084.37,31.40947029,68.59052971,0.457927216,15.60351446,18.48834624
1923-Beta-1-40x-1,3266,1923,N,M,β01,1,A4-5,A4,2024-04-01-Map2,ROI_1,1923-Beta-1-40x-1,3266,1923,RV 10,M,β01,1,A4-5,2024-04-01-Map2,,TRUE,5536202.934,118.8564075,139.3268083,7383680.869,24687271.75,37607155.55,23.02295462,76.97704538,0.299088573,14.72114243,17.26235887
1923-Beta-1-40x-2,3266,1923,N,M,β01,1,A4-5,A4,2024-04-01-Map2,ROI_1,1923-Beta-1-40x-2,3266,1923,RV 10,M,β01,1,A4-5,2024-04-01-Map2,,TRUE,3964281.646,118.3567507,134.727571,6460057.021,21844923.7,32269262.37,22.82303982,77.17696018,0.295723487,12.28500856,14.00559741
1029(3_4)_-_,1029,1312,L/H,M,01A,1,A1,A1,2024-04-01-Map2,ROI_1,1029(3_4)_-_,1029,1312,L/H,M,01A,1,A1,2024-04-01-Map2,,TRUE,839626.1991,95.64397871,156.7794007,1598889.7,7951241.012,10389756.91,16.74207137,83.25792863,0.201086811,8.081288199,8.79177704
1043(2)_-_,1043,1798,L/H,M,03A,3,A3,A3,2024-04-01-Map2,ROI_1,1043(2)_-_,1043,1798,L/H,M,03A,3,A3,2024-04-01-Map2,,TRUE,1199341.199,121.0095534,121.1412492,8518564.768,22015466.09,31733372.06,27.89859225,72.10140775,0.386935472,3.779431939,3.927883627
1125(2)_-_,1125,1797,L/H,M,04A,4,A4,A4,2024-04-01-Map2,ROI_1,1125(2)_-_,1125,1797,L/H,M,04A,4,A4,2024-04-01-Map2,,TRUE,1241845.422,102.1041754,134.5150214,7373371.005,25747228.53,34362444.95,22.26219063,77.73780937,0.286375328,3.613961183,3.749465407
1142(2)_-_,1142,1797,L/H,M,05A,5,A5,A5,2024-04-01-Map2,ROI_1,1142(2)_-_,1142,1797,L/H,M,05A,5,A5,2024-04-01-Map2,,TRUE,1238387.348,105.2286533,131.4977453,5104878.147,25651468.61,31994734.1,16.59780399,83.40219601,0.199009196,3.870597406,4.026444877
1252(2)_-_,1252,1828,L/H,M,02A,2,A2,A2,2024-04-01-Map2,ROI_1,1252(2)_-_,1252,1828,L/H,M,02A,2,A2,2024-04-01-Map2,,TRUE,617639.2874,96.00918844,140.4089854,3498684.456,16267920.94,20384244.68,17.69997623,82.30002377,0.215066478,3.029983681,3.124660381
1262(2)_-_,1262,1315,L/H,F,03Q,3,A3,A3,2024-04-01-Map2,ROI_1,1262(2)_-_,1262,1315,L/H,F,03Q,3,A3,2024-04-01-Map2,,TRUE,1730956.684,125.7639177,118.951913,11911760.18,19722070.77,33364787.63,37.65513004,62.34486996,0.603981211,5.187974529,5.471852862
1366(1_3)_-_ (Image 1),1366,1798,L/H,M,02A,2,A2,A2,2024-04-01-Map2,ROI_1,1366(1_3)_-_ (Image 1),1366,1798,L/H,M,02A,2,A2,2024-04-01-Map2,,TRUE,548067.2212,112.4586126,128.9569248,4219932.429,12320708.93,17088708.58,25.51250787,74.48749213,0.342507274,3.20718923,3.313458102
1366(1_3)_-_ (Image 2),1366,1798,L/H,M,02A,2,A2,A2,2024-04-01-Map2,ROI_1,1366(1_3)_-_ (Image 2),1366,1798,L/H,M,02A,2,A2,2024-04-01-Map2,,TRUE,765826.349,121.9715683,135.16165,8773746.246,15564157.42,25103730.01,36.0497205,63.9502795,0.563714823,3.050647648,3.146640564
1461(3)_-_,1461,1798,L/H,M,01A,1,A1,A1,2024-04-01-Map2,ROI_1,1461(3)_-_,1461,1798,L/H,M,01A,1,A1,2024-04-01-Map2,,TRUE,586842.2477,102.8595792,129.5976102,2375690.345,10794684.99,13757217.58,18.03813699,81.96186301,0.220079636,4.265704488,4.455774668
1708(3)_-_,1708,1312,L/H,M,04A,4,A4,A4,2024-04-01-Map2,ROI_1,1708(3)_-_,1708,1312,L/H,M,04A,4,A4,2024-04-01-Map2,,TRUE,1721171.665,114.8559614,133.1451511,7230982.255,17007498.09,25959652.01,29.83265515,70.16734485,0.425164373,6.630180036,7.100988348
1768_-_,1768,1737,RV 10,M,β01,1,A4-5,A4,2024-04-01-Map2,ROI_1,1768_-_,1768,1737,RV 10,M,β01,1,A4-5,2024-04-01-Map2,,TRUE,4853732.526,105.2956602,138.1527747,3776732.868,35927049.4,44557514.79,9.512274782,90.48772522,0.105122267,10.89318502,12.22486184
Image_7354(1_2_3),7354,1960,S/H,F,α01,1,A1-3,A1,2024-03-11-Map2,ROI_1,Image_7354(1_2_3),7354,1960,S/H,F,α01,1,A1-3,2024-03-11-Map2,,TRUE,797941.7959,96.16758506,152.9535358,2290845.26,7307798.302,10396585.36,23.86634367,76.13365633,0.313479541,7.675037219,8.313068306
3023_-_,3023,1912,S/H,F,β03,3,A4-5,A4,2024-03-11-Map2,ROI_1,3023_-_,3023,1912,S/H,F,β03,3,A4-5,2024-03-11-Map2,,TRUE,5180209.233,96.69617955,135.0605122,10345054.93,30011454.21,45536718.37,25.63416696,74.36583304,0.344703554,11.37589492,12.83611825
Image_6254,6254,1957,S/H,M,α01,1,A1-3,A2,2024-03-11-Map2,ROI_2,Image_6254,6254,1957,S/H,M,α01,1,A1-3,2024-03-11-Map2,,TRUE,1432932.352,92.99144459,145.5238225,5926717.584,17041285.14,24400935.08,25.80423581,74.19576419,0.347785835,5.872448524,6.238820018
1840(2_3)_-_,1840,1797,L/H,M,02A,2,A2,A2,2024-04-01-Map2,ROI_1,1840(2_3)_-_,1840,1797,L/H,M,02A,2,A2,2024-04-01-Map2,,TRUE,462824.9037,104.1533651,142.9568616,4118096.006,13689131.75,18270052.66,23.12598044,76.87401956,0.300829598,2.533243403,2.59908454
1876(1)_-_,1876,1798,L/H,M,04A,4,A4,A4,2024-04-01-Map2,ROI_1,1876(1)_-_,1876,1798,L/H,M,04A,4,A4,2024-04-01-Map2,,TRUE,1779518.047,116.7261957,118.333871,5931849.611,28725400.3,36436767.96,17.11575392,82.88424608,0.206501895,4.883852621,5.134619889
1923(1)_-_,1923,1828,L/H,M,03A,3,A3,A3,2024-04-01-Map2,ROI_1,1923(1)_-_,1923,1828,L/H,M,03A,3,A3,2024-04-01-Map2,,TRUE,1507784.612,109.8029457,127.2861579,5897733.027,20721843.23,28127360.87,22.15562325,77.84437675,0.284614306,5.360561977,5.664194642
1940(1_2)_-_,1940,1798,L/H,M,05A,5,A5,A5,2024-04-01-Map2,ROI_1,1940(1_2)_-_,1940,1798,L/H,M,05A,5,A5,2024-04-01-Map2,,TRUE,3839310.736,123.9701235,115.4599016,14043400.79,18967272.86,36849984.39,42.54200001,57.45799999,0.740401685,10.41875811,11.63051314
2058(2_3)_-_,2058,1315,L/H,F,04D,4,A4,A4,2024-04-01-Map2,ROI_1,2058(2_3)_-_,2058,1315,L/H,F,04D,4,A4,2024-04-01-Map2,,TRUE,1367416.05,116.6270461,130.6429064,9472307.45,20525090.06,31364813.56,31.57709747,68.42290253,0.461498947,4.359713624,4.558448944
2129(3)_-_,2129,1797,L/H,M,01A,1,A1,A1,2024-04-01-Map2,ROI_1,2129(3)_-_,2129,1797,L/H,M,01A,1,A1,2024-04-01-Map2,,TRUE,308319.7649,98.68665689,142.8816358,2254973.306,8217285.443,10780578.51,21.53282649,78.46717351,0.274418276,2.859955656,2.944157248
2133(1_3)_-_ (Image 1),2133,1797,L/H,M,03A,3,A3,A3,2024-04-01-Map2,ROI_1,2133(1_3)_-_ (Image 1),2133,1797,L/H,M,03A,3,A3,2024-04-01-Map2,,TRUE,778686.3905,155.4111505,122.7814034,20564981.51,3708053.333,25051721.24,84.72356936,15.27643064,5.54603175,3.108314926,3.208030621
2133(1_3)_-_ (Image 2),2133,1797,L/H,M,03A,3,A3,A3,2024-04-01-Map2,ROI_1,2133(1_3)_-_ (Image 2),2133,1797,L/H,M,03A,3,A3,2024-04-01-Map2,,TRUE,614986.6132,117.620476,141.7398657,7570213.74,24049515.33,32234715.68,23.94142506,76.05857494,0.314776146,1.907839422,1.944945866
2162_-_,2162,1798,L/H,M,β02,2,A4-5,A4,2024-04-01-Map2,ROI_1,2162_-_,2162,1798,L/H,M,β02,2,A4-5,2024-04-01-Map2,,TRUE,1001686.976,105.5193164,152.5565245,6804813.182,26122603.77,33929103.93,20.66610081,79.33389919,0.260495211,2.952294225,3.042106149
2224(3_6)_-_ (Image 1),2224,1315,L/H,F,01E,1,A1,A1,2024-04-01-Map2,ROI_1,2224(3_6)_-_ (Image 1),2224,1315,L/H,F,01E,1,A1,2024-04-01-Map2,,TRUE,403355.144,105.4116565,145.4300545,2803406.275,6056861.9,9263623.318,31.64019666,68.35980334,0.462847977,4.354183349,4.552403337
2224(3_6)_-_ (Image 2),2224,1315,L/H,F,01E,1,A1,A1,2024-04-01-Map2,ROI_1,2224(3_6)_-_ (Image 2),2224,1315,L/H,F,01E,1,A1,2024-04-01-Map2,,TRUE,385975.5926,124.1710885,154.7568726,5782142.88,7414881.736,13583000.21,43.81398875,56.18601125,0.779802441,2.841607794,2.924716774
2260(1)_-_,2260,1315,L/H,F,02O,2,A2,A2,2024-04-01-Map2,ROI_1,2260(1)_-_,2260,1315,L/H,F,02O,2,A2,2024-04-01-Map2,,TRUE,1161377.549,130.8238149,127.3821789,9826220.16,9796299.054,20783896.76,50.07624176,49.92375824,1.003054328,5.587872007,5.918595551
2469(2)_-_,2469,1312,L/H,M,02A,2,A2,A2,2024-04-01-Map2,ROI_1,2469(2)_-_,2469,1312,L/H,M,02A,2,A2,2024-04-01-Map2,,TRUE,732742.3055,103.2673549,134.2702443,4201044.419,19905125.59,24838912.32,17.42725791,82.57274209,0.211053399,2.949977423,3.039646302
2709(1)_-_,2709,1312,L/H,M,05A,5,A5,A5,2024-04-01-Map2,ROI_1,2709(1)_-_,2709,1312,L/H,M,05A,5,A5,2024-04-01-Map2,,TRUE,2532564.338,115.1194435,123.7592209,7460364.002,19247294.33,29240222.67,27.9334261,72.0665739,0.387605856,8.661234788,9.482539826
2710(1_2)_-_,2710,1312,L/H,M,03A,3,A3,A3,2024-04-01-Map2,ROI_1,2710(1_2)_-_,2710,1312,L/H,M,03A,3,A3,2024-04-01-Map2,,TRUE,2109996.105,115.9541129,128.5424314,8256900.981,20313506.52,30680403.61,28.90018625,71.09981375,0.406473445,6.877341419,7.385250297
2755_-_,2755,1737,RV 10,M,α01,1,A1-3,A1,2024-04-01-Map2,ROI_1,2755_-_,2755,1737,RV 10,M,α01,1,A1-3,2024-04-01-Map2,,TRUE,3231461.731,102.2404585,151.1427457,1690102.166,9049934.806,13971498.7,15.73646506,84.26353494,0.186752966,23.1289556,30.08799449
2916(3)_-_,2916,1828,L/H,M,01A,1,A1,A1,2024-04-01-Map2,ROI_1,2916(3)_-_,2916,1828,L/H,M,01A,1,A1,2024-04-01-Map2,,TRUE,427731.7064,102.1295099,138.6643174,2118829.819,10163990.63,12710552.16,17.25035245,82.74964755,0.208464362,3.365170144,3.482357395
3004_-_,3004,1864,N,M,α04,4,A1-3,A1,2024-04-01-Map2,ROI_1,3004_-_,3004,1864,N,M,α04,4,A1-3,2024-04-01-Map2,,TRUE,1182460.383,107.4010616,133.0746489,1525908.485,7299433.335,10007802.2,17.290078,82.709922,0.209044787,11.81538523,13.39846555
Image_6007(2_3),6007,1956,S/H,M,β05,5,A4-5,A4,2024-03-11-Map2,ROI_1,Image_6007(2_3),6007,1956,S/H,M,β05,5,A4-5,2024-03-11-Map2,,TRUE,4895471.879,105.9081312,125.7745698,8564651.205,24361648.78,37821771.86,26.01158105,73.98841895,0.351562872,12.94352866,14.86796841
3048_-_,3048,1924,N,M,β03,3,A4-5,A4,2024-04-01-Map2,ROI_1,3048_-_,3048,1924,RV 10,M,β03,3,A4-5,2024-04-01-Map2,,TRUE,6907073.709,112.0052054,133.1276445,8176625.622,19965514.3,35049213.63,29.05474013,70.94525987,0.40953744,19.70678653,24.543527
3067_-_,3067,1886,N,M,α02,2,A1-3,A1,2024-04-01-Map2,ROI_1,3067_-_,3067,1886,RV 10,M,α02,2,A1-3,2024-04-01-Map2,,TRUE,708457.073,103.9595468,125.1861192,854588.3824,8509843.718,10072889.17,9.125896512,90.87410349,0.100423511,7.03330555,7.565403493
3070_-_,3070,1925,N,M,β04,4,A4-5,A4,2024-04-01-Map2,ROI_1,3070_-_,3070,1925,RV 10,M,β04,4,A4-5,2024-04-01-Map2,,TRUE,8154306.171,112.8889326,118.6318108,9075184.605,24220688.7,41450179.48,27.25618433,72.74381567,0.374687306,19.67254732,24.49044089
3074(2)_-_,3074,1832,L/H,F,04A,4,A4,A4,2024-04-01-Map2,ROI_1,3074(2)_-_,3074,1832,L/H,F,04A,4,A4,2024-04-01-Map2,,TRUE,1880094.311,108.8066603,126.434284,8720481.149,27370236.77,37970812.23,24.16267021,75.83732979,0.318611827,4.95141979,5.209356919
3118(2)_-_,3118,1830,L/H,M,04A,4,A4,A4,2024-04-01-Map2,ROI_1,3118(2)_-_,3118,1830,L/H,M,04A,4,A4,2024-04-01-Map2,,TRUE,3380528.825,113.1016043,123.8907901,5235513.026,32434417.48,41050459.33,13.8983878,86.1016122,0.161418439,8.235057245,8.974077679
3135_-_,3135,1922,N,M,β03,3,A4-5,A4,2024-04-01-Map2,ROI_1,3135_-_,3135,1922,RV 10,M,β03,3,A4-5,2024-04-01-Map2,,TRUE,7667399.325,120.2195975,131.1773383,7304151.885,26641553.97,41613105.18,21.51716013,78.48283987,0.274163883,18.42544384,22.58724375
3148_-_,3148,1921,N,M,α03,3,A1-3,A1,2024-04-01-Map2,ROI_1,3148_-_,3148,1921,RV 10,M,α03,3,A1-3,2024-04-01-Map2,,TRUE,1006124.991,105.1247093,135.7409887,2291620.226,7740740.232,11038485.45,22.84228359,77.15771641,0.296046652,9.114701429,10.02879626
3228_-_,3228,1926,N,M,β04,4,A4-5,A4,2024-04-01-Map2,ROI_1,3228_-_,3228,1926,RV 10,M,β04,4,A4-5,2024-04-01-Map2,,TRUE,8040486.599,113.5688337,127.1121487,11848503.74,22371238.88,42260229.22,34.62475996,65.37524004,0.529631095,19.02613106,23.49663084
3239_-_,3239,1886,N,M,β02,2,A4-5,A4,2024-04-01-Map2,ROI_1,3239_-_,3239,1886,RV 10,M,β02,2,A4-5,2024-04-01-Map2,,TRUE,2253012.671,100.7718739,138.0785039,6219334.476,30970201.57,39442548.71,16.72334516,83.27665484,0.200816726,5.71213764,6.058189779
3284_-_,3284,1915,RV 10,M,β03,3,A4-5,A4,2024-04-01-Map2,ROI_1,3284_-_,3284,1915,RV 10,M,β03,3,A4-5,2024-04-01-Map2,,TRUE,4365989.246,112.2620536,132.3686876,3748329.412,35488730.1,43603048.76,9.553033429,90.44696657,0.105620274,10.01303663,11.12720805
3297(2)_-_,3297,1828,L/H,M,04A,4,A4,A4,2024-04-01-Map2,ROI_1,3297(2)_-_,3297,1828,L/H,M,04A,4,A4,2024-04-01-Map2,,TRUE,1154369.525,101.2787642,133.5219855,5021230.524,27979787.94,34155387.98,15.21538049,84.78461951,0.179459206,3.379758197,3.497981514
3412_-_,3412,1888,N,M,β03,3,A4-5,A4,2024-04-01-Map2,ROI_1,3412_-_,3412,1888,RV 10,M,β03,3,A4-5,2024-04-01-Map2,,TRUE,2735940.697,105.4293558,124.746994,6737371.266,31509967.57,40983279.53,17.61526807,82.38473193,0.213817144,6.67574857,7.153283811
3432_-_,3432,1923,N,M,α03,3,A1-3,A1,2024-04-01-Map2,ROI_1,3432_-_,3432,1923,RV 10,M,α03,3,A1-3,2024-04-01-Map2,,TRUE,1851724.278,108.8463231,141.0273649,1967597.538,7746801.995,11566123.81,20.25444323,79.74555677,0.253988361,16.009895,19.06164423
3458_-_,3458,1887,N,M,β02,2,A4-5,A4,2024-04-01-Map2,ROI_1,3458_-_,3458,1887,RV 10,M,β02,2,A4-5,2024-04-01-Map2,,TRUE,1834452.198,98.06909999,136.7207505,4546707.262,37343448.01,43724607.47,10.85388018,89.14611982,0.121753815,4.195468648,4.379196463
3559_-_,3559,1918,N,F,β03,3,A4-5,A4,2024-04-01-Map2,ROI_1,3559_-_,3559,1918,RV 10,F,β03,3,A4-5,2024-04-01-Map2,,TRUE,4072887.152,119.1354154,123.5438834,9563630.013,20666833.79,34303350.95,31.63573697,68.36426303,0.462752549,11.87314661,13.47279082
3647(2)_-_,3647,1832,L/H,F,05A,5,A5,A5,2024-04-01-Map2,ROI_1,3647(2)_-_,3647,1832,L/H,F,05A,5,A5,2024-04-01-Map2,,TRUE,1220196.74,110.604165,121.1215738,6058479.914,26683922.85,33962599.51,18.50346768,81.49653232,0.227046074,3.592766036,3.726656069
3648_-_,3648,1887,N,M,α02,2,A1-3,A1,2024-04-01-Map2,ROI_1,3648_-_,3648,1887,RV 10,M,α02,2,A1-3,2024-04-01-Map2,,TRUE,1278028.378,107.3821918,132.8244515,731142.1239,8086633.093,10095803.59,8.291684761,91.70831524,0.090413664,12.65900596,14.49377363
3703_-_,3703,1886,N,M,β05,5,A4-5,A4,2024-04-01-Map2,ROI_1,3703_-_,3703,1886,RV 10,M,β05,5,A4-5,2024-04-01-Map2,,TRUE,2192853.563,138.4897831,61.54351604,27202275.97,80.81419643,29395210.34,,,,7.459900908,8.061263151
3734_-_,3734,1888,N,M,α03,3,A1-3,A1,2024-04-01-Map2,ROI_1,3734_-_,3734,1888,RV 10,M,α03,3,A1-3,2024-04-01-Map2,,TRUE,984341.3235,100.6655703,136.2929921,1169251.16,7306681.894,9460274.377,13.79495511,86.20504489,0.160024916,10.40499762,11.61336831
3825(2_3)_-_,3825,1832,L/H,F,01A,1,A1,A1,2024-04-01-Map2,ROI_1,3825(2_3)_-_,3825,1832,L/H,F,01A,1,A1,2024-04-01-Map2,,TRUE,469461.0316,89.10456103,143.5501899,1384257.035,8854449.516,10708167.58,13.51984284,86.48015716,0.156334624,4.384139752,4.585159555
3858(2)_-_,3858,1828,L/H,M,05A,5,A5,A5,2024-04-01-Map2,ROI_1,3858(2)_-_,3858,1828,L/H,M,05A,5,A5,2024-04-01-Map2,,TRUE,1723517.856,99.92771982,127.853812,3983242.006,21336776.56,27043536.42,15.73159196,84.26840804,0.186684338,6.373123061,6.806937569
3882_-_,3882,1919,N,F,α03,3,A1-3,A1,2024-04-01-Map2,ROI_1,3882_-_,3882,1919,RV 10,F,α03,3,A1-3,2024-04-01-Map2,,TRUE,1465023.518,110.3699194,131.2713349,1733471.405,7955905.583,11154400.51,17.89043204,82.10956796,0.217884864,13.13404084,15.11989387
3952_-_,3952,1921,N,M,β03,3,A4-5,A4,2024-04-01-Map2,ROI_1,3952_-_,3952,1921,RV 10,M,β03,3,A4-5,2024-04-01-Map2,,TRUE,4336751.755,117.1497893,119.9191563,12964285.21,21683396.95,38984433.92,37.41746751,62.58253249,0.597889955,11.12431635,12.51671536
3974_-_,3974,1889,N,F,α04,4,A1-3,A1,2024-04-01-Map2,ROI_1,3974_-_,3974,1889,N,F,α04,4,A1-3,2024-04-01-Map2,,TRUE,1168213.746,109.2112246,123.5571298,1131766.128,8210370.799,10510350.67,12.11463862,87.88536138,0.137845921,11.11488839,12.50478082
4045_-_,4045,1920,N,F,α05,5,A1-3,A1,2024-04-01-Map2,ROI_1,4045_-_,4045,1920,RV 10,F,α05,5,A1-3,2024-04-01-Map2,,TRUE,1351194.335,108.4727919,149.8118127,2247604.93,7981184.322,11579983.59,21.97332328,78.02667672,0.281612959,11.6683614,13.20971917
4153_-_,4153,1920,N,F,β03,3,A4-5,A4,2024-04-01-Map2,ROI_1,4153_-_,4153,1920,RV 10,F,β03,3,A4-5,2024-04-01-Map2,,TRUE,4288336.887,114.5518536,122.5091337,8110197.795,25590487.03,37989021.71,24.06537979,75.93462021,0.31692237,11.2883583,12.72477669
4156_-_,4156,1915,RV 10,M,α03,3,A1-3,A1,2024-04-01-Map2,ROI_1,4156_-_,4156,1915,RV 10,M,α03,3,A1-3,2024-04-01-Map2,,TRUE,1017856.66,96.27810004,130.373355,1910133.972,9795094.459,12723085.09,16.318639,83.681361,0.195009245,8.00007744,8.695743668
Image_6450,6450,1960,S/H,F,β01,1,A4-5,A4,2024-03-11-Map2,ROI_1,Image_6450,6450,1960,S/H,F,β01,1,A4-5,2024-03-11-Map2,,TRUE,2451526.8,106.3503887,161.1311415,9083734.227,25630073.22,37165334.25,26.16749615,73.83250385,0.354417022,6.596272708,7.062108654
4276_-_,4276,1926,N,M,α04,4,A1-3,A1,2024-04-01-Map2,ROI_1,4276_-_,4276,1926,RV 10,M,α04,4,A1-3,2024-04-01-Map2,,TRUE,1015019.668,105.5979527,135.8588859,593669.4109,7413774.373,9022463.451,7.413969139,92.58603086,0.080076541,11.2499172,12.67595122
4310(2_3)_-_,4310,1830,L/H,M,05A,5,A5,A5,2024-04-01-Map2,ROI_1,4310(2_3)_-_,4310,1830,L/H,M,05A,5,A5,2024-04-01-Map2,,TRUE,2366971.07,113.4674692,126.1008328,2854392.699,26363084.05,31584447.81,9.769470251,90.23052975,0.108272336,7.494103061,8.10121658
4330_-_,4330,1924,N,M,α03,3,A1-3,A1,2024-04-01-Map2,ROI_1,4330_-_,4330,1924,RV 10,M,α03,3,A1-3,2024-04-01-Map2,,TRUE,1402810.05,107.5622781,145.4609661,2146852.079,7493354.58,11043016.71,22.26977237,77.73022763,0.2865008,12.7031416,14.55165952
4397(2)_-_,4397,1832,L/H,F,02A,2,A2,A2,2024-04-01-Map2,ROI_1,4397(2)_-_,4397,1832,L/H,F,02A,2,A2,2024-04-01-Map2,,TRUE,774629.1391,102.7604365,128.2680517,1899686.316,18213663.44,20887978.89,9.44490271,90.55509729,0.104300067,3.708492541,3.851318396
4421_-_,4421,1923,N,M,β03,3,A4-5,A4,2024-04-01-Map2,ROI_1,4421_-_,4421,1923,RV 10,M,β03,3,A4-5,2024-04-01-Map2,,TRUE,7658472.157,113.1211009,130.9065675,7942472.691,20200587.02,35801531.86,28.22178105,71.77821895,0.393180291,21.391465,27.21264936
4481_-_,4481,1919,N,F,β03,3,A4-5,A4,2024-04-01-Map2,ROI_1,4481_-_,4481,1919,RV 10,F,β03,3,A4-5,2024-04-01-Map2,,TRUE,6850533.864,115.1727337,123.4343522,9323900.998,22673855.9,38848290.76,29.13923319,70.86076681,0.411218147,17.63406763,21.40941906
4691(2)_-_,4691,1830,L/H,M,02A,2,A2,A2,2024-04-01-Map2,ROI_1,4691(2)_-_,4691,1830,L/H,M,02A,2,A2,2024-04-01-Map2,,TRUE,1883961.135,116.8736745,126.0719917,3510454.067,15442643.47,20837058.67,18.52179603,81.47820397,0.227322095,9.0413967,9.940122619
4711_-_,4711,1864,N,M,β04,4,A4-5,A4,2024-04-01-Map2,ROI_1,4711_-_,4711,1864,N,M,β04,4,A4-5,2024-04-01-Map2,,TRUE,4662859.482,112.8258428,115.2126164,2636896.617,35784429.91,43084186.01,6.863106654,93.13689335,0.073688379,10.82267048,12.13612309
4740(1_2)_-_,4740,1832,L/H,F,03A,3,A3,A3,2024-04-01-Map2,ROI_1,4740(1_2)_-_,4740,1832,L/H,F,03A,3,A3,2024-04-01-Map2,,TRUE,1752389.947,107.9828209,123.8566773,5532078.34,22372025.47,29656493.76,19.82532167,80.17467833,0.247276598,5.908958629,6.28004382
4744_-_,4744,1918,N,F,α03,3,A1-3,A1,2024-04-01-Map2,ROI_1,4744_-_,4744,1918,RV 10,F,α03,3,A1-3,2024-04-01-Map2,,TRUE,1586890.385,104.3505504,140.0278621,2210184.559,9163200.8,12960275.74,19.43295236,80.56704764,0.24120224,12.24426406,13.95266524
4753_-_,4753,1892,N,M,α02,2,A1-3,A1,2024-04-01-Map2,ROI_1,4753_-_,4753,1892,RV 10,M,α02,2,A1-3,2024-04-01-Map2,,TRUE,1317137.605,102.5309004,137.0954383,1266242.337,8129555.836,10712935.78,13.47668727,86.52331273,0.155757874,12.29483339,14.01836843
4810_-_,4810,1922,N,M,α03,3,A1-3,A1,2024-04-01-Map2,ROI_1,4810_-_,4810,1922,RV 10,M,α03,3,A1-3,2024-04-01-Map2,,TRUE,1031099.337,102.9561151,134.6402741,1652876.553,9792637.218,12476613.11,14.44126132,85.55873868,0.168787684,8.264256717,9.00876411
4825_-_,4825,1889,N,F,β04,4,A4-5,A4,2024-04-01-Map2,ROI_1,4825_-_,4825,1889,N,F,β04,4,A4-5,2024-04-01-Map2,,TRUE,1919112.925,110.3959399,119.3946681,2639407.805,37954751.32,42513272.05,6.501939841,93.49806016,0.069540906,4.514150129,4.727559251
4878_-_,4878,1886,N,M,α05,5,A1-3,A1,2024-04-01-Map2,ROI_1,4878_-_,4878,1886,RV 10,M,α05,5,A1-3,2024-04-01-Map2,,TRUE,529181.5045,103.9090874,136.7537128,931343.4425,8231029.143,9691554.09,10.16487197,89.83512803,0.113150303,5.460233721,5.77559469
4899(3)_-_,4899,1830,L/H,M,03A,3,A3,A3,2024-04-01-Map2,ROI_1,4899(3)_-_,4899,1830,L/H,M,03A,3,A3,2024-04-01-Map2,,TRUE,3896872.425,112.5312587,124.6651024,7659855.015,23505592.8,35062320.24,24.5780361,75.4219639,0.325873722,11.11413163,12.50382298
4902_-_,4902,1925,N,M,α04,4,A1-3,A1,2024-04-01-Map2,ROI_1,4902_-_,4902,1925,RV 10,M,α04,4,A1-3,2024-04-01-Map2,,TRUE,1201569.317,101.440899,144.5767381,1813825.463,8185186.358,11200581.14,18.14004719,81.85995281,0.221598554,10.72774084,12.01688065
4919(3)_-_,4919,1830,L/H,M,01A,1,A1,A1,2024-04-01-Map2,ROI_1,4919(3)_-_,4919,1830,L/H,M,01A,1,A1,2024-04-01-Map2,,TRUE,995860.8556,96.20437152,131.4875711,1102736.799,11210798.99,13309396.65,8.955484575,91.04451542,0.098363801,7.482389186,8.087529628
4990_-_,4990,1892,N,M,β02,2,A4-5,A4,2024-04-01-Map2,ROI_1,4990_-_,4990,1892,RV 10,M,β02,2,A4-5,2024-04-01-Map2,,TRUE,1801765.14,103.4905899,133.2964947,5280791.003,35753332.16,42835888.3,12.86926732,87.13073268,0.147700667,4.206204684,4.390894702
_-__02,#VALUE!,#VALUE!,#VALUE!,#VALUE!,#VALUE!,#VALUE!,#VALUE!,#VALUE!,2024-04-01-Map2,ROI_1,_-__02,#VALUE!,#VALUE!,#VALUE!,#VALUE!,#VALUE!,#VALUE!,#VALUE!,2024-04-01-Map2,,TRUE,3661659.717,128.0997178,135.3633733,4814144.852,24573734.22,33049538.79,16.38139601,83.61860399,0.195906117,11.07930655,12.45976175
_-__03,#VALUE!,#VALUE!,#VALUE!,#VALUE!,#VALUE!,#VALUE!,#VALUE!,#VALUE!,2024-04-01-Map2,ROI_1,_-__03,#VALUE!,#VALUE!,#VALUE!,#VALUE!,#VALUE!,#VALUE!,#VALUE!,2024-04-01-Map2,,TRUE,4395272.575,119.1853664,128.2922308,5818415.683,21887045.18,32100733.44,21.00097057,78.99902943,0.265838337,13.69212508,15.86428248
_-__04,#VALUE!,#VALUE!,#VALUE!,#VALUE!,#VALUE!,#VALUE!,#VALUE!,#VALUE!,2024-04-01-Map2,ROI_1,_-__04,#VALUE!,#VALUE!,#VALUE!,#VALUE!,#VALUE!,#VALUE!,#VALUE!,2024-04-01-Map2,,TRUE,1753091.818,104.8739394,138.8565504,3407341.774,11280656.9,16441090.49,23.19813509,76.80186491,0.302051716,10.66286825,11.93553906
_-__05,#VALUE!,#VALUE!,#VALUE!,#VALUE!,#VALUE!,#VALUE!,#VALUE!,#VALUE!,2024-04-01-Map2,ROI_1,_-__05,#VALUE!,#VALUE!,#VALUE!,#VALUE!,#VALUE!,#VALUE!,#VALUE!,2024-04-01-Map2,,TRUE,2498318.319,152.2816302,141.3714488,29797341.32,7705954.421,40001614.06,79.45259405,20.54740595,3.86679439,6.24554378,6.66159672
_-__06,#VALUE!,#VALUE!,#VALUE!,#VALUE!,#VALUE!,#VALUE!,#VALUE!,#VALUE!,2024-04-01-Map2,ROI_1,_-__06,#VALUE!,#VALUE!,#VALUE!,#VALUE!,#VALUE!,#VALUE!,#VALUE!,2024-04-01-Map2,,TRUE,539250.4563,143.7637777,195.7933399,4677931.893,5396171.531,10613353.88,46.43521806,53.56478194,0.866898294,5.080867579,5.352838199
1949_40x-1-3,1949,1798,L/H,M,α02,2,A1-3,A2,2024-03-11-Map2,ROI_2,1949_40x-1-3,1949,1798,L/H,M,α02,2,A1-3,2024-03-11-Map2,,TRUE,235305.3812,193.4035243,224.9633765,12528742.57,3065566.52,15829614.47,80.3417612,19.6582388,4.086925691,1.48648839,1.508918285
2162_40x-1,2162,1798,L/H,M,β02,2,A4-5,A5,2024-03-11-Map2,ROI_2,2162_40x-1,2162,1798,L/H,M,β02,2,A4-5,2024-03-11-Map2,,TRUE,0,NA,NA,0,0,0,,,,,
2162_40x-2,2162,1798,L/H,M,β02,2,A4-5,A5,2024-03-11-Map2,ROI_2,2162_40x-2,2162,1798,L/H,M,β02,2,A4-5,2024-03-11-Map2,,TRUE,0,NA,NA,0,0,0,,,,,
2162_40x-3,2162,1798,L/H,M,β02,2,A4-5,A5,2024-03-11-Map2,ROI_2,2162_40x-3,2162,1798,L/H,M,β02,2,A4-5,2024-03-11-Map2,,TRUE,0,NA,NA,0,0,0,,,,,
3290_40x-1-4,3290,1921,N,M,β01,1,A4-5,A5,2024-03-11-Map2,ROI_2,3290_40x-1-4,3290,1921,RV 10,M,β01,1,A4-5,2024-03-11-Map2,,TRUE,3068217.438,193.1764462,187.8202688,26978303.03,4123526.265,34170046.73,86.74185294,13.25814706,6.542532119,8.979260293,9.865070666
3663_40x-1,3663,1889,N,F,α03,3,A1-3,A2,2024-03-11-Map2,ROI_2,3663_40x-1,3663,1889,N,F,α03,3,A1-3,2024-03-11-Map2,,TRUE,0,NA,NA,0,0,0,,,,,
3663_40x-2,3663,1889,N,F,α03,3,A1-3,A2,2024-03-11-Map2,ROI_2,3663_40x-2,3663,1889,N,F,α03,3,A1-3,2024-03-11-Map2,,TRUE,0,NA,NA,0,0,0,,,,,
3663_40x-3,3663,1889,N,F,α03,3,A1-3,A2,2024-03-11-Map2,ROI_2,3663_40x-3,3663,1889,N,F,α03,3,A1-3,2024-03-11-Map2,,TRUE,0,NA,NA,0,0,0,,,,,
4460_40x-1-3,4460,1921,N,M,α01,1,A1-3,A2,2024-03-11-Map2,ROI_2,4460_40x-1-3,4460,1921,RV 10,M,α01,1,A1-3,2024-03-11-Map2,,TRUE,1191016.738,126.3311417,182.6769618,10095413.88,12530389.76,23816820.38,44.61902897,55.38097103,0.80567437,5.000737794,5.263975401
1919-01-A_40X_4,4049,1919,N,F,01A,1,A1,A1,2024-03-11-Map2,ROI_2,1919-01-A_40X_4,4049,1919,RV 10,F,01A,1,A1,2024-03-11-Map2,,TRUE,0,NA,NA,0,0,0,,,,,
1919-03-A_40x-2,4961,1919,N,F,03A,3,A3,A3,2024-03-11-Map2,ROI_2,1919-03-A_40x-2,4961,1919,RV 10,F,03A,3,A3,2024-03-11-Map2,,TRUE,0,NA,NA,0,0,0,,,,,
1919-03-A_40x-3,4961,1919,N,F,03A,3,A3,A3,2024-03-11-Map2,ROI_2,1919-03-A_40x-3,4961,1919,RV 10,F,03A,3,A3,2024-03-11-Map2,,TRUE,0,NA,NA,0,0,0,,,,,
1919-04-A_40x-1,3545,1919,N,F,04A,4,A4,A4,2024-03-11-Map2,ROI_2,1919-04-A_40x-1,3545,1919,RV 10,F,04A,4,A4,2024-03-11-Map2,,TRUE,0,NA,NA,0,0,0,,,,,
1919-04-A_40x-2,3545,1919,N,F,04A,4,A4,A4,2024-03-11-Map2,ROI_2,1919-04-A_40x-2,3545,1919,RV 10,F,04A,4,A4,2024-03-11-Map2,,TRUE,0,NA,NA,0,0,0,,,,,
1919-05-A-40x-1,4546,1919,N,F,05A,5,A5,A5,2024-03-11-Map2,ROI_2,1919-05-A-40x-1,4546,1919,RV 10,F,05A,5,A5,2024-03-11-Map2,,TRUE,0,NA,NA,0,0,0,,,,,
1919-05-A-40x-3,4546,1919,N,F,05A,5,A5,A5,2024-03-11-Map2,ROI_2,1919-05-A-40x-3,4546,1919,RV 10,F,05A,5,A5,2024-03-11-Map2,,TRUE,0,NA,NA,0,0,0,,,,,
1923-Beta-1-40x-1,3266,1923,N,M,β01,1,A4-5,A5,2024-03-11-Map2,ROI_2,1923-Beta-1-40x-1,3266,1923,RV 10,M,β01,1,A4-5,2024-03-11-Map2,,TRUE,0,NA,NA,0,0,0,,,,,
1923-Beta-1-40x-2,3266,1923,N,M,β01,1,A4-5,A5,2024-03-11-Map2,ROI_2,1923-Beta-1-40x-2,3266,1923,RV 10,M,β01,1,A4-5,2024-03-11-Map2,,TRUE,0,NA,NA,0,0,0,,,,,
1029(3_4)_-_,1029,1312,L/H,M,01A,1,A1,A1,2024-03-11-Map2,ROI_2,1029(3_4)_-_,1029,1312,L/H,M,01A,1,A1,2024-03-11-Map2,,TRUE,519366.6739,116.1152555,149.5989098,4698739.349,6934209.826,12152315.85,40.39164341,59.60835659,0.677617128,4.273808222,4.464617407
1043(2)_-_,1043,1798,L/H,M,03A,3,A3,A3,2024-03-11-Map2,ROI_2,1043(2)_-_,1043,1798,L/H,M,03A,3,A3,2024-03-11-Map2,,TRUE,0,NA,NA,0,0,0,,,,,
1125(2)_-_,1125,1797,L/H,M,04A,4,A4,A4,2024-03-11-Map2,ROI_2,1125(2)_-_,1125,1797,L/H,M,04A,4,A4,2024-03-11-Map2,,TRUE,0,NA,NA,0,0,0,,,,,
1142(2)_-_,1142,1797,L/H,M,05A,5,A5,A5,2024-03-11-Map2,ROI_2,1142(2)_-_,1142,1797,L/H,M,05A,5,A5,2024-03-11-Map2,,TRUE,0,NA,NA,0,0,0,,,,,
1252(2)_-_,1252,1828,L/H,M,02A,2,A2,A2,2024-03-11-Map2,ROI_2,1252(2)_-_,1252,1828,L/H,M,02A,2,A2,2024-03-11-Map2,,TRUE,0,NA,NA,0,0,0,,,,,
1262(2)_-_,1262,1315,L/H,F,03Q,3,A3,A3,2024-03-11-Map2,ROI_2,1262(2)_-_,1262,1315,L/H,F,03Q,3,A3,2024-03-11-Map2,,TRUE,0,NA,NA,0,0,0,,,,,
1366(1_3)_-_ (Image 1),1366,1798,L/H,M,02A,2,A2,A2,2024-03-11-Map2,ROI_2,1366(1_3)_-_ (Image 1),1366,1798,L/H,M,02A,2,A2,2024-03-11-Map2,,TRUE,0,NA,NA,0,0,0,,,,,
1366(1_3)_-_ (Image 2),1366,1798,L/H,M,02A,2,A2,A2,2024-03-11-Map2,ROI_2,1366(1_3)_-_ (Image 2),1366,1798,L/H,M,02A,2,A2,2024-03-11-Map2,,TRUE,0,NA,NA,0,0,0,,,,,
1461(3)_-_,1461,1798,L/H,M,01A,1,A1,A1,2024-03-11-Map2,ROI_2,1461(3)_-_,1461,1798,L/H,M,01A,1,A1,2024-03-11-Map2,,TRUE,0,NA,NA,0,0,0,,,,,
1708(3)_-_,1708,1312,L/H,M,04A,4,A4,A4,2024-03-11-Map2,ROI_2,1708(3)_-_,1708,1312,L/H,M,04A,4,A4,2024-03-11-Map2,,TRUE,0,NA,NA,0,0,0,,,,,
1768_-_,1768,1737,RV 10,M,β01,1,A4-5,A5,2024-03-11-Map2,ROI_2,1768_-_,1768,1737,RV 10,M,β01,1,A4-5,2024-03-11-Map2,,TRUE,5331859.327,99.64349351,134.6801908,5390323.744,35909430.27,46631613.34,13.05170908,86.94829092,0.150108863,11.43400141,12.9101479
Image_5861,5861,1963,S/H,F,β01,1,A4-5,A4,2024-03-11-Map2,ROI_1,Image_5861,5861,1963,S/H,F,β01,1,A4-5,2024-03-11-Map2,,TRUE,2171303.907,91.12583505,154.1428225,9558640.966,26777334.87,38507279.74,26.3062729,73.6937271,0.3569676,5.638684222,5.975631195
1821.03P_-_,3368,1821,S/H,M,03P,3,A3,A3,2024-03-11-Map2,ROI_2,1821.03P_-_,3368,1821,S/H,M,03P,3,A3,2024-03-11-Map2,,TRUE,6235512.695,105.4760804,134.1083605,8510512.068,23649858.3,38395883.06,26.46273028,73.53726972,0.359854675,16.24005544,19.38880872
Image_5861,5861,1963,S/H,F,β01,1,A4-5,A5,2024-03-11-Map2,ROI_2,Image_5861,5861,1963,S/H,F,β01,1,A4-5,2024-03-11-Map2,,TRUE,1298167.848,107.2464937,164.9810351,5508072.868,15174644.83,21980885.55,26.63128196,73.36871804,0.362978701,5.905894215,6.27658254
1840(2_3)_-_,1840,1797,L/H,M,02A,2,A2,A2,2024-03-11-Map2,ROI_2,1840(2_3)_-_,1840,1797,L/H,M,02A,2,A2,2024-03-11-Map2,,TRUE,391931.4991,167.707916,190.2314969,16168556.53,5974695.081,22535183.11,73.01798676,26.98201324,2.706172667,1.7391982,1.76998169
1876(1)_-_,1876,1798,L/H,M,04A,4,A4,A4,2024-03-11-Map2,ROI_2,1876(1)_-_,1876,1798,L/H,M,04A,4,A4,2024-03-11-Map2,,TRUE,0,NA,NA,0,0,0,,,,,
1923(1)_-_,1923,1828,L/H,M,03A,3,A3,A3,2024-03-11-Map2,ROI_2,1923(1)_-_,1923,1828,L/H,M,03A,3,A3,2024-03-11-Map2,,TRUE,0,NA,NA,0,0,0,,,,,
1940(1_2)_-_,1940,1798,L/H,M,05A,5,A5,A5,2024-03-11-Map2,ROI_2,1940(1_2)_-_,1940,1798,L/H,M,05A,5,A5,2024-03-11-Map2,,TRUE,1066057.361,124.0137654,141.8916501,13271418.07,15204085.21,29541560.64,46.60643902,53.39356098,0.87288501,3.608669745,3.743770042
2058(2_3)_-_,2058,1315,L/H,F,04D,4,A4,A4,2024-03-11-Map2,ROI_2,2058(2_3)_-_,2058,1315,L/H,F,04D,4,A4,2024-03-11-Map2,,TRUE,743890.926,154.9770711,150.8588187,17891547,5840910.893,24476348.82,75.38851256,24.61148744,3.063143289,3.039223421,3.134487499
2129(3)_-_,2129,1797,L/H,M,01A,1,A1,A1,2024-03-11-Map2,ROI_2,2129(3)_-_,2129,1797,L/H,M,01A,1,A1,2024-03-11-Map2,,TRUE,0,NA,NA,0,0,0,,,,,
2133(1_3)_-_ (Image 1),2133,1797,L/H,M,03A,3,A3,A3,2024-03-11-Map2,ROI_2,2133(1_3)_-_ (Image 1),2133,1797,L/H,M,03A,3,A3,2024-03-11-Map2,,TRUE,0,NA,NA,0,0,0,,,,,
2133(1_3)_-_ (Image 2),2133,1797,L/H,M,03A,3,A3,A3,2024-03-11-Map2,ROI_2,2133(1_3)_-_ (Image 2),2133,1797,L/H,M,03A,3,A3,2024-03-11-Map2,,TRUE,0,NA,NA,0,0,0,,,,,
2162_-_,2162,1798,L/H,M,β02,2,A4-5,A5,2024-03-11-Map2,ROI_2,2162_-_,2162,1798,L/H,M,β02,2,A4-5,2024-03-11-Map2,,TRUE,1105486.746,102.919571,161.7907015,9870024.85,21803194.6,32778706.2,31.16205116,68.83794884,0.452687096,3.372575901,3.490288531
2224(3_6)_-_ (Image 1),2224,1315,L/H,F,01E,1,A1,A1,2024-03-11-Map2,ROI_2,2224(3_6)_-_ (Image 1),2224,1315,L/H,F,01E,1,A1,2024-03-11-Map2,,TRUE,0,NA,NA,0,0,0,,,,,
2224(3_6)_-_ (Image 2),2224,1315,L/H,F,01E,1,A1,A1,2024-03-11-Map2,ROI_2,2224(3_6)_-_ (Image 2),2224,1315,L/H,F,01E,1,A1,2024-03-11-Map2,,TRUE,0,NA,NA,0,0,0,,,,,
2260(1)_-_,2260,1315,L/H,F,02O,2,A2,A2,2024-03-11-Map2,ROI_2,2260(1)_-_,2260,1315,L/H,F,02O,2,A2,2024-03-11-Map2,,TRUE,0,NA,NA,0,0,0,,,,,
2469(2)_-_,2469,1312,L/H,M,02A,2,A2,A2,2024-03-11-Map2,ROI_2,2469(2)_-_,2469,1312,L/H,M,02A,2,A2,2024-03-11-Map2,,TRUE,0,NA,NA,0,0,0,,,,,
2709(1)_-_,2709,1312,L/H,M,05A,5,A5,A5,2024-03-11-Map2,ROI_2,2709(1)_-_,2709,1312,L/H,M,05A,5,A5,2024-03-11-Map2,,TRUE,0,NA,NA,0,0,0,,,,,
2710(1_2)_-_,2710,1312,L/H,M,03A,3,A3,A3,2024-03-11-Map2,ROI_2,2710(1_2)_-_,2710,1312,L/H,M,03A,3,A3,2024-03-11-Map2,,TRUE,1368256.655,151.567169,141.5094563,23738291.13,9258330.19,34364877.97,71.94158123,28.05841877,2.563992711,3.981555401,4.146656841
2755_-_,2755,1737,RV 10,M,α01,1,A1-3,A2,2024-03-11-Map2,ROI_2,2755_-_,2755,1737,RV 10,M,α01,1,A1-3,2024-03-11-Map2,,TRUE,4914982.275,84.67274976,146.4072089,3060434.044,20421993.58,28397409.9,13.03286906,86.96713094,0.14985971,17.3078541,20.93046917
2916(3)_-_,2916,1828,L/H,M,01A,1,A1,A1,2024-03-11-Map2,ROI_2,2916(3)_-_,2916,1828,L/H,M,01A,1,A1,2024-03-11-Map2,,TRUE,0,NA,NA,0,0,0,,,,,
3004_-_,3004,1864,N,M,α04,4,A1-3,A2,2024-03-11-Map2,ROI_2,3004_-_,3004,1864,N,M,α04,4,A1-3,2024-03-11-Map2,,TRUE,2092758.142,101.340536,119.3940017,2242310.583,21485381.64,25820450.36,9.450184038,90.54981596,0.104364475,8.105041209,8.819897539
1821.03O_-_,3055,1821,S/H,M,03O,3,A3,A3,2024-03-11-Map2,ROI_2,1821.03O_-_,3055,1821,S/H,M,03O,3,A3,2024-03-11-Map2,,TRUE,9525523.104,96.31207537,136.1642257,7975127.589,21163659.53,38664310.22,27.36945624,72.63054376,0.376831218,24.63647496,32.69018393
3048_-_,3048,1924,N,M,β03,3,A4-5,A5,2024-03-11-Map2,ROI_2,3048_-_,3048,1924,RV 10,M,β03,3,A4-5,2024-03-11-Map2,,TRUE,6782484.984,103.7976272,128.784245,8741741.28,18020450.06,33544676.32,32.66451977,67.33548023,0.485101163,20.21925899,25.34353371
3067_-_,3067,1886,N,M,α02,2,A1-3,A2,2024-03-11-Map2,ROI_2,3067_-_,3067,1886,RV 10,M,α02,2,A1-3,2024-03-11-Map2,,TRUE,1122583.309,96.26865975,127.9633643,2822519.761,19428571.88,23373674.95,12.68485972,87.31514028,0.145276749,4.802767692,5.045070719
3070_-_,3070,1925,N,M,β04,4,A4-5,A5,2024-03-11-Map2,ROI_2,3070_-_,3070,1925,RV 10,M,β04,4,A4-5,2024-03-11-Map2,,TRUE,6874474.316,100.7899371,129.2821374,9378836.461,17270871.06,33524181.83,35.19301837,64.80698163,0.543043627,20.50601667,25.79568392
3074(2)_-_,3074,1832,L/H,F,04A,4,A4,A4,2024-03-11-Map2,ROI_2,3074(2)_-_,3074,1832,L/H,F,04A,4,A4,2024-03-11-Map2,,TRUE,0,NA,NA,0,0,0,,,,,
3118(2)_-_,3118,1830,L/H,M,04A,4,A4,A4,2024-03-11-Map2,ROI_2,3118(2)_-_,3118,1830,L/H,M,04A,4,A4,2024-03-11-Map2,,TRUE,0,NA,NA,0,0,0,,,,,
3135_-_,3135,1922,N,M,β03,3,A4-5,A5,2024-03-11-Map2,ROI_2,3135_-_,3135,1922,RV 10,M,β03,3,A4-5,2024-03-11-Map2,,TRUE,8866546.579,104.2693396,123.741144,8192886.503,20006572.73,37066005.81,29.05334615,70.94665385,0.409509745,23.92096582,31.44225748
3412_-_,3412,1888,N,M,β03,3,A4-5,A5,2024-03-11-Map2,ROI_3,3412_-_,3412,1888,RV 10,M,β03,3,A4-5,2024-03-11-Map2,,TRUE,2303333.953,94.94327246,136.9736957,7120326.728,23487527.99,32911188.67,23.26307019,76.73692981,0.303153517,6.998634951,7.52530347
3228_-_,3228,1926,N,M,β04,4,A4-5,A5,2024-03-11-Map2,ROI_2,3228_-_,3228,1926,RV 10,M,β04,4,A4-5,2024-03-11-Map2,,TRUE,5030670.054,134.1037554,150.1594943,18479387.29,12715384.26,36225441.61,59.23873256,40.76126744,1.453309386,13.88711864,16.12664496
3412_-_,3412,1888,N,M,β03,3,A4-5,A5,2024-03-11-Map2,ROI_4,3412_-_,3412,1888,RV 10,M,β03,3,A4-5,2024-03-11-Map2,,TRUE,0,NA,NA,0,0,0,,,,,
3559_-_,3559,1918,N,F,β03,3,A4-5,A4,2024-03-11-Map2,ROI_1,3559_-_,3559,1918,RV 10,F,β03,3,A4-5,2024-03-11-Map2,,TRUE,4237431.973,123.9952479,141.7088547,15576336.01,14489582.97,34303350.95,,,,,
3297(2)_-_,3297,1828,L/H,M,04A,4,A4,A4,2024-03-11-Map2,ROI_2,3297(2)_-_,3297,1828,L/H,M,04A,4,A4,2024-03-11-Map2,,TRUE,0,NA,NA,0,0,0,,,,,
3559_-_,3559,1918,N,F,β03,3,A4-5,A5,2024-03-11-Map2,ROI_2,3559_-_,3559,1918,RV 10,F,β03,3,A4-5,2024-03-11-Map2,,TRUE,5586853.06,113.5477382,136.0052501,9771511.421,11500407.78,26858772.26,45.93620034,54.06379966,0.849666517,20.80085049,26.26398214
3432_-_,3432,1923,N,M,α03,3,A1-3,A2,2024-03-11-Map2,ROI_2,3432_-_,3432,1923,RV 10,M,α03,3,A1-3,2024-03-11-Map2,,TRUE,4856373.799,106.4916973,130.5404098,8589988.352,10661267.33,24107629.48,44.62040551,55.37959449,0.805719253,20.14455135,25.22627032
3458_-_,3458,1887,N,M,β02,2,A4-5,A5,2024-03-11-Map2,ROI_2,3458_-_,3458,1887,RV 10,M,β02,2,A4-5,2024-03-11-Map2,,TRUE,2908778.499,91.06491751,137.3042599,7288827.407,29574624.14,39772230.04,19.77250393,80.22749607,0.246455454,7.313591659,7.890684072
3559_-_,3559,1918,N,F,β03,3,A4-5,A5,2024-03-11-Map2,ROI_3,3559_-_,3559,1918,RV 10,F,β03,3,A4-5,2024-03-11-Map2,,TRUE,6275930.279,110.8006824,137.2175411,9589104.422,13156357.2,29021391.91,42.15831967,57.84168033,0.728857105,21.62518703,27.59201102
3647(2)_-_,3647,1832,L/H,F,05A,5,A5,A5,2024-03-11-Map2,ROI_2,3647(2)_-_,3647,1832,L/H,F,05A,5,A5,2024-03-11-Map2,,TRUE,0,NA,NA,0,0,0,,,,,
3648_-_,3648,1887,N,M,α02,2,A1-3,A2,2024-03-11-Map2,ROI_2,3648_-_,3648,1887,RV 10,M,α02,2,A1-3,2024-03-11-Map2,,TRUE,1199068.359,94.13552173,123.5851857,2917157.893,19751394.72,23867620.97,12.86874351,87.13125649,0.147693767,5.02382856,5.289567356
3559_-_,3559,1918,N,F,β03,3,A4-5,A5,2024-03-11-Map2,ROI_4,3559_-_,3559,1918,RV 10,F,β03,3,A4-5,2024-03-11-Map2,,TRUE,3572163.412,134.1495444,140.5755231,14715073.03,7060181.169,25347417.62,,,,,
3703_-_,3703,1886,N,M,β05,5,A4-5,A4,2024-03-11-Map2,ROI_1,3703_-_,3703,1886,RV 10,M,β05,5,A4-5,2024-03-11-Map2,,TRUE,1853744.276,133.8559677,66.2286589,27541404.75,61.31378708,29395210.34,,,,,
3825(2_3)_-_,3825,1832,L/H,F,01A,1,A1,A1,2024-03-11-Map2,ROI_2,3825(2_3)_-_,3825,1832,L/H,F,01A,1,A1,2024-03-11-Map2,,TRUE,576239.7848,130.1467092,144.1042298,6399240.004,5617670.402,12593150.19,53.25195735,46.74804265,1.139126995,4.575819204,4.795240751
3858(2)_-_,3858,1828,L/H,M,05A,5,A5,A5,2024-03-11-Map2,ROI_2,3858(2)_-_,3858,1828,L/H,M,05A,5,A5,2024-03-11-Map2,,TRUE,0,NA,NA,0,0,0,,,,,
3882_-_,3882,1919,N,F,α03,3,A1-3,A2,2024-03-11-Map2,ROI_2,3882_-_,3882,1919,RV 10,F,α03,3,A1-3,2024-03-11-Map2,,TRUE,3681781.704,122.0798077,132.7402278,9360697.559,8087439.283,21129918.55,53.64869409,46.35130591,1.157436517,17.42449549,21.10128856
3703_-_,3703,1886,N,M,β05,5,A4-5,A5,2024-03-11-Map2,ROI_2,3703_-_,3703,1886,RV 10,M,β05,5,A4-5,2024-03-11-Map2,,TRUE,1658215.846,140.2850516,60.40019869,29615658.01,686.9581704,31274560.81,,,,,
3974_-_,3974,1889,N,F,α04,4,A1-3,A2,2024-03-11-Map2,ROI_2,3974_-_,3974,1889,N,F,α04,4,A1-3,2024-03-11-Map2,,TRUE,1974283.668,101.9714295,120.5466952,2653641.381,21705012.81,26332937.86,10.89403938,89.10596062,0.122259379,7.497392348,8.105060536
3703_-_,3703,1886,N,M,β05,5,A4-5,A5,2024-03-11-Map2,ROI_3,3703_-_,3703,1886,RV 10,M,β05,5,A4-5,2024-03-11-Map2,,TRUE,2231755.323,143.7440692,56.29828663,30401442.53,52.4823517,32633250.33,,,,,
4153_-_,4153,1920,N,F,β03,3,A4-5,A5,2024-03-11-Map2,ROI_2,4153_-_,4153,1920,RV 10,F,β03,3,A4-5,2024-03-11-Map2,,TRUE,6678510.102,109.201833,122.8715077,8493430.75,19341316.4,34513257.25,30.51377009,69.48622991,0.439134058,19.35056449,23.99342831
4156_-_,4156,1915,RV 10,M,α03,3,A1-3,A2,2024-03-11-Map2,ROI_2,4156_-_,4156,1915,RV 10,M,α03,3,A1-3,2024-03-11-Map2,,TRUE,1784949.095,112.5520986,130.6926087,5596582.526,13743017.84,21124549.46,28.93846005,71.06153995,0.407230973,8.44964338,9.229503513
Image_6450,6450,1960,S/H,F,β01,1,A4-5,A5,2024-03-11-Map2,ROI_2,Image_6450,6450,1960,S/H,F,β01,1,A4-5,2024-03-11-Map2,,TRUE,2859483.32,98.38490921,137.4883378,8486239.928,22458460.77,33804184.01,27.42388757,72.57611243,0.377863827,8.458962711,9.240623616
4276_-_,4276,1926,N,M,α04,4,A1-3,A2,2024-03-11-Map2,ROI_2,4276_-_,4276,1926,RV 10,M,α04,4,A1-3,2024-03-11-Map2,,TRUE,4969368.871,104.6414866,125.6182589,3660320.762,17932460.94,26562150.57,16.95159434,83.04840566,0.204117035,18.70845833,23.01402821
4310(2_3)_-_,4310,1830,L/H,M,05A,5,A5,A5,2024-03-11-Map2,ROI_2,4310(2_3)_-_,4310,1830,L/H,M,05A,5,A5,2024-03-11-Map2,,TRUE,3439605.25,111.6604297,130.5322069,9311187.567,19693140.34,32443933.16,32.10275238,67.89724762,0.472813752,10.6016901,11.85893795
4330_-_,4330,1924,N,M,α03,3,A1-3,A2,2024-03-11-Map2,ROI_2,4330_-_,4330,1924,RV 10,M,α03,3,A1-3,2024-03-11-Map2,,TRUE,2642960.612,109.9419529,134.1631085,7897091.148,15233096.06,25773147.82,34.14192491,65.85807509,0.518416684,10.2547063,11.42645578
4397(2)_-_,4397,1832,L/H,F,02A,2,A2,A2,2024-03-11-Map2,ROI_2,4397(2)_-_,4397,1832,L/H,F,02A,2,A2,2024-03-11-Map2,,TRUE,0,NA,NA,0,0,0,,,,,
4421_-_,4421,1923,N,M,β03,3,A4-5,A5,2024-03-11-Map2,ROI_2,4421_-_,4421,1923,RV 10,M,β03,3,A4-5,2024-03-11-Map2,,TRUE,5396920.416,101.9406727,126.7328291,9387040.354,16876646.21,31660606.98,35.74151836,64.25848164,0.556214798,17.04616851,20.54898273
3703_-_,3703,1886,N,M,β05,5,A4-5,A5,2024-03-11-Map2,ROI_4,3703_-_,3703,1886,RV 10,M,β05,5,A4-5,2024-03-11-Map2,,TRUE,0,NA,NA,0,0,0,,,,,
4691(2)_-_,4691,1830,L/H,M,02A,2,A2,A2,2024-03-11-Map2,ROI_2,4691(2)_-_,4691,1830,L/H,M,02A,2,A2,2024-03-11-Map2,,TRUE,0,NA,NA,0,0,0,,,,,
4711_-_,4711,1864,N,M,β04,4,A4-5,A5,2024-03-11-Map2,ROI_2,4711_-_,4711,1864,N,M,β04,4,A4-5,2024-03-11-Map2,,TRUE,4775500.203,103.7064891,118.6890707,2506464.96,32159256.05,39441221.21,7.230384618,92.76961538,0.077939146,12.10789133,13.77585714
4740(1_2)_-_,4740,1832,L/H,F,03A,3,A3,A3,2024-03-11-Map2,ROI_2,4740(1_2)_-_,4740,1832,L/H,F,03A,3,A3,2024-03-11-Map2,,TRUE,2885476.815,132.6717529,135.9220385,16785839.69,12428568.8,32099885.3,57.45740051,42.54259949,1.350585089,8.989056466,9.876896246
3734_-_,3734,1888,N,M,α03,3,A1-3,A1,2024-03-11-Map2,ROI_1,3734_-_,3734,1888,RV 10,M,α03,3,A1-3,2024-03-11-Map2,,TRUE,1111819.103,97.73004249,135.5651841,1627345.495,6721109.779,9460274.377,19.49277372,80.50722628,0.242124522,11.75250377,13.31766257
3734_-_,3734,1888,N,M,α03,3,A1-3,A2,2024-03-11-Map2,ROI_2,3734_-_,3734,1888,RV 10,M,α03,3,A1-3,2024-03-11-Map2,,TRUE,2929118.218,99.51064895,135.9258103,2651884.003,16110081.54,21691083.76,14.13436133,85.86563867,0.164610216,13.50378916,15.61200084
4810_-_,4810,1922,N,M,α03,3,A1-3,A2,2024-03-11-Map2,ROI_2,4810_-_,4810,1922,RV 10,M,α03,3,A1-3,2024-03-11-Map2,,TRUE,3025747.271,109.7256721,134.5433527,8271379,16709013.43,28006139.7,33.11148543,66.88851457,0.495024978,10.80387123,12.11248894
4825_-_,4825,1889,N,F,β04,4,A4-5,A5,2024-03-11-Map2,ROI_2,4825_-_,4825,1889,N,F,β04,4,A4-5,2024-03-11-Map2,,TRUE,2791029.537,96.48494896,122.0192697,3877524.695,31127351.97,37795906.2,11.07709858,88.92290142,0.124569694,7.384475774,7.973259166
3734_-_,3734,1888,N,M,α03,3,A1-3,A3,2024-03-11-Map2,ROI_3,3734_-_,3734,1888,RV 10,M,α03,3,A1-3,2024-03-11-Map2,,TRUE,1636196.008,96.23032044,131.4279235,6900482.53,26975189.59,35511868.13,20.37002397,79.62997603,0.25580849,4.607462502,4.830003083
4899(3)_-_,4899,1830,L/H,M,03A,3,A3,A3,2024-03-11-Map2,ROI_2,4899(3)_-_,4899,1830,L/H,M,03A,3,A3,2024-03-11-Map2,,TRUE,0,NA,NA,0,0,0,,,,,
4902_-_,4902,1925,N,M,α04,4,A1-3,A2,2024-03-11-Map2,ROI_2,4902_-_,4902,1925,RV 10,M,α04,4,A1-3,2024-03-11-Map2,,TRUE,2835458.734,108.3159,138.1425936,5782486.556,13743674.53,22361619.82,29.61404718,70.38595282,0.420738031,12.68002388,14.52133229
4919(3)_-_,4919,1830,L/H,M,01A,1,A1,A1,2024-03-11-Map2,ROI_2,4919(3)_-_,4919,1830,L/H,M,01A,1,A1,2024-03-11-Map2,,TRUE,0,NA,NA,0,0,0,,,,,
3734_-_,3734,1888,N,M,α03,3,A1-3,A3,2024-03-11-Map2,ROI_4,3734_-_,3734,1888,RV 10,M,α03,3,A1-3,2024-03-11-Map2,,TRUE,0,NA,NA,0,0,0,,,,,
_-__02,0,#N/A,#N/A,#N/A,#N/A,4,A4,A4,2024-03-11-Map2,ROI_2,_-__02,0,#N/A,RV 10,#N/A,#N/A,#N/A,#N/A,2024-03-11-Map2,,TRUE,5679302.238,107.7536365,126.6517998,8648751.913,23953870.19,38281924.34,26.52778015,73.47221985,0.361058645,14.83546696,17.41977139
_-__03,0,#N/A,#N/A,#N/A,#N/A,3,A3,A3,2024-03-11-Map2,ROI_2,_-__03,0,#N/A,RV 10,#N/A,#N/A,#N/A,#N/A,2024-03-11-Map2,,TRUE,4476990.575,122.8576896,131.6652246,11841856.81,13784469.56,30103316.94,46.20973229,53.79026771,0.859072361,14.87208398,17.47027846
_-__04,0,#N/A,#N/A,#N/A,#N/A,2,A2,A2,2024-03-11-Map2,ROI_2,_-__04,0,#N/A,RV 10,#N/A,#N/A,#N/A,#N/A,2024-03-11-Map2,,TRUE,0,NA,NA,0,0,0,,,,,
_-__05,0,#N/A,#N/A,#N/A,#N/A,#N/A,#N/A,#N/A,2024-03-11-Map2,ROI_2,_-__05,0,#N/A,#N/A,#N/A,#N/A,#N/A,#N/A,2024-03-11-Map2,,TRUE,3282193.877,184.427977,182.9992481,25632034.45,4860903.501,33775131.83,84.05892044,15.94107956,5.273100865,9.717782579,10.76378367
_-__06,0,#N/A,#N/A,#N/A,#N/A,1,A1,A1,2024-03-11-Map2,ROI_2,_-__06,0,#N/A,RV 10,#N/A,#N/A,#N/A,#N/A,2024-03-11-Map2,,TRUE,1216339.345,120.7769387,168.6006231,9486695.945,13132093.19,23835128.48,41.94166136,58.05833864,0.722405469,5.103137355,5.377561715
Image_1218(1),1218,1351,N,F,04B,4,A4,A4,2024-03-11-Map2,ROI_2,Image_1218(1),1218,1351,N,F,04B,4,A4,2024-03-11-Map2,,TRUE,0,NA,NA,0,0,0,,,,,
Image_1386(1_2),1386,07.29.20.,DBX,NA,03A,3,A3,A3,2024-03-11-Map2,ROI_2,Image_1386(1_2),1386,07.29.20.,RV 10,NA,03A,3,A3,2024-03-11-Map2,,TRUE,3099910.683,123.2796382,133.5522663,13641545.8,20047832.25,36789288.73,40.49212717,59.50787283,0.680449918,8.426122902,9.201448239
Image_1408(1_2),1408,1352,N,M,02A,2,A2,A2,2024-03-11-Map2,ROI_2,Image_1408(1_2),1408,1352,N,M,02A,2,A2,2024-03-11-Map2,,TRUE,712173.9044,85.63953872,153.2602317,4448080.513,17881101.12,23041355.54,19.92048157,80.07951843,0.248758758,3.090850723,3.189431283
Image_1532(1),1532,1310,L/H,M,05C,5,A5,A5,2024-03-11-Map2,ROI_2,Image_1532(1),1532,1310,L/H,M,05C,5,A5,2024-03-11-Map2,,TRUE,0,NA,NA,0,0,0,,,,,
Image_1551(2),1551,1554,Naïve,M,04B,4,A4,A4,2024-03-11-Map2,ROI_2,Image_1551(2),1551,1554,N,M,04B,4,A4,2024-03-11-Map2,,TRUE,0,NA,NA,0,0,0,,,,,
Image_1592(2),1592,1310,L/H,M,04C,4,A4,A4,2024-03-11-Map2,ROI_2,Image_1592(2),1592,1310,L/H,M,04C,4,A4,2024-03-11-Map2,,TRUE,0,NA,NA,0,0,0,,,,,
Image_1667(1_3) (Image 1),1667,1310,L/H,M,01D,1,A1,A1,2024-03-11-Map2,ROI_2,Image_1667(1_3) (Image 1),1667,1310,L/H,M,01D,1,A1,2024-03-11-Map2,,TRUE,0,NA,NA,0,0,0,,,,,
Image_1667(1_3) (Image 2),1667,1310,L/H,M,01D,1,A1,A1,2024-03-11-Map2,ROI_2,Image_1667(1_3) (Image 2),1667,1310,L/H,M,01D,1,A1,2024-03-11-Map2,,TRUE,0,NA,NA,0,0,0,,,,,
Image_1696(1_3) (Image 1),1696,1351,N,F,02B,2,A2,A2,2024-03-11-Map2,ROI_2,Image_1696(1_3) (Image 1),1696,1351,N,F,02B,2,A2,2024-03-11-Map2,,TRUE,0,NA,NA,0,0,0,,,,,
Image_1696(1_3) (Image 2),1696,1351,N,F,02B,2,A2,A2,2024-03-11-Map2,ROI_2,Image_1696(1_3) (Image 2),1696,1351,N,F,02B,2,A2,2024-03-11-Map2,,TRUE,0,NA,NA,0,0,0,,,,,
Image_1702(1_2),1702,1310,L/H,M,03D,3,A3,A3,2024-03-11-Map2,ROI_2,Image_1702(1_2),1702,1310,L/H,M,03D,3,A3,2024-03-11-Map2,,TRUE,629202.6465,140.7263923,198.0891737,16498461.79,14185032.2,31312696.64,53.76982751,46.23017249,1.163089485,2.009416991,2.050622549
Image_1776(2_3),1776,1352,N,M,01A,1,A1,A1,2024-03-11-Map2,ROI_2,Image_1776(2_3),1776,1352,N,M,01A,1,A1,2024-03-11-Map2,,TRUE,380217.8712,105.4157232,185.5891718,4250665.763,10064595.52,14695479.15,29.6932461,70.3067539,0.422338459,2.587311835,2.656031656
Image_1827(1_3) (Image 1),1827,1351,N,F,03B,3,A3,A3,2024-03-11-Map2,ROI_2,Image_1827(1_3) (Image 1),1827,1351,N,F,03B,3,A3,2024-03-11-Map2,,TRUE,0,NA,NA,0,0,0,,,,,
Image_1827(1_3) (Image 2),1827,1351,N,F,03B,3,A3,A3,2024-03-11-Map2,ROI_2,Image_1827(1_3) (Image 2),1827,1351,N,F,03B,3,A3,2024-03-11-Map2,,TRUE,0,NA,NA,0,0,0,,,,,
Image_1899(2),1899,1310,L/H,M,02D,2,A2,A2,2024-03-11-Map2,ROI_2,Image_1899(2),1899,1310,L/H,M,02D,2,A2,2024-03-11-Map2,,TRUE,0,NA,NA,0,0,0,,,,,
Image_1915(2),1915,1554,Naïve,M,05B,5,A5,A5,2024-03-11-Map2,ROI_2,Image_1915(2),1915,1554,N,M,05B,5,A5,2024-03-11-Map2,,TRUE,0,NA,NA,0,0,0,,,,,
Image_1986(1_2),1986,1554,Naïve,M,02M,2,A2,A2,2024-03-11-Map2,ROI_2,Image_1986(1_2),1986,1554,N,M,02M,2,A2,2024-03-11-Map2,,TRUE,1225720.687,104.503707,125.6989465,6285817.004,18171681.03,25683218.73,25.70098133,74.29901867,0.345912797,4.772457455,5.011635634
Image_2098(2_3),2098,1351,N,F,04P,4,A4,A4,2024-03-11-Map2,ROI_2,Image_2098(2_3),2098,1351,N,F,04P,4,A4,2024-03-11-Map2,,TRUE,437812.7632,98.23944909,183.8807673,3664178.532,7682103.24,11784094.54,32.29409075,67.70590925,0.476975955,3.715285563,3.858645253
Image_2205(1),2205,1351,N,F,05B,5,A5,A5,2024-03-11-Map2,ROI_2,Image_2205(1),2205,1351,N,F,05B,5,A5,2024-03-11-Map2,,TRUE,0,NA,NA,0,0,0,,,,,
Image_2222(3_5) (Image 1),2222,1351,N,F,01B,1,A1,A1,2024-03-11-Map2,ROI_2,Image_2222(3_5) (Image 1),2222,1351,N,F,01B,1,A1,2024-03-11-Map2,,TRUE,0,NA,NA,0,0,0,,,,,
Image_2222(3_5) (Image 2),2222,1351,N,F,01B,1,A1,A1,2024-03-11-Map2,ROI_2,Image_2222(3_5) (Image 2),2222,1351,N,F,01B,1,A1,2024-03-11-Map2,,TRUE,0,NA,NA,0,0,0,,,,,
Image_2397(3),2397,1352,N,M,01D,1,A1,A1,2024-03-11-Map2,ROI_2,Image_2397(3),2397,1352,N,M,01D,1,A1,2024-03-11-Map2,,TRUE,0,NA,NA,0,0,0,,,,,
Image_2449(1_2),2449,1554,Naïve,M,03B,3,A3,A3,2024-03-11-Map2,ROI_2,Image_2449(1_2),2449,1554,N,M,03B,3,A3,2024-03-11-Map2,,TRUE,1321663.298,117.6658986,135.3547428,12459894.31,21457247.49,35238805.1,36.73627447,63.26372553,0.580684653,3.750590561,3.896741376
Image_2479,2479,08.24.20.,DBX,NA,01D,1,A1,A1,2024-03-11-Map2,ROI_2,Image_2479,2479,08.24.20.,RV 10,NA,01D,1,A1,2024-03-11-Map2,,TRUE,2018110.459,100.5563602,122.4859014,6893262.717,36521575.32,45432948.5,15.8776654,84.1223346,0.188744945,4.441953529,4.648434844
Image_2509(2_3),2509,05.21.012.,L/N,NA,05C,5,A5,A5,2024-03-11-Map2,ROI_2,Image_2509(2_3),2509,05.21.012.,L/N,NA,05C,5,A5,2024-03-11-Map2,,TRUE,2780982.907,121.4503448,123.4510322,9777245.206,17616786.78,30175014.89,35.69115058,64.30884942,0.554995944,9.216177414,10.15178382
Image_2575(1),2575,1352,N,M,04A,4,A4,A4,2024-03-11-Map2,ROI_2,Image_2575(1),2575,1352,N,M,04A,4,A4,2024-03-11-Map2,,TRUE,0,NA,NA,0,0,0,,,,,
Image_2835(1),2835,1352,N,M,05A,5,A5,A5,2024-03-11-Map2,ROI_2,Image_2835(1),2835,1352,N,M,05A,5,A5,2024-03-11-Map2,,TRUE,0,NA,NA,0,0,0,,,,,
Image_2877(1),2877,1352,N,M,03A,3,A3,A3,2024-03-11-Map2,ROI_2,Image_2877(1),2877,1352,N,M,03A,3,A3,2024-03-11-Map2,,TRUE,0,NA,NA,0,0,0,,,,,
Image_2979(1_2),2979,1315,L/H,F,05E,5,A5,A5,2024-03-11-Map2,ROI_2,Image_2979(1_2),2979,1315,L/H,F,05E,5,A5,2024-03-11-Map2,,TRUE,889663.8269,129.7795498,170.8442364,10545228.58,13070612.71,24505505.12,44.65319888,55.34680112,0.806789154,3.630465165,3.767233256
Image_3279,3279,1221,L/H,M,α05,5,A1-3,A2,2024-03-11-Map2,ROI_2,Image_3279,3279,1221,L/H,M,α05,5,A1-3,2024-03-11-Map2,,TRUE,3669828.499,105.4867082,140.7588681,4276923.089,13938334.52,21885086.1,23.47989351,76.52010649,0.306846064,16.76862719,20.14700302
Image_3680,3680,1893,N,F,α05,5,A1-3,A2,2024-03-11-Map2,ROI_2,Image_3680,3680,1893,N,F,α05,5,A1-3,2024-03-11-Map2,,TRUE,1956949.501,95.68599133,155.2930887,10662201.61,22207883.84,34827034.95,32.43740156,67.56259844,0.480108852,5.619052853,5.953588116
Image_3850,3850,1221,L/H,M,β02,2,A4-5,A5,2024-03-11-Map2,ROI_2,Image_3850,3850,1221,L/H,M,β02,2,A4-5,2024-03-11-Map2,,TRUE,2188285.538,213.05051,232.4685182,18567781.35,1714916.401,22470983.29,91.54492947,8.45507053,10.82722245,9.738272285,10.78892741
Image_4111(3),4111,1221,L/H,M,01A,1,A1,A1,2024-03-11-Map2,ROI_2,Image_4111(3),4111,1221,L/H,M,01A,1,A1,2024-03-11-Map2,,TRUE,0,NA,NA,0,0,0,,,,,
Image_4202,4202,1893,N,F,β05,5,A4-5,A5,2024-03-11-Map2,ROI_2,Image_4202,4202,1893,N,F,β05,5,A4-5,2024-03-11-Map2,,TRUE,879746.221,108.9923949,169.5713902,8489119.933,13969023.97,23337890.12,37.79973969,62.20026031,0.607710313,3.769604778,3.91727039
Image_4242(1_2),4242,1886,N,M,β03,3,A4-5,A5,2024-03-11-Map2,ROI_2,Image_4242(1_2),4242,1886,RV 10,M,β03,3,A4-5,2024-03-11-Map2,,TRUE,1463255.509,108.9244528,160.3061289,11653215.66,19603417.89,32719889.06,37.28237605,62.71762395,0.594448158,4.472067452,4.681423886
1821.05P_-_,4052,1821,S/H,M,05P,5,A5,A5,2024-04-01-Map2,ROI_3,1821.05P_-_,4052,1821,S/H,M,05P,5,A5,2024-04-01-Map2,,TRUE,8902628.941,120.975036,133.161966,7673839.298,20232156.34,36808624.58,27.49889091,72.50110909,0.379289245,24.18625809,31.9022086
Image_4532(2_3),4532,1221,L/H,M,03A,3,A3,A3,2024-03-11-Map2,ROI_2,Image_4532(2_3),4532,1221,L/H,M,03A,3,A3,2024-03-11-Map2,,TRUE,3478027.81,156.7287006,154.5018514,17615490.75,6586440.371,27679958.93,72.78547593,27.21452407,2.674508499,12.56514801,14.37086897
Image_4616(2),4616,1221,L/H,M,05A,5,A5,A5,2024-03-11-Map2,ROI_2,Image_4616(2),4616,1221,L/H,M,05A,5,A5,2024-03-11-Map2,,TRUE,0,NA,NA,0,0,0,,,,,
Image_4833(2),4833,1221,L/H,M,04A,4,A4,A4,2024-03-11-Map2,ROI_2,Image_4833(2),4833,1221,L/H,M,04A,4,A4,2024-03-11-Map2,,TRUE,0,NA,NA,0,0,0,,,,,
Image_4913(2_3),4913,1221,L/H,M,02A,2,A2,A2,2024-03-11-Map2,ROI_2,Image_4913(2_3),4913,1221,L/H,M,02A,2,A2,2024-03-11-Map2,,TRUE,3866185.298,145.0398109,130.0096924,17999849.66,2053794.568,23919829.53,89.75849704,10.24150296,8.764191874,16.1630972,19.27921555
Image_6837(1_2_3),6837,1963,S/H,F,α01,1,A1-3,A2,2024-03-11-Map2,ROI_2,Image_6837(1_2_3),6837,1963,S/H,F,α01,1,A1-3,2024-03-11-Map2,,TRUE,648275.083,98.60426987,159.0066286,2890362.161,7431537.313,10970174.56,28.00223126,71.99776874,0.388931932,5.909432703,6.28057931
Image_6254,6254,1957,S/H,M,α01,1,A1-3,A1,2024-03-11-Map2,ROI_1,Image_6254,6254,1957,S/H,M,α01,1,A1-3,2024-03-11-Map2,,TRUE,678529.8217,94.54040323,161.0088703,2981134.837,7578351.961,11238016.62,28.23181556,71.76818444,0.393375084,6.037807601,6.425784081
Image_5837,5837,1964,S/H,M,β03,3,A4-5,A5,2024-03-11-Map2,ROI_3,Image_5837,5837,1964,S/H,M,β03,3,A4-5,2024-03-11-Map2,,TRUE,3682811.42,99.49075094,131.9300692,7458176.1,18712856.56,29853844.08,28.49782887,71.50217113,0.398558931,12.33613805,14.07209057
Image_5837,5837,1964,S/H,M,β03,3,A4-5,A5,2024-03-11-Map2,ROI_2,Image_5837,5837,1964,S/H,M,β03,3,A4-5,2024-03-11-Map2,,TRUE,3588930.665,101.0866576,136.1657033,8084707.578,20206200.14,31879838.39,28.57705259,71.42294741,0.400110239,11.25768149,12.68580952
Image_6029,6029,1956,S/H,M,α01,1,A1-3,A2,2024-03-11-Map2,ROI_2,Image_6029,6029,1956,S/H,M,α01,1,A1-3,2024-03-11-Map2,,TRUE,837847.3748,105.3959772,182.0014024,5994512.514,14961049.21,21793409.1,28.60583072,71.39416928,0.400674607,3.844498908,3.998210049
1821.03P_-_,3368,1821,S/H,M,03P,3,A3,A3,2024-03-11-Map2,ROI_1,1821.03P_-_,3368,1821,S/H,M,03P,3,A3,2024-03-11-Map2,,TRUE,6882411.187,112.2041323,134.5398772,10242820.04,25450100.08,42575331.3,28.69706375,71.30293625,0.402466788,16.16525574,19.2822867
Image_5252,5252,1961,S/H,M,β08,8,A4-5,A4,2024-03-11-Map2,ROI_1,Image_5252,5252,1961,S/H,M,β08,8,A4-5,2024-03-11-Map2,,TRUE,549196.5706,144.2622185,208.9472271,2738997.837,6738486.089,10026680.5,28.90005257,71.09994743,0.406470801,5.477351857,5.794750745
Image_6007(2_3),6007,1956,S/H,M,β05,5,A4-5,A5,2024-03-11-Map2,ROI_2,Image_6007(2_3),6007,1956,S/H,M,β05,5,A4-5,2024-03-11-Map2,,TRUE,4873986.368,111.1281657,127.1970692,7583270.674,18413658.77,30870915.81,29.16987058,70.83012942,0.411828565,15.78827916,18.74831556
Image_6029,6029,1956,S/H,M,α01,1,A1-3,A1,2024-03-11-Map2,ROI_1,Image_6029,6029,1956,S/H,M,α01,1,A1-3,2024-03-11-Map2,,TRUE,442963.4659,113.8710494,188.9523129,2711141.77,6572448.334,9726553.57,29.20359193,70.79640807,0.41250104,4.554166722,4.771467298
Image_7614,7614,1958,S/H,F,β01,1,A4-5,A5,2024-03-11-Map2,ROI_2,Image_7614,7614,1958,S/H,F,β01,1,A4-5,2024-03-11-Map2,,TRUE,1785831.053,102.6991274,163.4950833,8776465.784,21235388.68,31797685.51,29.24333048,70.75666952,0.413294332,5.616229686,5.950418877
Image_7616(2_3),7616,1963,S/H,F,α02,2,A1-3,A2,2024-03-11-Map2,ROI_2,Image_7616(2_3),7616,1963,S/H,F,α02,2,A1-3,2024-03-11-Map2,,TRUE,2960219.68,104.3661179,122.3944391,8772618.245,20667714.66,32400552.59,29.79795872,70.20204128,0.424460004,9.136324672,10.05498032
Image_6129,6129,1961,S/H,M,α01,1,A1-3,A1,2024-03-11-Map2,ROI_1,Image_6129,6129,1961,S/H,M,α01,1,A1-3,2024-03-11-Map2,,TRUE,1431232.186,115.4734502,172.8731152,2761291.918,6099940.828,10292464.93,31.16148731,68.83851269,0.452675197,13.90563092,16.15161488
Image_5025,5025,1964,S/H,M,β01,1,A4-5,A5,2024-03-11-Map2,ROI_2,Image_5025,5025,1964,S/H,M,β01,1,A4-5,2024-03-11-Map2,,TRUE,1071233.417,92.18021775,187.6590785,7484446.296,16289278.57,24844958.28,31.4820094,68.5179906,0.459470704,4.311673237,4.505955306
1821.03P_-_,3368,1821,S/H,M,03P,3,A3,A3,2024-03-11-Map2,ROI_3,1821.03P_-_,3368,1821,S/H,M,03P,3,A3,2024-03-11-Map2,,TRUE,6114439.763,109.3935118,132.3080202,9501623.798,20388046.84,36004110.4,31.78898795,68.21101205,0.466038943,16.98261586,20.45669836
Image_7243,7243,1958,S/H,F,α01,1,A1-3,A3,2024-03-11-Map2,ROI_3,Image_7243,7243,1958,S/H,F,α01,1,A1-3,2024-03-11-Map2,,TRUE,2467818.353,104.7519212,145.3547004,9785921.762,20736874.46,32990614.57,32.06102642,67.93897358,0.471909196,7.480364901,8.085164726
Image_7616(2_3),7616,1963,S/H,F,α02,2,A1-3,A1,2024-03-11-Map2,ROI_1,Image_7616(2_3),7616,1963,S/H,F,α02,2,A1-3,2024-03-11-Map2,,TRUE,1420039.746,102.2391252,152.2710731,6163933.165,12974725.72,20558698.63,32.20671418,67.79328582,0.475072329,6.907245306,7.419745316
Image_5250,5250,1963,S/H,F,β02,2,A4-5,A5,2024-03-11-Map2,ROI_2,Image_5250,5250,1963,S/H,F,β02,2,A4-5,2024-03-11-Map2,,TRUE,2012187.553,105.7050956,154.7182722,5896374.07,12317134.72,20225696.34,32.37363068,67.62636932,0.478713126,9.948668858,11.04777545
Image_5250,5250,1963,S/H,F,β02,2,A4-5,A5,2024-03-11-Map2,ROI_3,Image_5250,5250,1963,S/H,F,β02,2,A4-5,2024-03-11-Map2,,TRUE,2713286.478,107.9700994,147.6268678,8053832.61,16726465.99,27493585.07,32.50095062,67.49904938,0.481502346,9.86879838,10.94936959
Image_6029,6029,1956,S/H,M,α01,1,A1-3,A3,2024-03-11-Map2,ROI_3,Image_6029,6029,1956,S/H,M,α01,1,A1-3,2024-03-11-Map2,,TRUE,1444712.404,100.3621076,169.2188836,10764677.08,22186238.96,34395628.45,32.66882496,67.33117504,0.485196121,4.200279132,4.384437756
Image_4380,4380,1964,S/H,M,α01,1,A1-3,A3,2024-03-11-Map2,ROI_4,Image_4380,4380,1964,S/H,M,α01,1,A1-3,2024-03-11-Map2,,TRUE,1547520.279,101.7713707,168.5309355,6764193.267,13453351.79,21765065.34,33.45704559,66.54295441,0.502788701,7.110110881,7.654343167
Image_6129,6129,1961,S/H,M,α01,1,A1-3,A2,2024-03-11-Map2,ROI_2,Image_6129,6129,1961,S/H,M,α01,1,A1-3,2024-03-11-Map2,,TRUE,1098271.62,106.0189438,184.7304333,7384315.162,14643503.78,23126090.56,33.52267959,66.47732041,0.504272425,4.749058719,4.985839147
1949_40x-1-3,1949,1798,L/H,M,α02,2,A1-3,A2,2024-04-01-Map2,ROI_2,1949_40x-1-3,1949,1798,L/H,M,α02,2,A1-3,2024-04-01-Map2,,TRUE,230893.4719,187.6982914,217.7640191,11058247.94,4540473.053,15829614.47,70.89201702,29.10798298,2.435483663,1.458617153,1.480207717
2162_40x-1,2162,1798,L/H,M,β02,2,A4-5,A5,2024-04-01-Map2,ROI_2,2162_40x-1,2162,1798,L/H,M,β02,2,A4-5,2024-04-01-Map2,,TRUE,0,NA,NA,0,0,0,#DIV/0!,#DIV/0!,#DIV/0!,#DIV/0!,#DIV/0!
2162_40x-2,2162,1798,L/H,M,β02,2,A4-5,A5,2024-04-01-Map2,ROI_2,2162_40x-2,2162,1798,L/H,M,β02,2,A4-5,2024-04-01-Map2,,TRUE,0,NA,NA,0,0,0,#DIV/0!,#DIV/0!,#DIV/0!,#DIV/0!,#DIV/0!
2162_40x-3,2162,1798,L/H,M,β02,2,A4-5,A5,2024-04-01-Map2,ROI_2,2162_40x-3,2162,1798,L/H,M,β02,2,A4-5,2024-04-01-Map2,,TRUE,0,NA,NA,0,0,0,#DIV/0!,#DIV/0!,#DIV/0!,#DIV/0!,#DIV/0!
3290_40x-1-4,3290,1921,N,M,β01,1,A4-5,A5,2024-04-01-Map2,ROI_2,3290_40x-1-4,3290,1921,RV 10,M,β01,1,A4-5,2024-04-01-Map2,,TRUE,3082466.279,186.4167265,186.204503,23390963.84,7696616.613,34170046.73,75.24214976,24.75785024,3.039122905,9.020960092,9.915426785
3663_40x-1,3663,1889,N,F,α03,3,A1-3,A2,2024-04-01-Map2,ROI_2,3663_40x-1,3663,1889,N,F,α03,3,A1-3,2024-04-01-Map2,,TRUE,0,NA,NA,0,0,0,#DIV/0!,#DIV/0!,#DIV/0!,#DIV/0!,#DIV/0!
3663_40x-2,3663,1889,N,F,α03,3,A1-3,A2,2024-04-01-Map2,ROI_2,3663_40x-2,3663,1889,N,F,α03,3,A1-3,2024-04-01-Map2,,TRUE,0,NA,NA,0,0,0,#DIV/0!,#DIV/0!,#DIV/0!,#DIV/0!,#DIV/0!
3663_40x-3,3663,1889,N,F,α03,3,A1-3,A2,2024-04-01-Map2,ROI_2,3663_40x-3,3663,1889,N,F,α03,3,A1-3,2024-04-01-Map2,,TRUE,0,NA,NA,0,0,0,#DIV/0!,#DIV/0!,#DIV/0!,#DIV/0!,#DIV/0!
4460_40x-1-3,4460,1921,N,M,α01,1,A1-3,A2,2024-04-01-Map2,ROI_2,4460_40x-1-3,4460,1921,RV 10,M,α01,1,A1-3,2024-04-01-Map2,,TRUE,909002.8968,96.77110921,166.8908084,4268967.262,18638850.23,23816820.38,18.63541677,81.36458323,0.229035976,3.816642534,3.968090358
1919-01-A_40X_4,4049,1919,N,F,01A,1,A1,A1,2024-04-01-Map2,ROI_2,1919-01-A_40X_4,4049,1919,RV 10,F,01A,1,A1,2024-04-01-Map2,,TRUE,0,NA,NA,0,0,0,#DIV/0!,#DIV/0!,#DIV/0!,#DIV/0!,#DIV/0!
1919-03-A_40x-2,4961,1919,N,F,03A,3,A3,A3,2024-04-01-Map2,ROI_2,1919-03-A_40x-2,4961,1919,RV 10,F,03A,3,A3,2024-04-01-Map2,,TRUE,0,NA,NA,0,0,0,#DIV/0!,#DIV/0!,#DIV/0!,#DIV/0!,#DIV/0!
1919-03-A_40x-3,4961,1919,N,F,03A,3,A3,A3,2024-04-01-Map2,ROI_2,1919-03-A_40x-3,4961,1919,RV 10,F,03A,3,A3,2024-04-01-Map2,,TRUE,0,NA,NA,0,0,0,#DIV/0!,#DIV/0!,#DIV/0!,#DIV/0!,#DIV/0!
1919-04-A_40x-1,3545,1919,N,F,04A,4,A4,A4,2024-04-01-Map2,ROI_2,1919-04-A_40x-1,3545,1919,RV 10,F,04A,4,A4,2024-04-01-Map2,,TRUE,0,NA,NA,0,0,0,#DIV/0!,#DIV/0!,#DIV/0!,#DIV/0!,#DIV/0!
1919-04-A_40x-2,3545,1919,N,F,04A,4,A4,A4,2024-04-01-Map2,ROI_2,1919-04-A_40x-2,3545,1919,RV 10,F,04A,4,A4,2024-04-01-Map2,,TRUE,0,NA,NA,0,0,0,#DIV/0!,#DIV/0!,#DIV/0!,#DIV/0!,#DIV/0!
1919-05-A-40x-1,4546,1919,N,F,05A,5,A5,A5,2024-04-01-Map2,ROI_2,1919-05-A-40x-1,4546,1919,RV 10,F,05A,5,A5,2024-04-01-Map2,,TRUE,0,NA,NA,0,0,0,#DIV/0!,#DIV/0!,#DIV/0!,#DIV/0!,#DIV/0!
1919-05-A-40x-3,4546,1919,N,F,05A,5,A5,A5,2024-04-01-Map2,ROI_2,1919-05-A-40x-3,4546,1919,RV 10,F,05A,5,A5,2024-04-01-Map2,,TRUE,0,NA,NA,0,0,0,#DIV/0!,#DIV/0!,#DIV/0!,#DIV/0!,#DIV/0!
1923-Beta-1-40x-1,3266,1923,N,M,β01,1,A4-5,A5,2024-04-01-Map2,ROI_2,1923-Beta-1-40x-1,3266,1923,RV 10,M,β01,1,A4-5,2024-04-01-Map2,,TRUE,0,NA,NA,0,0,0,#DIV/0!,#DIV/0!,#DIV/0!,#DIV/0!,#DIV/0!
1923-Beta-1-40x-2,3266,1923,N,M,β01,1,A4-5,A5,2024-04-01-Map2,ROI_2,1923-Beta-1-40x-2,3266,1923,RV 10,M,β01,1,A4-5,2024-04-01-Map2,,TRUE,0,NA,NA,0,0,0,#DIV/0!,#DIV/0!,#DIV/0!,#DIV/0!,#DIV/0!
1029(3_4)_-_,1029,1312,L/H,M,01A,1,A1,A1,2024-04-01-Map2,ROI_2,1029(3_4)_-_,1029,1312,L/H,M,01A,1,A1,2024-04-01-Map2,,TRUE,453620.3216,88.91409429,140.7753737,1820351.42,9878344.107,12152315.85,15.56029402,84.43970598,0.18427698,3.732789101,3.877529084
1043(2)_-_,1043,1798,L/H,M,03A,3,A3,A3,2024-04-01-Map2,ROI_2,1043(2)_-_,1043,1798,L/H,M,03A,3,A3,2024-04-01-Map2,,TRUE,0,NA,NA,0,0,0,#DIV/0!,#DIV/0!,#DIV/0!,#DIV/0!,#DIV/0!
1125(2)_-_,1125,1797,L/H,M,04A,4,A4,A4,2024-04-01-Map2,ROI_2,1125(2)_-_,1125,1797,L/H,M,04A,4,A4,2024-04-01-Map2,,TRUE,0,NA,NA,0,0,0,#DIV/0!,#DIV/0!,#DIV/0!,#DIV/0!,#DIV/0!
1142(2)_-_,1142,1797,L/H,M,05A,5,A5,A5,2024-04-01-Map2,ROI_2,1142(2)_-_,1142,1797,L/H,M,05A,5,A5,2024-04-01-Map2,,TRUE,0,NA,NA,0,0,0,#DIV/0!,#DIV/0!,#DIV/0!,#DIV/0!,#DIV/0!
1252(2)_-_,1252,1828,L/H,M,02A,2,A2,A2,2024-04-01-Map2,ROI_2,1252(2)_-_,1252,1828,L/H,M,02A,2,A2,2024-04-01-Map2,,TRUE,0,NA,NA,0,0,0,#DIV/0!,#DIV/0!,#DIV/0!,#DIV/0!,#DIV/0!
1262(2)_-_,1262,1315,L/H,F,03Q,3,A3,A3,2024-04-01-Map2,ROI_2,1262(2)_-_,1262,1315,L/H,F,03Q,3,A3,2024-04-01-Map2,,TRUE,0,NA,NA,0,0,0,#DIV/0!,#DIV/0!,#DIV/0!,#DIV/0!,#DIV/0!
1366(1_3)_-_ (Image 1),1366,1798,L/H,M,02A,2,A2,A2,2024-04-01-Map2,ROI_2,1366(1_3)_-_ (Image 1),1366,1798,L/H,M,02A,2,A2,2024-04-01-Map2,,TRUE,0,NA,NA,0,0,0,#DIV/0!,#DIV/0!,#DIV/0!,#DIV/0!,#DIV/0!
1366(1_3)_-_ (Image 2),1366,1798,L/H,M,02A,2,A2,A2,2024-04-01-Map2,ROI_2,1366(1_3)_-_ (Image 2),1366,1798,L/H,M,02A,2,A2,2024-04-01-Map2,,TRUE,0,NA,NA,0,0,0,#DIV/0!,#DIV/0!,#DIV/0!,#DIV/0!,#DIV/0!
1461(3)_-_,1461,1798,L/H,M,01A,1,A1,A1,2024-04-01-Map2,ROI_2,1461(3)_-_,1461,1798,L/H,M,01A,1,A1,2024-04-01-Map2,,TRUE,0,NA,NA,0,0,0,#DIV/0!,#DIV/0!,#DIV/0!,#DIV/0!,#DIV/0!
1708(3)_-_,1708,1312,L/H,M,04A,4,A4,A4,2024-04-01-Map2,ROI_2,1708(3)_-_,1708,1312,L/H,M,04A,4,A4,2024-04-01-Map2,,TRUE,0,NA,NA,0,0,0,#DIV/0!,#DIV/0!,#DIV/0!,#DIV/0!,#DIV/0!
1768_-_,1768,1737,RV 10,M,β01,1,A4-5,A5,2024-04-01-Map2,ROI_2,1768_-_,1768,1737,RV 10,M,β01,1,A4-5,2024-04-01-Map2,,TRUE,4463117.293,106.7110882,137.5858678,3339139.253,38829356.79,46631613.34,7.918563777,92.08143622,0.085995224,9.571011967,10.58400871
Image_6450,6450,1960,S/H,F,β01,1,A4-5,A5,2024-03-11-Map2,ROI_3,Image_6450,6450,1960,S/H,F,β01,1,A4-5,2024-03-11-Map2,,TRUE,2057092.482,115.68149,145.7210829,9889837.613,18660783.85,30607713.95,34.63965793,65.36034207,0.529979753,6.720830198,7.20507077
Image_7243,7243,1958,S/H,F,α01,1,A1-3,A2,2024-03-11-Map2,ROI_2,Image_7243,7243,1958,S/H,F,α01,1,A1-3,2024-03-11-Map2,,TRUE,657851.1555,105.3120642,190.7006604,7122446.415,13191674.53,20971972.1,35.06155366,64.93844634,0.539919811,3.136811132,3.238393418
Image_6134(1_2_3),6134,1956,S/H,M,β04,4,A4-5,A4,2024-03-11-Map2,ROI_1,Image_6134(1_2_3),6134,1956,S/H,M,β04,4,A4-5,2024-03-11-Map2,,TRUE,1502274.155,100.3473013,178.2254135,14192659.62,25471650.96,41166584.73,35.7819395,64.2180605,0.557194335,3.649256223,3.787470734
1840(2_3)_-_,1840,1797,L/H,M,02A,2,A2,A2,2024-04-01-Map2,ROI_2,1840(2_3)_-_,1840,1797,L/H,M,02A,2,A2,2024-04-01-Map2,,TRUE,522606.8887,115.4631519,141.3819293,8354003.946,13658572.27,22535183.11,37.95105063,62.04894937,0.611630834,2.319070966,2.374128696
1876(1)_-_,1876,1798,L/H,M,04A,4,A4,A4,2024-04-01-Map2,ROI_2,1876(1)_-_,1876,1798,L/H,M,04A,4,A4,2024-04-01-Map2,,TRUE,0,NA,NA,0,0,0,#DIV/0!,#DIV/0!,#DIV/0!,#DIV/0!,#DIV/0!
1923(1)_-_,1923,1828,L/H,M,03A,3,A3,A3,2024-04-01-Map2,ROI_2,1923(1)_-_,1923,1828,L/H,M,03A,3,A3,2024-04-01-Map2,,TRUE,0,NA,NA,0,0,0,#DIV/0!,#DIV/0!,#DIV/0!,#DIV/0!,#DIV/0!
1940(1_2)_-_,1940,1798,L/H,M,05A,5,A5,A5,2024-04-01-Map2,ROI_2,1940(1_2)_-_,1940,1798,L/H,M,05A,5,A5,2024-04-01-Map2,,TRUE,682457.5109,111.5147169,138.3504785,4765364.405,24093738.72,29541560.64,16.51251733,83.48748267,0.197784348,2.310160655,2.36479113
2058(2_3)_-_,2058,1315,L/H,F,04D,4,A4,A4,2024-04-01-Map2,ROI_2,2058(2_3)_-_,2058,1315,L/H,F,04D,4,A4,2024-04-01-Map2,,TRUE,1400993.103,126.3588324,127.4029526,9545022.78,13530332.94,24476348.82,41.36457482,58.63542518,0.705453652,5.723864753,6.071382475
2129(3)_-_,2129,1797,L/H,M,01A,1,A1,A1,2024-04-01-Map2,ROI_2,2129(3)_-_,2129,1797,L/H,M,01A,1,A1,2024-04-01-Map2,,TRUE,0,NA,NA,0,0,0,#DIV/0!,#DIV/0!,#DIV/0!,#DIV/0!,#DIV/0!
2133(1_3)_-_ (Image 1),2133,1797,L/H,M,03A,3,A3,A3,2024-04-01-Map2,ROI_2,2133(1_3)_-_ (Image 1),2133,1797,L/H,M,03A,3,A3,2024-04-01-Map2,,TRUE,0,NA,NA,0,0,0,#DIV/0!,#DIV/0!,#DIV/0!,#DIV/0!,#DIV/0!
2133(1_3)_-_ (Image 2),2133,1797,L/H,M,03A,3,A3,A3,2024-04-01-Map2,ROI_2,2133(1_3)_-_ (Image 2),2133,1797,L/H,M,03A,3,A3,2024-04-01-Map2,,TRUE,0,NA,NA,0,0,0,#DIV/0!,#DIV/0!,#DIV/0!,#DIV/0!,#DIV/0!
2162_-_,2162,1798,L/H,M,β02,2,A4-5,A5,2024-04-01-Map2,ROI_2,2162_-_,2162,1798,L/H,M,β02,2,A4-5,2024-04-01-Map2,,TRUE,756702.7863,81.52697492,161.3465027,2961034.81,29060968.6,32778706.2,9.246875567,90.75312443,0.101890438,2.308519384,2.363071344
2224(3_6)_-_ (Image 1),2224,1315,L/H,F,01E,1,A1,A1,2024-04-01-Map2,ROI_2,2224(3_6)_-_ (Image 1),2224,1315,L/H,F,01E,1,A1,2024-04-01-Map2,,TRUE,0,NA,NA,0,0,0,#DIV/0!,#DIV/0!,#DIV/0!,#DIV/0!,#DIV/0!
2224(3_6)_-_ (Image 2),2224,1315,L/H,F,01E,1,A1,A1,2024-04-01-Map2,ROI_2,2224(3_6)_-_ (Image 2),2224,1315,L/H,F,01E,1,A1,2024-04-01-Map2,,TRUE,0,NA,NA,0,0,0,#DIV/0!,#DIV/0!,#DIV/0!,#DIV/0!,#DIV/0!
2260(1)_-_,2260,1315,L/H,F,02O,2,A2,A2,2024-04-01-Map2,ROI_2,2260(1)_-_,2260,1315,L/H,F,02O,2,A2,2024-04-01-Map2,,TRUE,0,NA,NA,0,0,0,#DIV/0!,#DIV/0!,#DIV/0!,#DIV/0!,#DIV/0!
2469(2)_-_,2469,1312,L/H,M,02A,2,A2,A2,2024-04-01-Map2,ROI_2,2469(2)_-_,2469,1312,L/H,M,02A,2,A2,2024-04-01-Map2,,TRUE,0,NA,NA,0,0,0,#DIV/0!,#DIV/0!,#DIV/0!,#DIV/0!,#DIV/0!
2709(1)_-_,2709,1312,L/H,M,05A,5,A5,A5,2024-04-01-Map2,ROI_2,2709(1)_-_,2709,1312,L/H,M,05A,5,A5,2024-04-01-Map2,,TRUE,0,NA,NA,0,0,0,#DIV/0!,#DIV/0!,#DIV/0!,#DIV/0!,#DIV/0!
2710(1_2)_-_,2710,1312,L/H,M,03A,3,A3,A3,2024-04-01-Map2,ROI_2,2710(1_2)_-_,2710,1312,L/H,M,03A,3,A3,2024-04-01-Map2,,TRUE,1612048.11,116.4216629,131.9796501,9300473.943,23452355.92,34364877.97,28.39594008,71.60405992,0.396568855,4.690975802,4.921859018
2755_-_,2755,1737,RV 10,M,α01,1,A1-3,A2,2024-04-01-Map2,ROI_2,2755_-_,2755,1737,RV 10,M,α01,1,A1-3,2024-04-01-Map2,,TRUE,3975194.385,92.5803966,143.2275425,1296910.261,23125305.25,28397409.9,5.310371044,94.68962896,0.056081866,13.99844,16.27696055
2916(3)_-_,2916,1828,L/H,M,01A,1,A1,A1,2024-04-01-Map2,ROI_2,2916(3)_-_,2916,1828,L/H,M,01A,1,A1,2024-04-01-Map2,,TRUE,0,NA,NA,0,0,0,#DIV/0!,#DIV/0!,#DIV/0!,#DIV/0!,#DIV/0!
3004_-_,3004,1864,N,M,α04,4,A1-3,A2,2024-04-01-Map2,ROI_2,3004_-_,3004,1864,N,M,α04,4,A1-3,2024-04-01-Map2,,TRUE,1940112.251,106.1553581,118.5634433,1913021.958,21967316.15,25820450.36,8.0108663,91.9891337,0.087084919,7.513859069,8.124308132
Image_6129,6129,1961,S/H,M,α01,1,A1-3,A3,2024-03-11-Map2,ROI_4,Image_6129,6129,1961,S/H,M,α01,1,A1-3,2024-03-11-Map2,,TRUE,1698260.604,109.6997197,177.613564,11321593,20128527.35,33148380.96,35.99856813,64.00143187,0.562465043,5.123208298,5.39985407
3048_-_,3048,1924,N,M,β03,3,A4-5,A5,2024-04-01-Map2,ROI_2,3048_-_,3048,1924,RV 10,M,β03,3,A4-5,2024-04-01-Map2,,TRUE,6095244.803,112.0164168,131.0074806,5347650.523,22101780.99,33544676.32,19.48182613,80.51817387,0.241955638,18.170528,22.20535897
3067_-_,3067,1886,N,M,α02,2,A1-3,A2,2024-04-01-Map2,ROI_2,3067_-_,3067,1886,RV 10,M,α02,2,A1-3,2024-04-01-Map2,,TRUE,858687.5049,102.6185539,135.0197527,1692036.168,20822951.28,23373674.95,7.515154836,92.48484516,0.08125823,3.673737685,3.813848473
3070_-_,3070,1925,N,M,β04,4,A4-5,A5,2024-04-01-Map2,ROI_2,3070_-_,3070,1925,RV 10,M,β04,4,A4-5,2024-04-01-Map2,,TRUE,6654389.658,110.2366672,123.5401277,6237881.976,20631910.2,33524181.83,23.21522227,76.78477773,0.302341466,19.84952143,24.76531867
3074(2)_-_,3074,1832,L/H,F,04A,4,A4,A4,2024-04-01-Map2,ROI_2,3074(2)_-_,3074,1832,L/H,F,04A,4,A4,2024-04-01-Map2,,TRUE,0,NA,NA,0,0,0,#DIV/0!,#DIV/0!,#DIV/0!,#DIV/0!,#DIV/0!
3118(2)_-_,3118,1830,L/H,M,04A,4,A4,A4,2024-04-01-Map2,ROI_2,3118(2)_-_,3118,1830,L/H,M,04A,4,A4,2024-04-01-Map2,,TRUE,0,NA,NA,0,0,0,#DIV/0!,#DIV/0!,#DIV/0!,#DIV/0!,#DIV/0!
3135_-_,3135,1922,N,M,β03,3,A4-5,A5,2024-04-01-Map2,ROI_2,3135_-_,3135,1922,RV 10,M,β03,3,A4-5,2024-04-01-Map2,,TRUE,7878418.469,117.8118518,131.4031427,5266396.385,23921190.95,37066005.81,18.0432741,81.9567259,0.220156112,21.25510504,26.99235938
3148_-_,3148,1921,N,M,α03,3,A1-3,A2,2024-04-01-Map2,ROI_2,3148_-_,3148,1921,RV 10,M,α03,3,A1-3,2024-04-01-Map2,,TRUE,1945255.355,115.593775,128.2397188,2847319.596,18539961.5,23332536.45,13.31314431,86.68685569,0.153577428,8.337093394,9.095384057
3228_-_,3228,1926,N,M,β04,4,A4-5,A5,2024-04-01-Map2,ROI_2,3228_-_,3228,1926,RV 10,M,β04,4,A4-5,2024-04-01-Map2,,TRUE,4565175.41,115.7259473,128.8593989,8433246.092,23227020.11,36225441.61,26.63668726,73.36331274,0.363079123,12.60212494,14.41925782
3239_-_,3239,1886,N,M,β02,2,A4-5,A5,2024-04-01-Map2,ROI_2,3239_-_,3239,1886,RV 10,M,β02,2,A4-5,2024-04-01-Map2,,TRUE,1663488.363,95.46547142,137.4908853,3009377.562,30522589.13,35195455.05,8.974652723,91.02534728,0.098595095,4.72642948,4.960903065
3284_-_,3284,1915,RV 10,M,β03,3,A4-5,A5,2024-04-01-Map2,ROI_2,3284_-_,3284,1915,RV 10,M,β03,3,A4-5,2024-04-01-Map2,,TRUE,7270987.95,106.7739498,132.5575489,5704628.525,27720702.14,40696318.62,17.06678262,82.93321738,0.205789467,17.86645131,21.75292751
3297(2)_-_,3297,1828,L/H,M,04A,4,A4,A4,2024-04-01-Map2,ROI_2,3297(2)_-_,3297,1828,L/H,M,04A,4,A4,2024-04-01-Map2,,TRUE,0,NA,NA,0,0,0,#DIV/0!,#DIV/0!,#DIV/0!,#DIV/0!,#DIV/0!
3412_-_,3412,1888,N,M,β03,3,A4-5,A5,2024-04-01-Map2,ROI_2,3412_-_,3412,1888,RV 10,M,β03,3,A4-5,2024-04-01-Map2,,TRUE,1823780.299,100.4563027,136.6634412,2975455.292,32754641.37,37553876.96,8.327588139,91.67241186,0.090840723,4.856436796,5.104325119
3432_-_,3432,1923,N,M,α03,3,A1-3,A2,2024-04-01-Map2,ROI_2,3432_-_,3432,1923,RV 10,M,α03,3,A1-3,2024-04-01-Map2,,TRUE,4633253.807,106.7234087,123.20283,4880995.47,14593380.21,24107629.48,25.06368137,74.93631863,0.334466409,19.21903525,23.79153964
3458_-_,3458,1887,N,M,β02,2,A4-5,A5,2024-04-01-Map2,ROI_2,3458_-_,3458,1887,RV 10,M,β02,2,A4-5,2024-04-01-Map2,,TRUE,2312732.997,95.7019786,141.3600187,3778257.619,33681239.43,39772230.04,10.08624759,89.91375241,0.112176918,5.814944233,6.173956352
3559_-_,3559,1918,N,F,β03,3,A4-5,A5,2024-04-01-Map2,ROI_2,3559_-_,3559,1918,RV 10,F,β03,3,A4-5,2024-04-01-Map2,,TRUE,5423319.02,112.3797389,124.124157,5468465.064,15966988.18,26858772.26,25.51131064,74.48868936,0.342485696,20.19198408,25.30069674
3647(2)_-_,3647,1832,L/H,F,05A,5,A5,A5,2024-04-01-Map2,ROI_2,3647(2)_-_,3647,1832,L/H,F,05A,5,A5,2024-04-01-Map2,,TRUE,0,NA,NA,0,0,0,#DIV/0!,#DIV/0!,#DIV/0!,#DIV/0!,#DIV/0!
3648_-_,3648,1887,N,M,α02,2,A1-3,A2,2024-04-01-Map2,ROI_2,3648_-_,3648,1887,RV 10,M,α02,2,A1-3,2024-04-01-Map2,,TRUE,787969.0367,105.5641921,125.9372021,1431465.394,21648186.54,23867620.97,6.202283286,93.79771671,0.066124033,3.301414237,3.41412877
3703_-_,3703,1886,N,M,β05,5,A4-5,A5,2024-04-01-Map2,ROI_2,3703_-_,3703,1886,RV 10,M,β05,5,A4-5,2024-04-01-Map2,,TRUE,2310352.848,139.9226807,60.21525777,28963389.98,817.9859209,31274560.81,,,,7.387323077,7.976578718
3734_-_,3734,1888,N,M,α03,3,A1-3,A2,2024-04-01-Map2,ROI_2,3734_-_,3734,1888,RV 10,M,α03,3,A1-3,2024-04-01-Map2,,TRUE,2299386.748,107.0484877,136.5979597,1766820.862,17624876.15,21691083.76,9.111223532,90.88877647,0.10024586,10.60060794,11.85758393
3825(2_3)_-_,3825,1832,L/H,F,01A,1,A1,A1,2024-04-01-Map2,ROI_2,3825(2_3)_-_,3825,1832,L/H,F,01A,1,A1,2024-04-01-Map2,,TRUE,486279.9528,115.414214,134.842171,2856366.458,9250503.78,12593150.19,23.59293857,76.40706143,0.308779557,3.861463934,4.016562029
3858(2)_-_,3858,1828,L/H,M,05A,5,A5,A5,2024-04-01-Map2,ROI_2,3858(2)_-_,3858,1828,L/H,M,05A,5,A5,2024-04-01-Map2,,TRUE,0,NA,NA,0,0,0,#DIV/0!,#DIV/0!,#DIV/0!,#DIV/0!,#DIV/0!
3882_-_,3882,1919,N,F,α03,3,A1-3,A2,2024-04-01-Map2,ROI_2,3882_-_,3882,1919,RV 10,F,α03,3,A1-3,2024-04-01-Map2,,TRUE,3302391.497,116.265533,125.085755,4904482.223,12923044.83,21129918.55,27.51072658,72.48927342,0.379514448,15.62898356,18.52411435
3952_-_,3952,1921,N,M,β03,3,A4-5,A5,2024-04-01-Map2,ROI_2,3952_-_,3952,1921,RV 10,M,β03,3,A4-5,2024-04-01-Map2,,TRUE,6661169.96,108.2518108,125.4624311,6311649.358,21513720.2,34486539.52,22.68307468,77.31692532,0.293377868,19.31527504,23.93919673
3974_-_,3974,1889,N,F,α04,4,A1-3,A2,2024-04-01-Map2,ROI_2,3974_-_,3974,1889,N,F,α04,4,A1-3,2024-04-01-Map2,,TRUE,1559504.626,112.7434009,126.3490067,1752105.178,23021328.06,26332937.86,7.072516598,92.9274834,0.076107911,5.922258406,6.295068638
4045_-_,4045,1920,N,F,α05,5,A1-3,A2,2024-04-01-Map2,ROI_2,4045_-_,4045,1920,RV 10,F,α05,5,A1-3,2024-04-01-Map2,,TRUE,2088243.697,106.7733099,127.2211463,4809508.647,14540962.59,21438714.93,24.85473655,75.14526345,0.330755864,9.740526444,10.79169428
4153_-_,4153,1920,N,F,β03,3,A4-5,A5,2024-04-01-Map2,ROI_2,4153_-_,4153,1920,RV 10,F,β03,3,A4-5,2024-04-01-Map2,,TRUE,4411847.134,113.700624,128.533415,4684788.613,25416621.5,34513257.25,15.56335266,84.43664734,0.18431988,12.78305059,14.65661282
4156_-_,4156,1915,RV 10,M,α03,3,A1-3,A2,2024-04-01-Map2,ROI_2,4156_-_,4156,1915,RV 10,M,α03,3,A1-3,2024-04-01-Map2,,TRUE,1428925.06,109.5659125,129.8849189,2574864.312,17120760.09,21124549.46,13.07328095,86.92671905,0.150394276,6.76428656,7.255038129
Image_6129,6129,1961,S/H,M,α01,1,A1-3,A3,2024-03-11-Map2,ROI_3,Image_6129,6129,1961,S/H,M,α01,1,A1-3,2024-03-11-Map2,,TRUE,2320906.182,113.8222651,170.924568,10920341.65,19220703.56,32461951.4,36.23079948,63.76920052,0.568155147,7.149620038,7.700151621
4276_-_,4276,1926,N,M,α04,4,A1-3,A2,2024-04-01-Map2,ROI_2,4276_-_,4276,1926,RV 10,M,α04,4,A1-3,2024-04-01-Map2,,TRUE,2742056.34,104.8984983,137.7333569,1972039.191,21848055.04,26562150.57,8.278889126,91.72111087,0.090261544,10.32317143,11.511526
4310(2_3)_-_,4310,1830,L/H,M,05A,5,A5,A5,2024-04-01-Map2,ROI_2,4310(2_3)_-_,4310,1830,L/H,M,05A,5,A5,2024-04-01-Map2,,TRUE,1596249.711,108.3865149,128.3206294,2767055.971,28080627.48,32443933.16,8.970060833,91.02993917,0.098539677,4.920025273,5.174617775
4330_-_,4330,1924,N,M,α03,3,A1-3,A2,2024-04-01-Map2,ROI_2,4330_-_,4330,1924,RV 10,M,α03,3,A1-3,2024-04-01-Map2,,TRUE,1844405.181,107.1378236,129.8578549,3222711.711,20706030.93,25773147.82,13.46795258,86.53204742,0.15564121,7.156305446,7.7079068
4397(2)_-_,4397,1832,L/H,F,02A,2,A2,A2,2024-04-01-Map2,ROI_2,4397(2)_-_,4397,1832,L/H,F,02A,2,A2,2024-04-01-Map2,,TRUE,0,NA,NA,0,0,0,#DIV/0!,#DIV/0!,#DIV/0!,#DIV/0!,#DIV/0!
4421_-_,4421,1923,N,M,β03,3,A4-5,A5,2024-04-01-Map2,ROI_2,4421_-_,4421,1923,RV 10,M,β03,3,A4-5,2024-04-01-Map2,,TRUE,5126099.047,110.9815049,117.7392519,6207014.238,20327493.69,31660606.98,23.39223419,76.60776581,0.305350691,16.19077944,19.31861356
4481_-_,4481,1919,N,F,β03,3,A4-5,A5,2024-04-01-Map2,ROI_2,4481_-_,4481,1919,RV 10,F,β03,3,A4-5,2024-04-01-Map2,,TRUE,6943449.749,108.1685666,120.0405005,9196468.146,15655695.24,31795613.13,37.00469856,62.99530144,0.587419978,21.8377602,27.93901538
4691(2)_-_,4691,1830,L/H,M,02A,2,A2,A2,2024-04-01-Map2,ROI_2,4691(2)_-_,4691,1830,L/H,M,02A,2,A2,2024-04-01-Map2,,TRUE,0,NA,NA,0,0,0,#DIV/0!,#DIV/0!,#DIV/0!,#DIV/0!,#DIV/0!
4711_-_,4711,1864,N,M,β04,4,A4-5,A5,2024-04-01-Map2,ROI_2,4711_-_,4711,1864,N,M,β04,4,A4-5,2024-04-01-Map2,,TRUE,4552830.06,107.1326689,117.2359879,2191761.892,32696629.26,39441221.21,6.282209696,93.7177903,0.067033267,11.54332934,13.04969908
4740(1_2)_-_,4740,1832,L/H,F,03A,3,A3,A3,2024-04-01-Map2,ROI_2,4740(1_2)_-_,4740,1832,L/H,F,03A,3,A3,2024-04-01-Map2,,TRUE,2344469.071,102.2899238,130.4937521,6908559.559,22846856.67,32099885.3,23.21782194,76.78217806,0.30238556,7.303668063,7.879133846
4744_-_,4744,1918,N,F,α03,3,A1-3,A2,2024-04-01-Map2,ROI_2,4744_-_,4744,1918,RV 10,F,α03,3,A1-3,2024-04-01-Map2,,TRUE,4791615.438,113.3626596,131.3908875,2686406.589,19116922.58,26594944.61,12.3210844,87.6789156,0.140525055,18.01701605,21.9765312
4753_-_,4753,1892,N,M,α02,2,A1-3,A2,2024-04-01-Map2,ROI_2,4753_-_,4753,1892,RV 10,M,α02,2,A1-3,2024-04-01-Map2,,TRUE,1348154.015,103.7668128,133.8452723,2229607.205,19373623.79,22951385.01,10.32071177,89.67928823,0.115084675,5.873954946,6.240520297
4810_-_,4810,1922,N,M,α03,3,A1-3,A2,2024-04-01-Map2,ROI_2,4810_-_,4810,1922,RV 10,M,α03,3,A1-3,2024-04-01-Map2,,TRUE,1883061.8,110.5773649,126.923441,3077681.952,23045395.95,28006139.7,11.78146757,88.21853243,0.133548669,6.723746365,7.208422404
4825_-_,4825,1889,N,F,β04,4,A4-5,A5,2024-04-01-Map2,ROI_2,4825_-_,4825,1889,N,F,β04,4,A4-5,2024-04-01-Map2,,TRUE,2241009.104,106.4910238,126.5981539,2661967.019,32892930.08,37795906.2,7.486920893,92.51307911,0.080928242,5.929237659,6.302954831
4878_-_,4878,1886,N,M,α05,5,A1-3,A2,2024-04-01-Map2,ROI_2,4878_-_,4878,1886,RV 10,M,α05,5,A1-3,2024-04-01-Map2,,TRUE,1022819.08,106.5980267,127.2658487,1984134.84,22170744.05,25177697.97,8.21421978,91.78578022,0.089493381,4.062401103,4.234420237
4899(3)_-_,4899,1830,L/H,M,03A,3,A3,A3,2024-04-01-Map2,ROI_2,4899(3)_-_,4899,1830,L/H,M,03A,3,A3,2024-04-01-Map2,,TRUE,0,NA,NA,0,0,0,#DIV/0!,#DIV/0!,#DIV/0!,#DIV/0!,#DIV/0!
4902_-_,4902,1925,N,M,α04,4,A1-3,A2,2024-04-01-Map2,ROI_2,4902_-_,4902,1925,RV 10,M,α04,4,A1-3,2024-04-01-Map2,,TRUE,1845298.309,117.236168,136.5634704,2295897.819,18220423.69,22361619.82,11.19059193,88.80940807,0.126006829,8.252077997,8.994294167
4919(3)_-_,4919,1830,L/H,M,01A,1,A1,A1,2024-04-01-Map2,ROI_2,4919(3)_-_,4919,1830,L/H,M,01A,1,A1,2024-04-01-Map2,,TRUE,0,NA,NA,0,0,0,#DIV/0!,#DIV/0!,#DIV/0!,#DIV/0!,#DIV/0!
4990_-_,4990,1892,N,M,β02,2,A4-5,A5,2024-04-01-Map2,ROI_2,4990_-_,4990,1892,RV 10,M,β02,2,A4-5,2024-04-01-Map2,,TRUE,2258973.101,102.6635739,128.8082145,3072556.475,33404446.6,38735976.18,8.423270048,91.57672995,0.091980463,5.831718531,6.192869234
_-__02,#VALUE!,#VALUE!,#VALUE!,#VALUE!,#VALUE!,#VALUE!,#VALUE!,#VALUE!,2024-04-01-Map2,ROI_2,_-__02,#VALUE!,#VALUE!,#VALUE!,#VALUE!,#VALUE!,#VALUE!,#VALUE!,2024-04-01-Map2,,TRUE,4624492.216,121.3688353,128.5836397,5622126.877,28035305.25,38281924.34,16.70396855,83.29603145,0.200537388,12.0800934,13.73988425
_-__03,#VALUE!,#VALUE!,#VALUE!,#VALUE!,#VALUE!,#VALUE!,#VALUE!,#VALUE!,2024-04-01-Map2,ROI_2,_-__03,#VALUE!,#VALUE!,#VALUE!,#VALUE!,#VALUE!,#VALUE!,#VALUE!,2024-04-01-Map2,,TRUE,3695940.036,121.8145258,135.5240105,8103896.785,18303480.12,30103316.94,30.68800363,69.31199637,0.442751692,12.2775176,13.99586203
_-__04,#VALUE!,#VALUE!,#VALUE!,#VALUE!,#VALUE!,#VALUE!,#VALUE!,#VALUE!,2024-04-01-Map2,ROI_2,_-__04,#VALUE!,#VALUE!,#VALUE!,#VALUE!,#VALUE!,#VALUE!,#VALUE!,2024-04-01-Map2,,TRUE,0,NA,NA,0,0,0,#DIV/0!,#DIV/0!,#DIV/0!,#DIV/0!,#DIV/0!
_-__05,#VALUE!,#VALUE!,#VALUE!,#VALUE!,#VALUE!,#VALUE!,#VALUE!,#VALUE!,2024-04-01-Map2,ROI_2,_-__05,#VALUE!,#VALUE!,#VALUE!,#VALUE!,#VALUE!,#VALUE!,#VALUE!,2024-04-01-Map2,,TRUE,3085822.904,178.8478821,181.990185,21546306.92,9143002.008,33775131.83,70.20785958,29.79214042,2.35658998,9.136375602,10.05504201
_-__06,#VALUE!,#VALUE!,#VALUE!,#VALUE!,#VALUE!,#VALUE!,#VALUE!,#VALUE!,2024-04-01-Map2,ROI_2,_-__06,#VALUE!,#VALUE!,#VALUE!,#VALUE!,#VALUE!,#VALUE!,#VALUE!,2024-04-01-Map2,,TRUE,832208.2226,96.34038134,164.267149,3702637.897,19300282.36,23835128.48,16.09638191,83.90361809,0.191843716,3.491519768,3.617837271
1949_40x-1-3,1949,1798,L/H,M,α02,2,A1-3,A3,2024-03-11-Map2,ROI_3,1949_40x-1-3,1949,1798,L/H,M,α02,2,A1-3,2024-03-11-Map2,,TRUE,413160.5208,151.6120421,205.9126115,17424957.98,12794640.91,30632759.41,57.66111603,42.33888397,1.361895039,1.348753846,1.367193927
2162_40x-1,2162,1798,L/H,M,β02,2,A4-5,A5,2024-03-11-Map2,ROI_3,2162_40x-1,2162,1798,L/H,M,β02,2,A4-5,2024-03-11-Map2,,TRUE,0,NA,NA,0,0,0,,,,,
2162_40x-2,2162,1798,L/H,M,β02,2,A4-5,A5,2024-03-11-Map2,ROI_3,2162_40x-2,2162,1798,L/H,M,β02,2,A4-5,2024-03-11-Map2,,TRUE,0,NA,NA,0,0,0,,,,,
2162_40x-3,2162,1798,L/H,M,β02,2,A4-5,A5,2024-03-11-Map2,ROI_3,2162_40x-3,2162,1798,L/H,M,β02,2,A4-5,2024-03-11-Map2,,TRUE,0,NA,NA,0,0,0,,,,,
3290_40x-1-4,3290,1921,N,M,β01,1,A4-5,A5,2024-03-11-Map2,ROI_3,3290_40x-1-4,3290,1921,RV 10,M,β01,1,A4-5,2024-03-11-Map2,,TRUE,2849953.369,158.6525513,184.3196276,17185325.16,8848570.264,28883848.79,66.01134744,33.98865256,1.942158411,9.866944637,10.94708772
3663_40x-1,3663,1889,N,F,α03,3,A1-3,A3,2024-03-11-Map2,ROI_3,3663_40x-1,3663,1889,N,F,α03,3,A1-3,2024-03-11-Map2,,TRUE,0,NA,NA,0,0,0,,,,,
3663_40x-2,3663,1889,N,F,α03,3,A1-3,A3,2024-03-11-Map2,ROI_3,3663_40x-2,3663,1889,N,F,α03,3,A1-3,2024-03-11-Map2,,TRUE,0,NA,NA,0,0,0,,,,,
3663_40x-3,3663,1889,N,F,α03,3,A1-3,A3,2024-03-11-Map2,ROI_3,3663_40x-3,3663,1889,N,F,α03,3,A1-3,2024-03-11-Map2,,TRUE,0,NA,NA,0,0,0,,,,,
4460_40x-1-3,4460,1921,N,M,α01,1,A1-3,A3,2024-03-11-Map2,ROI_3,4460_40x-1-3,4460,1921,RV 10,M,α01,1,A1-3,2024-03-11-Map2,,TRUE,3677611.404,124.6809199,168.4961026,13489380.11,18455208.67,35622200.19,42.2274339,57.7725661,0.730925364,10.3239311,11.51247064
1919-01-A_40X_4,4049,1919,N,F,01A,1,A1,A1,2024-03-11-Map2,ROI_3,1919-01-A_40X_4,4049,1919,RV 10,F,01A,1,A1,2024-03-11-Map2,,TRUE,0,NA,NA,0,0,0,,,,,
1919-03-A_40x-2,4961,1919,N,F,03A,3,A3,A3,2024-03-11-Map2,ROI_3,1919-03-A_40x-2,4961,1919,RV 10,F,03A,3,A3,2024-03-11-Map2,,TRUE,0,NA,NA,0,0,0,,,,,
1919-03-A_40x-3,4961,1919,N,F,03A,3,A3,A3,2024-03-11-Map2,ROI_3,1919-03-A_40x-3,4961,1919,RV 10,F,03A,3,A3,2024-03-11-Map2,,TRUE,0,NA,NA,0,0,0,,,,,
1919-04-A_40x-1,3545,1919,N,F,04A,4,A4,A4,2024-03-11-Map2,ROI_3,1919-04-A_40x-1,3545,1919,RV 10,F,04A,4,A4,2024-03-11-Map2,,TRUE,0,NA,NA,0,0,0,,,,,
1919-04-A_40x-2,3545,1919,N,F,04A,4,A4,A4,2024-03-11-Map2,ROI_3,1919-04-A_40x-2,3545,1919,RV 10,F,04A,4,A4,2024-03-11-Map2,,TRUE,0,NA,NA,0,0,0,,,,,
1919-05-A-40x-1,4546,1919,N,F,05A,5,A5,A5,2024-03-11-Map2,ROI_3,1919-05-A-40x-1,4546,1919,RV 10,F,05A,5,A5,2024-03-11-Map2,,TRUE,0,NA,NA,0,0,0,,,,,
1919-05-A-40x-3,4546,1919,N,F,05A,5,A5,A5,2024-03-11-Map2,ROI_3,1919-05-A-40x-3,4546,1919,RV 10,F,05A,5,A5,2024-03-11-Map2,,TRUE,0,NA,NA,0,0,0,,,,,
1923-Beta-1-40x-1,3266,1923,N,M,β01,1,A4-5,A5,2024-03-11-Map2,ROI_3,1923-Beta-1-40x-1,3266,1923,RV 10,M,β01,1,A4-5,2024-03-11-Map2,,TRUE,0,NA,NA,0,0,0,,,,,
1923-Beta-1-40x-2,3266,1923,N,M,β01,1,A4-5,A5,2024-03-11-Map2,ROI_3,1923-Beta-1-40x-2,3266,1923,RV 10,M,β01,1,A4-5,2024-03-11-Map2,,TRUE,0,NA,NA,0,0,0,,,,,
1029(3_4)_-_,1029,1312,L/H,M,01A,1,A1,A1,2024-03-11-Map2,ROI_3,1029(3_4)_-_,1029,1312,L/H,M,01A,1,A1,2024-03-11-Map2,,TRUE,0,NA,NA,0,0,0,,,,,
1043(2)_-_,1043,1798,L/H,M,03A,3,A3,A3,2024-03-11-Map2,ROI_3,1043(2)_-_,1043,1798,L/H,M,03A,3,A3,2024-03-11-Map2,,TRUE,0,NA,NA,0,0,0,,,,,
1125(2)_-_,1125,1797,L/H,M,04A,4,A4,A4,2024-03-11-Map2,ROI_3,1125(2)_-_,1125,1797,L/H,M,04A,4,A4,2024-03-11-Map2,,TRUE,0,NA,NA,0,0,0,,,,,
1142(2)_-_,1142,1797,L/H,M,05A,5,A5,A5,2024-03-11-Map2,ROI_3,1142(2)_-_,1142,1797,L/H,M,05A,5,A5,2024-03-11-Map2,,TRUE,0,NA,NA,0,0,0,,,,,
1252(2)_-_,1252,1828,L/H,M,02A,2,A2,A2,2024-03-11-Map2,ROI_3,1252(2)_-_,1252,1828,L/H,M,02A,2,A2,2024-03-11-Map2,,TRUE,0,NA,NA,0,0,0,,,,,
1262(2)_-_,1262,1315,L/H,F,03Q,3,A3,A3,2024-03-11-Map2,ROI_3,1262(2)_-_,1262,1315,L/H,F,03Q,3,A3,2024-03-11-Map2,,TRUE,0,NA,NA,0,0,0,,,,,
1366(1_3)_-_ (Image 1),1366,1798,L/H,M,02A,2,A2,A2,2024-03-11-Map2,ROI_3,1366(1_3)_-_ (Image 1),1366,1798,L/H,M,02A,2,A2,2024-03-11-Map2,,TRUE,0,NA,NA,0,0,0,,,,,
1366(1_3)_-_ (Image 2),1366,1798,L/H,M,02A,2,A2,A2,2024-03-11-Map2,ROI_3,1366(1_3)_-_ (Image 2),1366,1798,L/H,M,02A,2,A2,2024-03-11-Map2,,TRUE,0,NA,NA,0,0,0,,,,,
1461(3)_-_,1461,1798,L/H,M,01A,1,A1,A1,2024-03-11-Map2,ROI_3,1461(3)_-_,1461,1798,L/H,M,01A,1,A1,2024-03-11-Map2,,TRUE,0,NA,NA,0,0,0,,,,,
1708(3)_-_,1708,1312,L/H,M,04A,4,A4,A4,2024-03-11-Map2,ROI_3,1708(3)_-_,1708,1312,L/H,M,04A,4,A4,2024-03-11-Map2,,TRUE,0,NA,NA,0,0,0,,,,,
1768_-_,1768,1737,RV 10,M,β01,1,A4-5,A5,2024-03-11-Map2,ROI_3,1768_-_,1768,1737,RV 10,M,β01,1,A4-5,2024-03-11-Map2,,TRUE,5527266.555,97.87444835,150.4270759,4822239.357,29465627.65,39815133.56,14.06398174,85.93601826,0.163656428,13.88232579,16.12018197
Image_5025,5025,1964,S/H,M,β01,1,A4-5,A5,2024-03-11-Map2,ROI_3,Image_5025,5025,1964,S/H,M,β01,1,A4-5,2024-03-11-Map2,,TRUE,1497393.773,109.6572453,189.6029212,9302317.165,16308274.1,27107985.04,36.32214918,63.67785082,0.570404759,5.523810681,5.84677549
Image_7614,7614,1958,S/H,F,β01,1,A4-5,A5,2024-03-11-Map2,ROI_3,Image_7614,7614,1958,S/H,F,β01,1,A4-5,2024-03-11-Map2,,TRUE,1155335.853,113.4154044,171.5275986,8754338.715,15324320.67,25233995.24,36.35725135,63.64274865,0.571270916,4.578489621,4.798173496
Image_5261,5261,1957,S/H,M,β02,2,A4-5,A5,2024-03-11-Map2,ROI_2,Image_5261,5261,1957,S/H,M,β02,2,A4-5,2024-03-11-Map2,,TRUE,3740051.423,113.8990675,174.9750162,21816182.5,37282291.03,62838524.95,36.91496784,63.08503216,0.585162067,5.95184471,6.328507658
1840(2_3)_-_,1840,1797,L/H,M,02A,2,A2,A2,2024-03-11-Map2,ROI_3,1840(2_3)_-_,1840,1797,L/H,M,02A,2,A2,2024-03-11-Map2,,TRUE,0,NA,NA,0,0,0,,,,,
1876(1)_-_,1876,1798,L/H,M,04A,4,A4,A4,2024-03-11-Map2,ROI_3,1876(1)_-_,1876,1798,L/H,M,04A,4,A4,2024-03-11-Map2,,TRUE,0,NA,NA,0,0,0,,,,,
1923(1)_-_,1923,1828,L/H,M,03A,3,A3,A3,2024-03-11-Map2,ROI_3,1923(1)_-_,1923,1828,L/H,M,03A,3,A3,2024-03-11-Map2,,TRUE,0,NA,NA,0,0,0,,,,,
1940(1_2)_-_,1940,1798,L/H,M,05A,5,A5,A5,2024-03-11-Map2,ROI_3,1940(1_2)_-_,1940,1798,L/H,M,05A,5,A5,2024-03-11-Map2,,TRUE,0,NA,NA,0,0,0,,,,,
2058(2_3)_-_,2058,1315,L/H,F,04D,4,A4,A4,2024-03-11-Map2,ROI_3,2058(2_3)_-_,2058,1315,L/H,F,04D,4,A4,2024-03-11-Map2,,TRUE,0,NA,NA,0,0,0,,,,,
2129(3)_-_,2129,1797,L/H,M,01A,1,A1,A1,2024-03-11-Map2,ROI_3,2129(3)_-_,2129,1797,L/H,M,01A,1,A1,2024-03-11-Map2,,TRUE,0,NA,NA,0,0,0,,,,,
2133(1_3)_-_ (Image 1),2133,1797,L/H,M,03A,3,A3,A3,2024-03-11-Map2,ROI_3,2133(1_3)_-_ (Image 1),2133,1797,L/H,M,03A,3,A3,2024-03-11-Map2,,TRUE,0,NA,NA,0,0,0,,,,,
2133(1_3)_-_ (Image 2),2133,1797,L/H,M,03A,3,A3,A3,2024-03-11-Map2,ROI_3,2133(1_3)_-_ (Image 2),2133,1797,L/H,M,03A,3,A3,2024-03-11-Map2,,TRUE,0,NA,NA,0,0,0,,,,,
2162_-_,2162,1798,L/H,M,β02,2,A4-5,A5,2024-03-11-Map2,ROI_3,2162_-_,2162,1798,L/H,M,β02,2,A4-5,2024-03-11-Map2,,TRUE,760455.1902,89.40923474,172.2663488,5811616.68,22197584.77,28769656.64,20.74895527,79.25104473,0.261813019,2.643254314,2.715019175
2224(3_6)_-_ (Image 1),2224,1315,L/H,F,01E,1,A1,A1,2024-03-11-Map2,ROI_3,2224(3_6)_-_ (Image 1),2224,1315,L/H,F,01E,1,A1,2024-03-11-Map2,,TRUE,0,NA,NA,0,0,0,,,,,
2224(3_6)_-_ (Image 2),2224,1315,L/H,F,01E,1,A1,A1,2024-03-11-Map2,ROI_3,2224(3_6)_-_ (Image 2),2224,1315,L/H,F,01E,1,A1,2024-03-11-Map2,,TRUE,0,NA,NA,0,0,0,,,,,
2260(1)_-_,2260,1315,L/H,F,02O,2,A2,A2,2024-03-11-Map2,ROI_3,2260(1)_-_,2260,1315,L/H,F,02O,2,A2,2024-03-11-Map2,,TRUE,0,NA,NA,0,0,0,,,,,
2469(2)_-_,2469,1312,L/H,M,02A,2,A2,A2,2024-03-11-Map2,ROI_3,2469(2)_-_,2469,1312,L/H,M,02A,2,A2,2024-03-11-Map2,,TRUE,0,NA,NA,0,0,0,,,,,
2709(1)_-_,2709,1312,L/H,M,05A,5,A5,A5,2024-03-11-Map2,ROI_3,2709(1)_-_,2709,1312,L/H,M,05A,5,A5,2024-03-11-Map2,,TRUE,0,NA,NA,0,0,0,,,,,
2710(1_2)_-_,2710,1312,L/H,M,03A,3,A3,A3,2024-03-11-Map2,ROI_3,2710(1_2)_-_,2710,1312,L/H,M,03A,3,A3,2024-03-11-Map2,,TRUE,0,NA,NA,0,0,0,,,,,
2755_-_,2755,1737,RV 10,M,α01,1,A1-3,A3,2024-03-11-Map2,ROI_3,2755_-_,2755,1737,RV 10,M,α01,1,A1-3,2024-03-11-Map2,,TRUE,5425848.298,101.310916,142.825561,7516846.243,27572141.21,40514835.75,21.42223754,78.57776246,0.272624682,13.39225051,15.46310878
2916(3)_-_,2916,1828,L/H,M,01A,1,A1,A1,2024-03-11-Map2,ROI_3,2916(3)_-_,2916,1828,L/H,M,01A,1,A1,2024-03-11-Map2,,TRUE,0,NA,NA,0,0,0,,,,,
3004_-_,3004,1864,N,M,α04,4,A1-3,A3,2024-03-11-Map2,ROI_3,3004_-_,3004,1864,N,M,α04,4,A1-3,2024-03-11-Map2,,TRUE,3807120.119,102.2952485,126.0643844,4387459.918,28595481.02,36790061.05,13.30220955,86.69779045,0.153431933,10.34822996,11.54269453
Image_4380,4380,1964,S/H,M,α01,1,A1-3,A1,2024-03-11-Map2,ROI_1,Image_4380,4380,1964,S/H,M,α01,1,A1-3,2024-03-11-Map2,,TRUE,1713361.702,110.4721224,139.9235805,3185236.167,5435642.925,10334240.79,36.94792762,63.05207238,0.585990694,16.57946372,19.87455902
3048_-_,3048,1924,N,M,β03,3,A4-5,A5,2024-03-11-Map2,ROI_3,3048_-_,3048,1924,RV 10,M,β03,3,A4-5,2024-03-11-Map2,,TRUE,6714755.809,101.9458276,127.9808874,6791521.337,17462950.4,30969227.54,28.00111011,71.99888989,0.388910303,21.68202549,27.6846096
3067_-_,3067,1886,N,M,α02,2,A1-3,A3,2024-03-11-Map2,ROI_3,3067_-_,3067,1886,RV 10,M,α02,2,A1-3,2024-03-11-Map2,,TRUE,2192562.357,98.24446756,124.739655,5177190.866,26504961.34,33874714.56,16.34103275,83.65896725,0.195329124,6.472563343,6.920496887
3070_-_,3070,1925,N,M,β04,4,A4-5,A5,2024-03-11-Map2,ROI_3,3070_-_,3070,1925,RV 10,M,β04,4,A4-5,2024-03-11-Map2,,TRUE,4341902.584,104.7750417,130.202872,8125771.998,17232795.12,29700469.7,32.0434982,67.9565018,0.471529543,14.61896942,17.1220344
3074(2)_-_,3074,1832,L/H,F,04A,4,A4,A4,2024-03-11-Map2,ROI_3,3074(2)_-_,3074,1832,L/H,F,04A,4,A4,2024-03-11-Map2,,TRUE,0,NA,NA,0,0,0,,,,,
3118(2)_-_,3118,1830,L/H,M,04A,4,A4,A4,2024-03-11-Map2,ROI_3,3118(2)_-_,3118,1830,L/H,M,04A,4,A4,2024-03-11-Map2,,TRUE,0,NA,NA,0,0,0,,,,,
3135_-_,3135,1922,N,M,β03,3,A4-5,A5,2024-03-11-Map2,ROI_3,3135_-_,3135,1922,RV 10,M,β03,3,A4-5,2024-03-11-Map2,,TRUE,6122067.609,115.9117043,130.1054661,11298653.76,12173923.58,29594644.95,48.13554814,51.86445186,0.928102899,20.6864033,26.08178693
3952_-_,3952,1921,N,M,β03,3,A4-5,A4,2024-03-11-Map2,ROI_1,3952_-_,3952,1921,RV 10,M,β03,3,A4-5,2024-03-11-Map2,,TRUE,3594908.111,133.910738,143.7489326,23148514.72,12241011.09,38984433.92,65.41063829,34.58936171,1.891062311,9.221393642,10.15811325
3228_-_,3228,1926,N,M,β04,4,A4-5,A5,2024-03-11-Map2,ROI_3,3228_-_,3228,1926,RV 10,M,β04,4,A4-5,2024-03-11-Map2,,TRUE,4039537.994,120.6944182,147.8458951,13098577.52,11532088.31,28670203.83,53.17995709,46.82004291,1.135837427,14.08967309,16.40044171
3952_-_,3952,1921,N,M,β03,3,A4-5,A5,2024-03-11-Map2,ROI_2,3952_-_,3952,1921,RV 10,M,β03,3,A4-5,2024-03-11-Map2,,TRUE,6961401.625,110.5280309,130.2772971,13221760.9,14303376.99,34486539.52,48.03522131,51.96477869,0.924380369,20.18585141,25.29106903
3952_-_,3952,1921,N,M,β03,3,A4-5,A5,2024-03-11-Map2,ROI_3,3952_-_,3952,1921,RV 10,M,β03,3,A4-5,2024-03-11-Map2,,TRUE,3875014.647,136.7057395,141.3148632,12391487.25,5553061.63,21819563.52,69.05432581,30.94567419,2.231469426,17.75935913,21.5943832
3297(2)_-_,3297,1828,L/H,M,04A,4,A4,A4,2024-03-11-Map2,ROI_3,3297(2)_-_,3297,1828,L/H,M,04A,4,A4,2024-03-11-Map2,,TRUE,0,NA,NA,0,0,0,,,,,
3952_-_,3952,1921,N,M,β03,3,A4-5,A5,2024-03-11-Map2,ROI_4,3952_-_,3952,1921,RV 10,M,β03,3,A4-5,2024-03-11-Map2,,TRUE,3344791.883,149.9008037,126.194871,18766965.85,2485862.371,24597620.1,,,,,
3432_-_,3432,1923,N,M,α03,3,A1-3,A3,2024-03-11-Map2,ROI_3,3432_-_,3432,1923,RV 10,M,α03,3,A1-3,2024-03-11-Map2,,TRUE,8231511.789,110.8887633,132.6976846,11059537.71,14708538.76,33999588.26,42.91953156,57.08046844,0.751912743,24.21062198,31.94461099
3458_-_,3458,1887,N,M,β02,2,A4-5,A5,2024-03-11-Map2,ROI_3,3458_-_,3458,1887,RV 10,M,β02,2,A4-5,2024-03-11-Map2,,TRUE,2101647.474,113.4924502,131.5407668,10164990.74,23379077.91,35645716.13,30.30339236,69.69660764,0.434790062,5.895932814,6.265332615
4045_-_,4045,1920,N,F,α05,5,A1-3,A1,2024-03-11-Map2,ROI_1,4045_-_,4045,1920,RV 10,F,α05,5,A1-3,2024-03-11-Map2,,TRUE,1602634.899,111.3626415,152.6718897,3490385.335,6486963.353,11579983.59,34.98309465,65.01690535,0.538061516,13.83969922,16.06273318
3647(2)_-_,3647,1832,L/H,F,05A,5,A5,A5,2024-03-11-Map2,ROI_3,3647(2)_-_,3647,1832,L/H,F,05A,5,A5,2024-03-11-Map2,,TRUE,0,NA,NA,0,0,0,,,,,
3648_-_,3648,1887,N,M,α02,2,A1-3,A3,2024-03-11-Map2,ROI_3,3648_-_,3648,1887,RV 10,M,α02,2,A1-3,2024-03-11-Map2,,TRUE,2410561.742,98.80843166,120.6632244,5932166.703,27591849.68,35934578.13,17.69527444,82.30472556,0.214997065,6.708195469,7.190551735
4045_-_,4045,1920,N,F,α05,5,A1-3,A2,2024-03-11-Map2,ROI_2,4045_-_,4045,1920,RV 10,F,α05,5,A1-3,2024-03-11-Map2,,TRUE,2380825.643,112.8293695,137.2226535,8666465.073,10391424.22,21438714.93,45.47442238,54.52557762,0.834001662,11.10526284,12.49259877
4045_-_,4045,1920,N,F,α05,5,A1-3,A3,2024-03-11-Map2,ROI_3,4045_-_,4045,1920,RV 10,F,α05,5,A1-3,2024-03-11-Map2,,TRUE,6046979.582,111.215831,126.0672368,11725653.7,14672502.83,32445136.11,44.41845658,55.58154342,0.799158387,18.63755344,22.90682524
3825(2_3)_-_,3825,1832,L/H,F,01A,1,A1,A1,2024-03-11-Map2,ROI_3,3825(2_3)_-_,3825,1832,L/H,F,01A,1,A1,2024-03-11-Map2,,TRUE,0,NA,NA,0,0,0,,,,,
3858(2)_-_,3858,1828,L/H,M,05A,5,A5,A5,2024-03-11-Map2,ROI_3,3858(2)_-_,3858,1828,L/H,M,05A,5,A5,2024-03-11-Map2,,TRUE,0,NA,NA,0,0,0,,,,,
3882_-_,3882,1919,N,F,α03,3,A1-3,A3,2024-03-11-Map2,ROI_3,3882_-_,3882,1919,RV 10,F,α03,3,A1-3,2024-03-11-Map2,,TRUE,5764026.675,118.3633183,133.4261826,15110578.21,12399335.2,33273940.09,54.92775635,45.07224365,1.218660353,17.322946,20.95254386
4045_-_,4045,1920,N,F,α05,5,A1-3,A3,2024-03-11-Map2,ROI_4,4045_-_,4045,1920,RV 10,F,α05,5,A1-3,2024-03-11-Map2,,TRUE,6143095.696,134.9436196,136.5808217,20189324.77,6899544.061,33231964.53,,,,,
3974_-_,3974,1889,N,F,α04,4,A1-3,A3,2024-03-11-Map2,ROI_3,3974_-_,3974,1889,N,F,α04,4,A1-3,2024-03-11-Map2,,TRUE,2474769.048,100.2645759,126.0810821,5128390.573,24473175.07,32076334.69,17.32472746,82.67527254,0.209551501,7.715248865,8.360264041
4481_-_,4481,1919,N,F,β03,3,A4-5,A4,2024-03-11-Map2,ROI_1,4481_-_,4481,1919,RV 10,F,β03,3,A4-5,2024-03-11-Map2,,TRUE,7189677.572,119.0083592,130.6785214,16361767.01,15296846.17,38848290.76,51.6818817,48.3181183,1.06961702,18.50706281,22.71002059
4153_-_,4153,1920,N,F,β03,3,A4-5,A5,2024-03-11-Map2,ROI_3,4153_-_,4153,1920,RV 10,F,β03,3,A4-5,2024-03-11-Map2,,TRUE,4072601.385,128.2938957,130.0283995,12413918.53,12294931.39,28781451.31,50.24077839,49.75922161,1.00967774,14.15009042,16.48235914
4156_-_,4156,1915,RV 10,M,α03,3,A1-3,A3,2024-03-11-Map2,ROI_3,4156_-_,4156,1915,RV 10,M,α03,3,A1-3,2024-03-11-Map2,,TRUE,3390771.945,105.555365,124.7294771,7249761.038,25318098.43,35958631.41,22.26047753,77.73952247,0.286346981,9.429646825,10.4114056
1821.05P_-_,4052,1821,S/H,M,05P,5,A5,A5,2024-04-01-Map2,ROI_1,1821.05P_-_,4052,1821,S/H,M,05P,5,A5,2024-04-01-Map2,,TRUE,8556672.323,126.9849952,132.0831896,13308303.35,22565507.48,44430483.16,37.09754565,62.90245435,0.589763087,19.2585624,23.85214206
4276_-_,4276,1926,N,M,α04,4,A1-3,A3,2024-03-11-Map2,ROI_3,4276_-_,4276,1926,RV 10,M,α04,4,A1-3,2024-03-11-Map2,,TRUE,4562652.766,110.8666058,135.6059179,5643778.139,13167588.29,23374019.2,30.00195738,69.99804262,0.428611376,19.52018918,24.25476523
4310(2_3)_-_,4310,1830,L/H,M,05A,5,A5,A5,2024-03-11-Map2,ROI_3,4310(2_3)_-_,4310,1830,L/H,M,05A,5,A5,2024-03-11-Map2,,TRUE,0,NA,NA,0,0,0,,,,,
4330_-_,4330,1924,N,M,α03,3,A1-3,A3,2024-03-11-Map2,ROI_3,4330_-_,4330,1924,RV 10,M,α03,3,A1-3,2024-03-11-Map2,,TRUE,5399910.127,110.2699669,131.1958217,10476001.29,18444584.65,34320496.07,36.22333695,63.77666305,0.567971656,15.73377645,18.67151011
4397(2)_-_,4397,1832,L/H,F,02A,2,A2,A2,2024-03-11-Map2,ROI_3,4397(2)_-_,4397,1832,L/H,F,02A,2,A2,2024-03-11-Map2,,TRUE,0,NA,NA,0,0,0,,,,,
4421_-_,4421,1923,N,M,β03,3,A4-5,A5,2024-03-11-Map2,ROI_3,4421_-_,4421,1923,RV 10,M,β03,3,A4-5,2024-03-11-Map2,,TRUE,4642648.612,95.46799117,131.2163355,7750088.043,17020424.4,29413161.05,31.28755637,68.71244363,0.45534047,15.78425591,18.74264258
4481_-_,4481,1919,N,F,β03,3,A4-5,A5,2024-03-11-Map2,ROI_2,4481_-_,4481,1919,RV 10,F,β03,3,A4-5,2024-03-11-Map2,,TRUE,6148712.428,124.4209476,132.5781202,16174994.52,9471906.182,31795613.13,63.06802802,36.93197198,1.707681032,19.33824142,23.97448526
4691(2)_-_,4691,1830,L/H,M,02A,2,A2,A2,2024-03-11-Map2,ROI_3,4691(2)_-_,4691,1830,L/H,M,02A,2,A2,2024-03-11-Map2,,TRUE,0,NA,NA,0,0,0,,,,,
4711_-_,4711,1864,N,M,β04,4,A4-5,A5,2024-03-11-Map2,ROI_3,4711_-_,4711,1864,N,M,β04,4,A4-5,2024-03-11-Map2,,TRUE,4647013.734,105.0706541,121.9128682,4069318.089,26194720.79,34911052.61,13.44605096,86.55394904,0.155348787,13.31101009,15.35490274
4740(1_2)_-_,4740,1832,L/H,F,03A,3,A3,A3,2024-03-11-Map2,ROI_3,4740(1_2)_-_,4740,1832,L/H,F,03A,3,A3,2024-03-11-Map2,,TRUE,0,NA,NA,0,0,0,,,,,
4481_-_,4481,1919,N,F,β03,3,A4-5,A5,2024-03-11-Map2,ROI_3,4481_-_,4481,1919,RV 10,F,β03,3,A4-5,2024-03-11-Map2,,TRUE,2163521.971,129.8934781,146.5553759,11532444.56,9371653.257,23067619.79,,,,,
4481_-_,4481,1919,N,F,β03,3,A4-5,A5,2024-03-11-Map2,ROI_4,4481_-_,4481,1919,RV 10,F,β03,3,A4-5,2024-03-11-Map2,,TRUE,2496224.943,135.6286712,144.3237956,13927084.37,7930740.645,24354049.96,,,,,
4810_-_,4810,1922,N,M,α03,3,A1-3,A3,2024-03-11-Map2,ROI_3,4810_-_,4810,1922,RV 10,M,α03,3,A1-3,2024-03-11-Map2,,TRUE,5103486.873,121.7317326,139.1738247,17512071.22,15242018.81,37857576.9,53.4652961,46.5347039,1.148933841,13.48075416,15.58122014
4825_-_,4825,1889,N,F,β04,4,A4-5,A5,2024-03-11-Map2,ROI_3,4825_-_,4825,1889,N,F,β04,4,A4-5,2024-03-11-Map2,,TRUE,3029577.347,102.7358822,117.9738146,4937359.475,23525488.17,31492424.99,17.34668132,82.65331868,0.209872775,9.620019252,10.64397134
4744_-_,4744,1918,N,F,α03,3,A1-3,A1,2024-03-11-Map2,ROI_1,4744_-_,4744,1918,RV 10,F,α03,3,A1-3,2024-03-11-Map2,,TRUE,1927970.038,104.9737487,133.4957529,3270317.502,7761988.204,12960275.74,29.64310081,70.35689919,0.421324719,14.87599552,17.47567635
4899(3)_-_,4899,1830,L/H,M,03A,3,A3,A3,2024-03-11-Map2,ROI_3,4899(3)_-_,4899,1830,L/H,M,03A,3,A3,2024-03-11-Map2,,TRUE,0,NA,NA,0,0,0,,,,,
4902_-_,4902,1925,N,M,α04,4,A1-3,A3,2024-03-11-Map2,ROI_3,4902_-_,4902,1925,RV 10,M,α04,4,A1-3,2024-03-11-Map2,,TRUE,4687775.586,120.7068802,142.1074192,15236941.06,16616468.64,36541185.29,47.83456842,52.16543158,0.916978293,12.82874529,14.71671519
4919(3)_-_,4919,1830,L/H,M,01A,1,A1,A1,2024-03-11-Map2,ROI_3,4919(3)_-_,4919,1830,L/H,M,01A,1,A1,2024-03-11-Map2,,TRUE,0,NA,NA,0,0,0,,,,,
4744_-_,4744,1918,N,F,α03,3,A1-3,A2,2024-03-11-Map2,ROI_2,4744_-_,4744,1918,RV 10,F,α03,3,A1-3,2024-03-11-Map2,,TRUE,6038541.197,105.7500087,131.7914092,5337589.528,15218813.89,26594944.61,25.96558075,74.03441925,0.350723096,22.70559795,29.37547525
_-__02,0,#N/A,#N/A,#N/A,#N/A,4,A4,A4,2024-03-11-Map2,ROI_3,_-__02,0,#N/A,RV 10,#N/A,#N/A,#N/A,#N/A,2024-03-11-Map2,,TRUE,0,NA,NA,0,0,0,,,,,
_-__03,0,#N/A,#N/A,#N/A,#N/A,3,A3,A3,2024-03-11-Map2,ROI_3,_-__03,0,#N/A,RV 10,#N/A,#N/A,#N/A,#N/A,2024-03-11-Map2,,TRUE,0,NA,NA,0,0,0,,,,,
_-__04,0,#N/A,#N/A,#N/A,#N/A,2,A2,A2,2024-03-11-Map2,ROI_3,_-__04,0,#N/A,RV 10,#N/A,#N/A,#N/A,#N/A,2024-03-11-Map2,,TRUE,0,NA,NA,0,0,0,,,,,
_-__05,0,#N/A,#N/A,#N/A,#N/A,#N/A,#N/A,#N/A,2024-03-11-Map2,ROI_3,_-__05,0,#N/A,#N/A,#N/A,#N/A,#N/A,#N/A,2024-03-11-Map2,,TRUE,3091550.985,148.3142499,174.9252479,15526465.13,10259840.56,28877856.68,60.2120572,39.7879428,1.513324213,10.70561094,11.98911942
_-__06,0,#N/A,#N/A,#N/A,#N/A,1,A1,A1,2024-03-11-Map2,ROI_3,_-__06,0,#N/A,RV 10,#N/A,#N/A,#N/A,#N/A,2024-03-11-Map2,,TRUE,3845272.518,124.134459,155.6835637,13003757.36,18739173.65,35588203.53,40.96583695,59.03416305,0.693934407,10.80490763,12.11379162
Image_1218(1),1218,1351,N,F,04B,4,A4,A4,2024-03-11-Map2,ROI_3,Image_1218(1),1218,1351,N,F,04B,4,A4,2024-03-11-Map2,,TRUE,0,NA,NA,0,0,0,,,,,
Image_1386(1_2),1386,07.29.20.,DBX,NA,03A,3,A3,A3,2024-03-11-Map2,ROI_3,Image_1386(1_2),1386,07.29.20.,RV 10,NA,03A,3,A3,2024-03-11-Map2,,TRUE,0,NA,NA,0,0,0,,,,,
Image_1408(1_2),1408,1352,N,M,02A,2,A2,A2,2024-03-11-Map2,ROI_3,Image_1408(1_2),1408,1352,N,M,02A,2,A2,2024-03-11-Map2,,TRUE,0,NA,NA,0,0,0,,,,,
Image_1532(1),1532,1310,L/H,M,05C,5,A5,A5,2024-03-11-Map2,ROI_3,Image_1532(1),1532,1310,L/H,M,05C,5,A5,2024-03-11-Map2,,TRUE,0,NA,NA,0,0,0,,,,,
Image_1551(2),1551,1554,Naïve,M,04B,4,A4,A4,2024-03-11-Map2,ROI_3,Image_1551(2),1551,1554,N,M,04B,4,A4,2024-03-11-Map2,,TRUE,0,NA,NA,0,0,0,,,,,
Image_1592(2),1592,1310,L/H,M,04C,4,A4,A4,2024-03-11-Map2,ROI_3,Image_1592(2),1592,1310,L/H,M,04C,4,A4,2024-03-11-Map2,,TRUE,0,NA,NA,0,0,0,,,,,
Image_1667(1_3) (Image 1),1667,1310,L/H,M,01D,1,A1,A1,2024-03-11-Map2,ROI_3,Image_1667(1_3) (Image 1),1667,1310,L/H,M,01D,1,A1,2024-03-11-Map2,,TRUE,0,NA,NA,0,0,0,,,,,
Image_1667(1_3) (Image 2),1667,1310,L/H,M,01D,1,A1,A1,2024-03-11-Map2,ROI_3,Image_1667(1_3) (Image 2),1667,1310,L/H,M,01D,1,A1,2024-03-11-Map2,,TRUE,0,NA,NA,0,0,0,,,,,
Image_1696(1_3) (Image 1),1696,1351,N,F,02B,2,A2,A2,2024-03-11-Map2,ROI_3,Image_1696(1_3) (Image 1),1696,1351,N,F,02B,2,A2,2024-03-11-Map2,,TRUE,0,NA,NA,0,0,0,,,,,
Image_1696(1_3) (Image 2),1696,1351,N,F,02B,2,A2,A2,2024-03-11-Map2,ROI_3,Image_1696(1_3) (Image 2),1696,1351,N,F,02B,2,A2,2024-03-11-Map2,,TRUE,0,NA,NA,0,0,0,,,,,
Image_1702(1_2),1702,1310,L/H,M,03D,3,A3,A3,2024-03-11-Map2,ROI_3,Image_1702(1_2),1702,1310,L/H,M,03D,3,A3,2024-03-11-Map2,,TRUE,0,NA,NA,0,0,0,,,,,
Image_1776(2_3),1776,1352,N,M,01A,1,A1,A1,2024-03-11-Map2,ROI_3,Image_1776(2_3),1776,1352,N,M,01A,1,A1,2024-03-11-Map2,,TRUE,0,NA,NA,0,0,0,,,,,
Image_1827(1_3) (Image 1),1827,1351,N,F,03B,3,A3,A3,2024-03-11-Map2,ROI_3,Image_1827(1_3) (Image 1),1827,1351,N,F,03B,3,A3,2024-03-11-Map2,,TRUE,0,NA,NA,0,0,0,,,,,
Image_1827(1_3) (Image 2),1827,1351,N,F,03B,3,A3,A3,2024-03-11-Map2,ROI_3,Image_1827(1_3) (Image 2),1827,1351,N,F,03B,3,A3,2024-03-11-Map2,,TRUE,0,NA,NA,0,0,0,,,,,
Image_1899(2),1899,1310,L/H,M,02D,2,A2,A2,2024-03-11-Map2,ROI_3,Image_1899(2),1899,1310,L/H,M,02D,2,A2,2024-03-11-Map2,,TRUE,0,NA,NA,0,0,0,,,,,
Image_1915(2),1915,1554,Naïve,M,05B,5,A5,A5,2024-03-11-Map2,ROI_3,Image_1915(2),1915,1554,N,M,05B,5,A5,2024-03-11-Map2,,TRUE,0,NA,NA,0,0,0,,,,,
Image_1986(1_2),1986,1554,Naïve,M,02M,2,A2,A2,2024-03-11-Map2,ROI_3,Image_1986(1_2),1986,1554,N,M,02M,2,A2,2024-03-11-Map2,,TRUE,0,NA,NA,0,0,0,,,,,
Image_2098(2_3),2098,1351,N,F,04P,4,A4,A4,2024-03-11-Map2,ROI_3,Image_2098(2_3),2098,1351,N,F,04P,4,A4,2024-03-11-Map2,,TRUE,0,NA,NA,0,0,0,,,,,
Image_2205(1),2205,1351,N,F,05B,5,A5,A5,2024-03-11-Map2,ROI_3,Image_2205(1),2205,1351,N,F,05B,5,A5,2024-03-11-Map2,,TRUE,0,NA,NA,0,0,0,,,,,
Image_2222(3_5) (Image 1),2222,1351,N,F,01B,1,A1,A1,2024-03-11-Map2,ROI_3,Image_2222(3_5) (Image 1),2222,1351,N,F,01B,1,A1,2024-03-11-Map2,,TRUE,0,NA,NA,0,0,0,,,,,
Image_2222(3_5) (Image 2),2222,1351,N,F,01B,1,A1,A1,2024-03-11-Map2,ROI_3,Image_2222(3_5) (Image 2),2222,1351,N,F,01B,1,A1,2024-03-11-Map2,,TRUE,0,NA,NA,0,0,0,,,,,
Image_2397(3),2397,1352,N,M,01D,1,A1,A1,2024-03-11-Map2,ROI_3,Image_2397(3),2397,1352,N,M,01D,1,A1,2024-03-11-Map2,,TRUE,0,NA,NA,0,0,0,,,,,
Image_2449(1_2),2449,1554,Naïve,M,03B,3,A3,A3,2024-03-11-Map2,ROI_3,Image_2449(1_2),2449,1554,N,M,03B,3,A3,2024-03-11-Map2,,TRUE,0,NA,NA,0,0,0,,,,,
Image_2479,2479,08.24.20.,DBX,NA,01D,1,A1,A1,2024-03-11-Map2,ROI_3,Image_2479,2479,08.24.20.,RV 10,NA,01D,1,A1,2024-03-11-Map2,,TRUE,2158537.309,110.9395722,116.8802303,5580998.865,20778504.56,28518040.73,21.17262521,78.82737479,0.268594828,7.569023866,8.188839048
Image_2509(2_3),2509,05.21.012.,L/N,NA,05C,5,A5,A5,2024-03-11-Map2,ROI_3,Image_2509(2_3),2509,05.21.012.,L/N,NA,05C,5,A5,2024-03-11-Map2,,TRUE,0,NA,NA,0,0,0,,,,,
Image_2575(1),2575,1352,N,M,04A,4,A4,A4,2024-03-11-Map2,ROI_3,Image_2575(1),2575,1352,N,M,04A,4,A4,2024-03-11-Map2,,TRUE,0,NA,NA,0,0,0,,,,,
Image_2835(1),2835,1352,N,M,05A,5,A5,A5,2024-03-11-Map2,ROI_3,Image_2835(1),2835,1352,N,M,05A,5,A5,2024-03-11-Map2,,TRUE,0,NA,NA,0,0,0,,,,,
Image_2877(1),2877,1352,N,M,03A,3,A3,A3,2024-03-11-Map2,ROI_3,Image_2877(1),2877,1352,N,M,03A,3,A3,2024-03-11-Map2,,TRUE,0,NA,NA,0,0,0,,,,,
Image_2979(1_2),2979,1315,L/H,F,05E,5,A5,A5,2024-03-11-Map2,ROI_3,Image_2979(1_2),2979,1315,L/H,F,05E,5,A5,2024-03-11-Map2,,TRUE,0,NA,NA,0,0,0,,,,,
Image_3279,3279,1221,L/H,M,α05,5,A1-3,A3,2024-03-11-Map2,ROI_3,Image_3279,3279,1221,L/H,M,α05,5,A1-3,2024-03-11-Map2,,TRUE,7134805.053,117.1922488,129.6807914,9086540.92,13143178.4,29364524.37,40.87564395,59.12435605,0.691350345,24.29736291,32.0957946
Image_3680,3680,1893,N,F,α05,5,A1-3,A3,2024-03-11-Map2,ROI_3,Image_3680,3680,1893,N,F,α05,5,A1-3,2024-03-11-Map2,,TRUE,2691121.475,118.270368,118.1212211,11917283.58,19504855.56,34113260.61,37.92639172,62.07360828,0.610990609,7.888784088,8.564412064
Image_3850,3850,1221,L/H,M,β02,2,A4-5,A5,2024-03-11-Map2,ROI_3,Image_3850,3850,1221,L/H,M,β02,2,A4-5,2024-03-11-Map2,,TRUE,0,NA,NA,0,0,0,,,,,
Image_4111(3),4111,1221,L/H,M,01A,1,A1,A1,2024-03-11-Map2,ROI_3,Image_4111(3),4111,1221,L/H,M,01A,1,A1,2024-03-11-Map2,,TRUE,0,NA,NA,0,0,0,,,,,
Image_4202,4202,1893,N,F,β05,5,A4-5,A5,2024-03-11-Map2,ROI_3,Image_4202,4202,1893,N,F,β05,5,A4-5,2024-03-11-Map2,,TRUE,1178808.252,118.0225322,190.9612166,16707842.88,18284571.17,36171222.3,47.74704271,52.25295729,0.913767281,3.258967149,3.368753726
Image_4242(1_2),4242,1886,N,M,β03,3,A4-5,A5,2024-03-11-Map2,ROI_3,Image_4242(1_2),4242,1886,RV 10,M,β03,3,A4-5,2024-03-11-Map2,,TRUE,0,NA,NA,0,0,0,,,,,
Image_7243,7243,1958,S/H,F,α01,1,A1-3,A3,2024-03-11-Map2,ROI_4,Image_7243,7243,1958,S/H,F,α01,1,A1-3,2024-03-11-Map2,,TRUE,1419134.737,99.03197824,165.8211296,13500694.87,22661493.36,37581322.97,37.33373318,62.66626682,0.595754863,3.776170249,3.924360793
Image_4532(2_3),4532,1221,L/H,M,03A,3,A3,A3,2024-03-11-Map2,ROI_3,Image_4532(2_3),4532,1221,L/H,M,03A,3,A3,2024-03-11-Map2,,TRUE,0,NA,NA,0,0,0,,,,,
Image_4616(2),4616,1221,L/H,M,05A,5,A5,A5,2024-03-11-Map2,ROI_3,Image_4616(2),4616,1221,L/H,M,05A,5,A5,2024-03-11-Map2,,TRUE,0,NA,NA,0,0,0,,,,,
Image_4833(2),4833,1221,L/H,M,04A,4,A4,A4,2024-03-11-Map2,ROI_3,Image_4833(2),4833,1221,L/H,M,04A,4,A4,2024-03-11-Map2,,TRUE,0,NA,NA,0,0,0,,,,,
Image_4913(2_3),4913,1221,L/H,M,02A,2,A2,A2,2024-03-11-Map2,ROI_3,Image_4913(2_3),4913,1221,L/H,M,02A,2,A2,2024-03-11-Map2,,TRUE,0,NA,NA,0,0,0,,,,,
Image_4380,4380,1964,S/H,M,α01,1,A1-3,A2,2024-03-11-Map2,ROI_2,Image_4380,4380,1964,S/H,M,α01,1,A1-3,2024-03-11-Map2,,TRUE,1989630.058,112.3535778,172.8041904,8236771.954,13133139.13,23359541.14,38.54378207,61.45621793,0.627174651,8.517419268,9.310427406
Image_6134(1_2_3),6134,1956,S/H,M,β04,4,A4-5,A5,2024-03-11-Map2,ROI_3,Image_6134(1_2_3),6134,1956,S/H,M,β04,4,A4-5,2024-03-11-Map2,,TRUE,981121.4008,118.6847763,161.4787443,8194995.122,12970216.16,22146332.69,38.71917464,61.28082536,0.631831807,4.430175481,4.635537947
Image_5250,5250,1963,S/H,F,β02,2,A4-5,A4,2024-03-11-Map2,ROI_1,Image_5250,5250,1963,S/H,F,β02,2,A4-5,2024-03-11-Map2,,TRUE,2953620.149,106.2108434,162.3581106,12688803.82,19181734.86,34824158.84,39.81358441,60.18641559,0.661504494,8.48152618,9.267556403
Image_7923(1),7923,1957,S/H,M,β01,1,A4-5,A4,2024-03-11-Map2,ROI_1,Image_7923(1),7923,1957,S/H,M,β01,1,A4-5,2024-03-11-Map2,,TRUE,1356207.155,98.15687975,193.8462758,14862234.31,22005707.5,38224148.97,40.3120803,59.6879197,0.67538089,3.548037541,3.678554018
Image_6837(1_2_3),6837,1963,S/H,F,α01,1,A1-3,A1,2024-03-11-Map2,ROI_1,Image_6837(1_2_3),6837,1963,S/H,F,α01,1,A1-3,2024-03-11-Map2,,TRUE,720416.5744,112.7454302,181.0096154,3794317.917,5583856.332,10098590.82,40.45902557,59.54097443,0.679515677,7.133832702,7.681842494
Image_6254,6254,1957,S/H,M,α01,1,A1-3,A3,2024-03-11-Map2,ROI_4,Image_6254,6254,1957,S/H,M,α01,1,A1-3,2024-03-11-Map2,,TRUE,2915869.854,114.7997817,169.2923892,12945733.92,19032083.97,34893687.74,40.48348129,59.51651871,0.680205801,8.356439353,9.118414097
Image_6220,6220,1955,S/H,F,α01,1,A1-3,A2,2024-03-11-Map2,ROI_2,Image_6220,6220,1955,S/H,F,α01,1,A1-3,2024-03-11-Map2,,TRUE,1169585.423,103.5895463,170.8011643,9031196.568,12667997.37,22868779.37,41.61996336,58.38003664,0.712914307,5.114332532,5.389994789
Image_5025,5025,1964,S/H,M,β01,1,A4-5,A4,2024-03-11-Map2,ROI_1,Image_5025,5025,1964,S/H,M,β01,1,A4-5,2024-03-11-Map2,,TRUE,1306166.51,126.2540034,209.7513396,11694474.39,15857970.37,28858611.28,42.44441643,57.55558357,0.737450892,4.526089275,4.740655578
Image_6254,6254,1957,S/H,M,α01,1,A1-3,A3,2024-03-11-Map2,ROI_3,Image_6254,6254,1957,S/H,M,α01,1,A1-3,2024-03-11-Map2,,TRUE,2012585.281,105.9762407,174.3481316,13844839.82,17663765.15,33521190.25,43.93986922,56.06013078,0.783798907,6.003919509,6.387414749
Image_6220,6220,1955,S/H,F,α01,1,A1-3,A1,2024-03-11-Map2,ROI_1,Image_6220,6220,1955,S/H,F,α01,1,A1-3,2024-03-11-Map2,,TRUE,987605.6065,123.8022782,175.6175965,4787001.036,5978157.375,11752764.02,44.4675392,55.5324608,0.800748581,8.40317737,9.174092647
Image_6134(1_2_3),6134,1956,S/H,M,β04,4,A4-5,A5,2024-03-11-Map2,ROI_2,Image_6134(1_2_3),6134,1956,S/H,M,β04,4,A4-5,2024-03-11-Map2,,TRUE,706239.5198,144.434662,204.9298781,8558767.738,10496790.07,19761797.32,44.91481082,55.08518918,0.815370002,3.573761578,3.706212787
Image_6837(1_2_3),6837,1963,S/H,F,α01,1,A1-3,A3,2024-03-11-Map2,ROI_3,Image_6837(1_2_3),6837,1963,S/H,F,α01,1,A1-3,2024-03-11-Map2,,TRUE,1572016.938,113.2212633,168.6085163,14839063.77,16985751.8,33396832.51,46.62733626,53.37266374,0.873618309,4.707083935,4.939594809
Image_6029,6029,1956,S/H,M,α01,1,A1-3,A3,2024-03-11-Map2,ROI_4,Image_6029,6029,1956,S/H,M,α01,1,A1-3,2024-03-11-Map2,,TRUE,2169871.834,128.0404149,145.7801058,16789637.57,19044015.44,38003524.85,46.85438453,53.14561547,0.881622766,5.709659413,6.055402258
Image_6220,6220,1955,S/H,F,α01,1,A1-3,A3,2024-03-11-Map2,ROI_3,Image_6220,6220,1955,S/H,F,α01,1,A1-3,2024-03-11-Map2,,TRUE,1953818.274,126.9544415,180.1720369,12042962.64,13526612.28,27523393.2,47.09879877,52.90120123,0.890316244,7.098755084,7.641184023
1821.03O_-_,3055,1821,S/H,M,03O,3,A3,A3,2024-03-11-Map2,ROI_3,1821.03O_-_,3055,1821,S/H,M,03O,3,A3,2024-03-11-Map2,,TRUE,10247352.99,115.6957015,143.5226775,12562439.57,13038289.99,35848082.56,49.07063115,50.92936885,0.963503618,28.58549819,40.02758188
Image_6351,6351,1961,S/H,M,β02,2,A4-5,A4,2024-03-11-Map2,ROI_1,Image_6351,6351,1961,S/H,M,β02,2,A4-5,2024-03-11-Map2,,TRUE,2627127.285,137.5262642,187.4671933,16265536.45,15275215.12,34167878.85,51.56990763,48.43009237,1.064831907,7.688880239,8.329310985
Image_6351,6351,1961,S/H,M,β02,2,A4-5,A5,2024-03-11-Map2,ROI_2,Image_6351,6351,1961,S/H,M,β02,2,A4-5,2024-03-11-Map2,,TRUE,2466296.432,138.3338245,176.4465914,14132501.32,13246004.6,29844802.35,51.61896474,48.38103526,1.066925593,8.263738533,9.008148361
Image_6649,6649,1955,S/H,F,β01,1,A4-5,A5,2024-03-11-Map2,ROI_2,Image_6649,6649,1955,S/H,F,β01,1,A4-5,2024-03-11-Map2,,TRUE,1574614.983,144.1968547,199.6910817,17358998.82,13448558.94,32382172.75,,,,,
Image_6649,6649,1955,S/H,F,β01,1,A4-5,A5,2024-03-11-Map2,ROI_3,Image_6649,6649,1955,S/H,F,β01,1,A4-5,2024-03-11-Map2,,TRUE,1218067.468,158.3050173,208.903016,11997412.65,8743080.626,21958560.74,,,,,
Image_5837,5837,1964,S/H,M,β03,3,A4-5,A4,2024-03-11-Map2,ROI_1,Image_5837,5837,1964,S/H,M,β03,3,A4-5,2024-03-11-Map2,,TRUE,5064076.87,135.6058607,141.618172,18749917.8,13355226.76,37169221.43,58.40159905,41.59840095,1.403938558,13.62438242,15.77341245
Image_6220,6220,1955,S/H,F,α01,1,A1-3,A3,2024-03-11-Map2,ROI_4,Image_6220,6220,1955,S/H,F,α01,1,A1-3,2024-03-11-Map2,,TRUE,2700226.299,155.1577416,181.5305277,21004888.75,12045646.32,35750761.36,63.55385384,36.44614616,1.743774323,7.552919704,8.169992692
1949_40x-1-3,1949,1798,L/H,M,α02,2,A1-3,A3,2024-04-01-Map2,ROI_3,1949_40x-1-3,1949,1798,L/H,M,α02,2,A1-3,2024-04-01-Map2,,TRUE,407763.733,158.2884251,208.9371935,16917273.27,13307722.41,30632759.41,55.97113545,44.02886455,1.271237313,1.331136146,1.34909443
2162_40x-1,2162,1798,L/H,M,β02,2,A4-5,A5,2024-04-01-Map2,ROI_3,2162_40x-1,2162,1798,L/H,M,β02,2,A4-5,2024-04-01-Map2,,TRUE,0,NA,NA,0,0,0,#DIV/0!,#DIV/0!,#DIV/0!,#DIV/0!,#DIV/0!
2162_40x-2,2162,1798,L/H,M,β02,2,A4-5,A5,2024-04-01-Map2,ROI_3,2162_40x-2,2162,1798,L/H,M,β02,2,A4-5,2024-04-01-Map2,,TRUE,0,NA,NA,0,0,0,#DIV/0!,#DIV/0!,#DIV/0!,#DIV/0!,#DIV/0!
2162_40x-3,2162,1798,L/H,M,β02,2,A4-5,A5,2024-04-01-Map2,ROI_3,2162_40x-3,2162,1798,L/H,M,β02,2,A4-5,2024-04-01-Map2,,TRUE,0,NA,NA,0,0,0,#DIV/0!,#DIV/0!,#DIV/0!,#DIV/0!,#DIV/0!
3290_40x-1-4,3290,1921,N,M,β01,1,A4-5,A5,2024-04-01-Map2,ROI_3,3290_40x-1-4,3290,1921,RV 10,M,β01,1,A4-5,2024-04-01-Map2,,TRUE,2713168.911,132.7900368,165.829892,11267597.65,14903082.23,28883848.79,43.05427945,56.94572055,0.756058208,9.393377353,10.36720836
3663_40x-1,3663,1889,N,F,α03,3,A1-3,A3,2024-04-01-Map2,ROI_3,3663_40x-1,3663,1889,N,F,α03,3,A1-3,2024-04-01-Map2,,TRUE,0,NA,NA,0,0,0,#DIV/0!,#DIV/0!,#DIV/0!,#DIV/0!,#DIV/0!
3663_40x-2,3663,1889,N,F,α03,3,A1-3,A3,2024-04-01-Map2,ROI_3,3663_40x-2,3663,1889,N,F,α03,3,A1-3,2024-04-01-Map2,,TRUE,0,NA,NA,0,0,0,#DIV/0!,#DIV/0!,#DIV/0!,#DIV/0!,#DIV/0!
3663_40x-3,3663,1889,N,F,α03,3,A1-3,A3,2024-04-01-Map2,ROI_3,3663_40x-3,3663,1889,N,F,α03,3,A1-3,2024-04-01-Map2,,TRUE,0,NA,NA,0,0,0,#DIV/0!,#DIV/0!,#DIV/0!,#DIV/0!,#DIV/0!
4460_40x-1-3,4460,1921,N,M,α01,1,A1-3,A3,2024-04-01-Map2,ROI_3,4460_40x-1-3,4460,1921,RV 10,M,α01,1,A1-3,2024-04-01-Map2,,TRUE,2528971.907,104.9151346,154.7479453,5987445.885,27105782.4,35622200.19,18.09266184,81.90733816,0.22089183,7.099426463,7.641961931
1919-01-A_40X_4,4049,1919,N,F,01A,1,A1,A1,2024-04-01-Map2,ROI_3,1919-01-A_40X_4,4049,1919,RV 10,F,01A,1,A1,2024-04-01-Map2,,TRUE,0,NA,NA,0,0,0,#DIV/0!,#DIV/0!,#DIV/0!,#DIV/0!,#DIV/0!
1919-03-A_40x-2,4961,1919,N,F,03A,3,A3,A3,2024-04-01-Map2,ROI_3,1919-03-A_40x-2,4961,1919,RV 10,F,03A,3,A3,2024-04-01-Map2,,TRUE,0,NA,NA,0,0,0,#DIV/0!,#DIV/0!,#DIV/0!,#DIV/0!,#DIV/0!
1919-03-A_40x-3,4961,1919,N,F,03A,3,A3,A3,2024-04-01-Map2,ROI_3,1919-03-A_40x-3,4961,1919,RV 10,F,03A,3,A3,2024-04-01-Map2,,TRUE,0,NA,NA,0,0,0,#DIV/0!,#DIV/0!,#DIV/0!,#DIV/0!,#DIV/0!
1919-04-A_40x-1,3545,1919,N,F,04A,4,A4,A4,2024-04-01-Map2,ROI_3,1919-04-A_40x-1,3545,1919,RV 10,F,04A,4,A4,2024-04-01-Map2,,TRUE,0,NA,NA,0,0,0,#DIV/0!,#DIV/0!,#DIV/0!,#DIV/0!,#DIV/0!
1919-04-A_40x-2,3545,1919,N,F,04A,4,A4,A4,2024-04-01-Map2,ROI_3,1919-04-A_40x-2,3545,1919,RV 10,F,04A,4,A4,2024-04-01-Map2,,TRUE,0,NA,NA,0,0,0,#DIV/0!,#DIV/0!,#DIV/0!,#DIV/0!,#DIV/0!
1919-05-A-40x-1,4546,1919,N,F,05A,5,A5,A5,2024-04-01-Map2,ROI_3,1919-05-A-40x-1,4546,1919,RV 10,F,05A,5,A5,2024-04-01-Map2,,TRUE,0,NA,NA,0,0,0,#DIV/0!,#DIV/0!,#DIV/0!,#DIV/0!,#DIV/0!
1919-05-A-40x-3,4546,1919,N,F,05A,5,A5,A5,2024-04-01-Map2,ROI_3,1919-05-A-40x-3,4546,1919,RV 10,F,05A,5,A5,2024-04-01-Map2,,TRUE,0,NA,NA,0,0,0,#DIV/0!,#DIV/0!,#DIV/0!,#DIV/0!,#DIV/0!
1923-Beta-1-40x-1,3266,1923,N,M,β01,1,A4-5,A5,2024-04-01-Map2,ROI_3,1923-Beta-1-40x-1,3266,1923,RV 10,M,β01,1,A4-5,2024-04-01-Map2,,TRUE,0,NA,NA,0,0,0,#DIV/0!,#DIV/0!,#DIV/0!,#DIV/0!,#DIV/0!
1923-Beta-1-40x-2,3266,1923,N,M,β01,1,A4-5,A5,2024-04-01-Map2,ROI_3,1923-Beta-1-40x-2,3266,1923,RV 10,M,β01,1,A4-5,2024-04-01-Map2,,TRUE,0,NA,NA,0,0,0,#DIV/0!,#DIV/0!,#DIV/0!,#DIV/0!,#DIV/0!
1029(3_4)_-_,1029,1312,L/H,M,01A,1,A1,A1,2024-04-01-Map2,ROI_3,1029(3_4)_-_,1029,1312,L/H,M,01A,1,A1,2024-04-01-Map2,,TRUE,0,NA,NA,0,0,0,#DIV/0!,#DIV/0!,#DIV/0!,#DIV/0!,#DIV/0!
1043(2)_-_,1043,1798,L/H,M,03A,3,A3,A3,2024-04-01-Map2,ROI_3,1043(2)_-_,1043,1798,L/H,M,03A,3,A3,2024-04-01-Map2,,TRUE,0,NA,NA,0,0,0,#DIV/0!,#DIV/0!,#DIV/0!,#DIV/0!,#DIV/0!
1125(2)_-_,1125,1797,L/H,M,04A,4,A4,A4,2024-04-01-Map2,ROI_3,1125(2)_-_,1125,1797,L/H,M,04A,4,A4,2024-04-01-Map2,,TRUE,0,NA,NA,0,0,0,#DIV/0!,#DIV/0!,#DIV/0!,#DIV/0!,#DIV/0!
1142(2)_-_,1142,1797,L/H,M,05A,5,A5,A5,2024-04-01-Map2,ROI_3,1142(2)_-_,1142,1797,L/H,M,05A,5,A5,2024-04-01-Map2,,TRUE,0,NA,NA,0,0,0,#DIV/0!,#DIV/0!,#DIV/0!,#DIV/0!,#DIV/0!
1252(2)_-_,1252,1828,L/H,M,02A,2,A2,A2,2024-04-01-Map2,ROI_3,1252(2)_-_,1252,1828,L/H,M,02A,2,A2,2024-04-01-Map2,,TRUE,0,NA,NA,0,0,0,#DIV/0!,#DIV/0!,#DIV/0!,#DIV/0!,#DIV/0!
1262(2)_-_,1262,1315,L/H,F,03Q,3,A3,A3,2024-04-01-Map2,ROI_3,1262(2)_-_,1262,1315,L/H,F,03Q,3,A3,2024-04-01-Map2,,TRUE,0,NA,NA,0,0,0,#DIV/0!,#DIV/0!,#DIV/0!,#DIV/0!,#DIV/0!
1366(1_3)_-_ (Image 1),1366,1798,L/H,M,02A,2,A2,A2,2024-04-01-Map2,ROI_3,1366(1_3)_-_ (Image 1),1366,1798,L/H,M,02A,2,A2,2024-04-01-Map2,,TRUE,0,NA,NA,0,0,0,#DIV/0!,#DIV/0!,#DIV/0!,#DIV/0!,#DIV/0!
1366(1_3)_-_ (Image 2),1366,1798,L/H,M,02A,2,A2,A2,2024-04-01-Map2,ROI_3,1366(1_3)_-_ (Image 2),1366,1798,L/H,M,02A,2,A2,2024-04-01-Map2,,TRUE,0,NA,NA,0,0,0,#DIV/0!,#DIV/0!,#DIV/0!,#DIV/0!,#DIV/0!
1461(3)_-_,1461,1798,L/H,M,01A,1,A1,A1,2024-04-01-Map2,ROI_3,1461(3)_-_,1461,1798,L/H,M,01A,1,A1,2024-04-01-Map2,,TRUE,0,NA,NA,0,0,0,#DIV/0!,#DIV/0!,#DIV/0!,#DIV/0!,#DIV/0!
1708(3)_-_,1708,1312,L/H,M,04A,4,A4,A4,2024-04-01-Map2,ROI_3,1708(3)_-_,1708,1312,L/H,M,04A,4,A4,2024-04-01-Map2,,TRUE,0,NA,NA,0,0,0,#DIV/0!,#DIV/0!,#DIV/0!,#DIV/0!,#DIV/0!
1768_-_,1768,1737,RV 10,M,β01,1,A4-5,A5,2024-04-01-Map2,ROI_3,1768_-_,1768,1737,RV 10,M,β01,1,A4-5,2024-04-01-Map2,,TRUE,5171842.666,97.31831619,148.2295148,3445916.073,31197374.82,39815133.56,9.946849689,90.05315031,0.110455322,12.98964038,14.92884346
Image_6649,6649,1955,S/H,F,β01,1,A4-5,A4,2024-03-11-Map2,ROI_1,Image_6649,6649,1955,S/H,F,β01,1,A4-5,2024-03-11-Map2,,TRUE,1618595.222,155.488008,212.0758665,24100292.47,11623487.97,37342375.67,,,,,
1821.05P_-_,4052,1821,S/H,M,05P,5,A5,A5,2024-03-11-Map2,ROI_2,1821.05P_-_,4052,1821,S/H,M,05P,5,A5,2024-03-11-Map2,,TRUE,11154143.94,141.448793,147.2554913,18389276.13,8078208.869,37621628.94,,,,,
1821.05P_-_,4052,1821,S/H,M,05P,5,A5,A5,2024-03-11-Map2,ROI_3,1821.05P_-_,4052,1821,S/H,M,05P,5,A5,2024-03-11-Map2,,TRUE,12163760.33,143.646394,143.5551755,18802328.63,5842535.62,36808624.58,,,,,
1840(2_3)_-_,1840,1797,L/H,M,02A,2,A2,A2,2024-04-01-Map2,ROI_3,1840(2_3)_-_,1840,1797,L/H,M,02A,2,A2,2024-04-01-Map2,,TRUE,0,NA,NA,0,0,0,#DIV/0!,#DIV/0!,#DIV/0!,#DIV/0!,#DIV/0!
1876(1)_-_,1876,1798,L/H,M,04A,4,A4,A4,2024-04-01-Map2,ROI_3,1876(1)_-_,1876,1798,L/H,M,04A,4,A4,2024-04-01-Map2,,TRUE,0,NA,NA,0,0,0,#DIV/0!,#DIV/0!,#DIV/0!,#DIV/0!,#DIV/0!
1923(1)_-_,1923,1828,L/H,M,03A,3,A3,A3,2024-04-01-Map2,ROI_3,1923(1)_-_,1923,1828,L/H,M,03A,3,A3,2024-04-01-Map2,,TRUE,0,NA,NA,0,0,0,#DIV/0!,#DIV/0!,#DIV/0!,#DIV/0!,#DIV/0!
1940(1_2)_-_,1940,1798,L/H,M,05A,5,A5,A5,2024-04-01-Map2,ROI_3,1940(1_2)_-_,1940,1798,L/H,M,05A,5,A5,2024-04-01-Map2,,TRUE,0,NA,NA,0,0,0,#DIV/0!,#DIV/0!,#DIV/0!,#DIV/0!,#DIV/0!
2058(2_3)_-_,2058,1315,L/H,F,04D,4,A4,A4,2024-04-01-Map2,ROI_3,2058(2_3)_-_,2058,1315,L/H,F,04D,4,A4,2024-04-01-Map2,,TRUE,0,NA,NA,0,0,0,#DIV/0!,#DIV/0!,#DIV/0!,#DIV/0!,#DIV/0!
2129(3)_-_,2129,1797,L/H,M,01A,1,A1,A1,2024-04-01-Map2,ROI_3,2129(3)_-_,2129,1797,L/H,M,01A,1,A1,2024-04-01-Map2,,TRUE,0,NA,NA,0,0,0,#DIV/0!,#DIV/0!,#DIV/0!,#DIV/0!,#DIV/0!
2133(1_3)_-_ (Image 1),2133,1797,L/H,M,03A,3,A3,A3,2024-04-01-Map2,ROI_3,2133(1_3)_-_ (Image 1),2133,1797,L/H,M,03A,3,A3,2024-04-01-Map2,,TRUE,0,NA,NA,0,0,0,#DIV/0!,#DIV/0!,#DIV/0!,#DIV/0!,#DIV/0!
2133(1_3)_-_ (Image 2),2133,1797,L/H,M,03A,3,A3,A3,2024-04-01-Map2,ROI_3,2133(1_3)_-_ (Image 2),2133,1797,L/H,M,03A,3,A3,2024-04-01-Map2,,TRUE,0,NA,NA,0,0,0,#DIV/0!,#DIV/0!,#DIV/0!,#DIV/0!,#DIV/0!
2162_-_,2162,1798,L/H,M,β02,2,A4-5,A5,2024-04-01-Map2,ROI_3,2162_-_,2162,1798,L/H,M,β02,2,A4-5,2024-04-01-Map2,,TRUE,619600.9636,77.4471725,161.4907427,2902583.11,25247472.57,28769656.64,10.31110966,89.68889034,0.114965294,2.153661308,2.201064789
2224(3_6)_-_ (Image 1),2224,1315,L/H,F,01E,1,A1,A1,2024-04-01-Map2,ROI_3,2224(3_6)_-_ (Image 1),2224,1315,L/H,F,01E,1,A1,2024-04-01-Map2,,TRUE,0,NA,NA,0,0,0,#DIV/0!,#DIV/0!,#DIV/0!,#DIV/0!,#DIV/0!
2224(3_6)_-_ (Image 2),2224,1315,L/H,F,01E,1,A1,A1,2024-04-01-Map2,ROI_3,2224(3_6)_-_ (Image 2),2224,1315,L/H,F,01E,1,A1,2024-04-01-Map2,,TRUE,0,NA,NA,0,0,0,#DIV/0!,#DIV/0!,#DIV/0!,#DIV/0!,#DIV/0!
2260(1)_-_,2260,1315,L/H,F,02O,2,A2,A2,2024-04-01-Map2,ROI_3,2260(1)_-_,2260,1315,L/H,F,02O,2,A2,2024-04-01-Map2,,TRUE,0,NA,NA,0,0,0,#DIV/0!,#DIV/0!,#DIV/0!,#DIV/0!,#DIV/0!
2469(2)_-_,2469,1312,L/H,M,02A,2,A2,A2,2024-04-01-Map2,ROI_3,2469(2)_-_,2469,1312,L/H,M,02A,2,A2,2024-04-01-Map2,,TRUE,0,NA,NA,0,0,0,#DIV/0!,#DIV/0!,#DIV/0!,#DIV/0!,#DIV/0!
2709(1)_-_,2709,1312,L/H,M,05A,5,A5,A5,2024-04-01-Map2,ROI_3,2709(1)_-_,2709,1312,L/H,M,05A,5,A5,2024-04-01-Map2,,TRUE,0,NA,NA,0,0,0,#DIV/0!,#DIV/0!,#DIV/0!,#DIV/0!,#DIV/0!
2710(1_2)_-_,2710,1312,L/H,M,03A,3,A3,A3,2024-04-01-Map2,ROI_3,2710(1_2)_-_,2710,1312,L/H,M,03A,3,A3,2024-04-01-Map2,,TRUE,0,NA,NA,0,0,0,#DIV/0!,#DIV/0!,#DIV/0!,#DIV/0!,#DIV/0!
2755_-_,2755,1737,RV 10,M,α01,1,A1-3,A3,2024-04-01-Map2,ROI_3,2755_-_,2755,1737,RV 10,M,α01,1,A1-3,2024-04-01-Map2,,TRUE,4587001.455,101.6506597,152.1122891,4231324.689,31696509.61,40514835.75,11.77728848,88.22271152,0.133494973,11.32178218,12.767264
2916(3)_-_,2916,1828,L/H,M,01A,1,A1,A1,2024-04-01-Map2,ROI_3,2916(3)_-_,2916,1828,L/H,M,01A,1,A1,2024-04-01-Map2,,TRUE,0,NA,NA,0,0,0,#DIV/0!,#DIV/0!,#DIV/0!,#DIV/0!,#DIV/0!
3004_-_,3004,1864,N,M,α04,4,A1-3,A3,2024-04-01-Map2,ROI_3,3004_-_,3004,1864,N,M,α04,4,A1-3,2024-04-01-Map2,,TRUE,3667913.782,105.6553322,122.9909137,3752888.007,29369259.27,36790061.05,11.33044901,88.66955099,0.127782862,9.969849675,11.07390095
1821.05P_-_,4052,1821,S/H,M,05P,5,A5,A5,2024-03-11-Map2,ROI_1,1821.05P_-_,4052,1821,S/H,M,05P,5,A5,2024-03-11-Map2,,TRUE,11722664.98,148.8165925,139.4722583,25923678.34,6784139.842,44430483.16,,,,,
3048_-_,3048,1924,N,M,β03,3,A4-5,A5,2024-04-01-Map2,ROI_3,3048_-_,3048,1924,RV 10,M,β03,3,A4-5,2024-04-01-Map2,,TRUE,5819079.797,112.6695243,129.617467,3503901.635,21646246.11,30969227.54,13.93193261,86.06806739,0.161871098,18.78987711,23.1373583
3067_-_,3067,1886,N,M,α02,2,A1-3,A3,2024-04-01-Map2,ROI_3,3067_-_,3067,1886,RV 10,M,α02,2,A1-3,2024-04-01-Map2,,TRUE,1544850.715,102.3099028,130.9351851,2825829.101,29504034.74,33874714.56,8.740615532,91.25938447,0.095777717,4.560483343,4.77840155
3070_-_,3070,1925,N,M,β04,4,A4-5,A5,2024-04-01-Map2,ROI_3,3070_-_,3070,1925,RV 10,M,β04,4,A4-5,2024-04-01-Map2,,TRUE,3750616.943,109.871008,126.9496518,3944957.017,22004895.74,29700469.7,15.20223276,84.79776724,0.179276333,12.62814016,14.45332649
3074(2)_-_,3074,1832,L/H,F,04A,4,A4,A4,2024-04-01-Map2,ROI_3,3074(2)_-_,3074,1832,L/H,F,04A,4,A4,2024-04-01-Map2,,TRUE,0,NA,NA,0,0,0,#DIV/0!,#DIV/0!,#DIV/0!,#DIV/0!,#DIV/0!
3118(2)_-_,3118,1830,L/H,M,04A,4,A4,A4,2024-04-01-Map2,ROI_3,3118(2)_-_,3118,1830,L/H,M,04A,4,A4,2024-04-01-Map2,,TRUE,0,NA,NA,0,0,0,#DIV/0!,#DIV/0!,#DIV/0!,#DIV/0!,#DIV/0!
3135_-_,3135,1922,N,M,β03,3,A4-5,A5,2024-04-01-Map2,ROI_3,3135_-_,3135,1922,RV 10,M,β03,3,A4-5,2024-04-01-Map2,,TRUE,5634734.561,111.7525694,128.1306582,5618702.364,18341208.02,29594644.95,23.45043146,76.54956854,0.306343091,19.03970996,23.51734405
3148_-_,3148,1921,N,M,α03,3,A1-3,A3,2024-04-01-Map2,ROI_3,3148_-_,3148,1921,RV 10,M,α03,3,A1-3,2024-04-01-Map2,,TRUE,3702378.403,118.6756385,127.9098071,8201874.38,23170525.41,35074778.19,26.14359894,73.85640106,0.353978783,10.55567161,11.8013873
3228_-_,3228,1926,N,M,β04,4,A4-5,A5,2024-04-01-Map2,ROI_3,3228_-_,3228,1926,RV 10,M,β04,4,A4-5,2024-04-01-Map2,,TRUE,3731152.717,114.0718747,128.7567367,7209176.262,17729874.85,28670203.83,28.90717947,71.09282053,0.406611796,13.01404322,14.96108533
3239_-_,3239,1886,N,M,β02,2,A4-5,A5,2024-04-01-Map2,ROI_3,3239_-_,3239,1886,RV 10,M,β02,2,A4-5,2024-04-01-Map2,,TRUE,1702718.358,100.6619719,138.1352275,3635815.166,26487261.8,31825795.32,12.06986647,87.93013353,0.137266555,5.350120369,5.652537953
3284_-_,3284,1915,RV 10,M,β03,3,A4-5,A5,2024-04-01-Map2,ROI_3,3284_-_,3284,1915,RV 10,M,β03,3,A4-5,2024-04-01-Map2,,TRUE,3754858.761,112.5078578,127.8877133,6832749.995,17245606.74,27833215.49,28.37714413,71.62285587,0.396202355,13.49056764,15.59433147
3297(2)_-_,3297,1828,L/H,M,04A,4,A4,A4,2024-04-01-Map2,ROI_3,3297(2)_-_,3297,1828,L/H,M,04A,4,A4,2024-04-01-Map2,,TRUE,0,NA,NA,0,0,0,#DIV/0!,#DIV/0!,#DIV/0!,#DIV/0!,#DIV/0!
3412_-_,3412,1888,N,M,β03,3,A4-5,A5,2024-04-01-Map2,ROI_3,3412_-_,3412,1888,RV 10,M,β03,3,A4-5,2024-04-01-Map2,,TRUE,1867907.652,96.38869169,144.0670914,3852849.665,27190431.35,32911188.67,12.41121923,87.58878077,0.141698733,5.675600692,6.017107698
3432_-_,3432,1923,N,M,α03,3,A1-3,A3,2024-04-01-Map2,ROI_3,3432_-_,3432,1923,RV 10,M,α03,3,A1-3,2024-04-01-Map2,,TRUE,7817794.753,110.6078388,127.786597,6039240.576,20142552.93,33999588.26,23.0665656,76.9334344,0.299824982,22.99379243,29.85966088
3458_-_,3458,1887,N,M,β02,2,A4-5,A5,2024-04-01-Map2,ROI_3,3458_-_,3458,1887,RV 10,M,β02,2,A4-5,2024-04-01-Map2,,TRUE,1796703.35,105.353228,142.7707945,6779149.879,27069862.9,35645716.13,20.02761476,79.97238524,0.25043163,5.040446778,5.307993358
3559_-_,3559,1918,N,F,β03,3,A4-5,A5,2024-04-01-Map2,ROI_3,3559_-_,3559,1918,RV 10,F,β03,3,A4-5,2024-04-01-Map2,,TRUE,5600477.283,109.7522819,128.5211296,4433040.016,18987874.61,29021391.91,18.92769812,81.07230188,0.233466889,19.2977556,23.9122911
3647(2)_-_,3647,1832,L/H,F,05A,5,A5,A5,2024-04-01-Map2,ROI_3,3647(2)_-_,3647,1832,L/H,F,05A,5,A5,2024-04-01-Map2,,TRUE,0,NA,NA,0,0,0,#DIV/0!,#DIV/0!,#DIV/0!,#DIV/0!,#DIV/0!
3648_-_,3648,1887,N,M,α02,2,A1-3,A3,2024-04-01-Map2,ROI_3,3648_-_,3648,1887,RV 10,M,α02,2,A1-3,2024-04-01-Map2,,TRUE,1802364.878,104.1437017,124.6594174,3267593.9,30864619.35,35934578.13,9.573343153,90.42665685,0.105868595,5.015683978,5.280539134
3703_-_,3703,1886,N,M,β05,5,A4-5,A5,2024-04-01-Map2,ROI_3,3703_-_,3703,1886,RV 10,M,β05,5,A4-5,2024-04-01-Map2,,TRUE,2430748.488,142.5889568,57.42606267,30202432.77,69.07645003,32633250.33,,,,7.448686427,8.048169323
3734_-_,3734,1888,N,M,α03,3,A1-3,A3,2024-04-01-Map2,ROI_3,3734_-_,3734,1888,RV 10,M,α03,3,A1-3,2024-04-01-Map2,,TRUE,1245045.903,98.06737373,138.536037,3712614.399,30554207.83,35511868.13,10.83442863,89.16557137,0.121509103,3.505999455,3.633385946
3825(2_3)_-_,3825,1832,L/H,F,01A,1,A1,A1,2024-04-01-Map2,ROI_3,3825(2_3)_-_,3825,1832,L/H,F,01A,1,A1,2024-04-01-Map2,,TRUE,0,NA,NA,0,0,0,#DIV/0!,#DIV/0!,#DIV/0!,#DIV/0!,#DIV/0!
3858(2)_-_,3858,1828,L/H,M,05A,5,A5,A5,2024-04-01-Map2,ROI_3,3858(2)_-_,3858,1828,L/H,M,05A,5,A5,2024-04-01-Map2,,TRUE,0,NA,NA,0,0,0,#DIV/0!,#DIV/0!,#DIV/0!,#DIV/0!,#DIV/0!
3882_-_,3882,1919,N,F,α03,3,A1-3,A3,2024-04-01-Map2,ROI_3,3882_-_,3882,1919,RV 10,F,α03,3,A1-3,2024-04-01-Map2,,TRUE,5697036.924,108.5104848,121.7826388,7853918.869,19722984.3,33273940.09,28.48006109,71.51993891,0.398211485,17.12161802,20.65872622
3952_-_,3952,1921,N,M,β03,3,A4-5,A5,2024-04-01-Map2,ROI_3,3952_-_,3952,1921,RV 10,M,β03,3,A4-5,2024-04-01-Map2,,TRUE,4235563.012,111.731463,128.0688799,6551607,11032393.51,21819563.52,37.25891042,62.74108958,0.593851823,19.41176783,24.08759605
3974_-_,3974,1889,N,F,α04,4,A1-3,A3,2024-04-01-Map2,ROI_3,3974_-_,3974,1889,N,F,α04,4,A1-3,2024-04-01-Map2,,TRUE,1869579.978,107.1768744,130.5944301,2886192.162,27320562.55,32076334.69,9.554790605,90.44520939,0.105641754,5.828533703,6.189277848
4045_-_,4045,1920,N,F,α05,5,A1-3,A3,2024-04-01-Map2,ROI_3,4045_-_,4045,1920,RV 10,F,α05,5,A1-3,2024-04-01-Map2,,TRUE,5154012.92,114.0150816,122.5561013,5706295.619,21584827.57,32445136.11,20.90898047,79.09101953,0.264366051,15.88531761,18.88530891
4153_-_,4153,1920,N,F,β03,3,A4-5,A5,2024-04-01-Map2,ROI_3,4153_-_,4153,1920,RV 10,F,β03,3,A4-5,2024-04-01-Map2,,TRUE,2294285.821,106.1525827,129.6020984,5985778.287,20501387.2,28781451.31,22.59878766,77.40121234,0.291969428,7.971404209,8.661877474
4156_-_,4156,1915,RV 10,M,α03,3,A1-3,A3,2024-04-01-Map2,ROI_3,4156_-_,4156,1915,RV 10,M,α03,3,A1-3,2024-04-01-Map2,,TRUE,2418803.161,105.3492443,128.7863649,2663691.76,30876136.49,35958631.41,7.941876566,92.05812343,0.086270242,6.726627422,7.211733892
1821.03O_-_,3055,1821,S/H,M,03O,3,A3,A3,2024-04-01-Map2,ROI_4,1821.03O_-_,3055,1821,S/H,M,03O,3,A3,2024-04-01-Map2,,TRUE,0,NA,NA,0,0,0,#DIV/0!,#DIV/0!,#DIV/0!,#DIV/0!,#DIV/0!
4276_-_,4276,1926,N,M,α04,4,A1-3,A3,2024-04-01-Map2,ROI_3,4276_-_,4276,1926,RV 10,M,α04,4,A1-3,2024-04-01-Map2,,TRUE,2650240.04,110.63452,145.987429,2864032.724,17859746.43,23374019.2,13.8200311,86.1799689,0.160362452,11.33840106,12.78840128
4310(2_3)_-_,4310,1830,L/H,M,05A,5,A5,A5,2024-04-01-Map2,ROI_3,4310(2_3)_-_,4310,1830,L/H,M,05A,5,A5,2024-04-01-Map2,,TRUE,0,NA,NA,0,0,0,#DIV/0!,#DIV/0!,#DIV/0!,#DIV/0!,#DIV/0!
4330_-_,4330,1924,N,M,α03,3,A1-3,A3,2024-04-01-Map2,ROI_3,4330_-_,4330,1924,RV 10,M,α03,3,A1-3,2024-04-01-Map2,,TRUE,4282490.355,115.2890623,129.2288425,4046969.196,25991036.52,34320496.07,13.47282917,86.52717083,0.155706341,12.47793839,14.25690639
4397(2)_-_,4397,1832,L/H,F,02A,2,A2,A2,2024-04-01-Map2,ROI_3,4397(2)_-_,4397,1832,L/H,F,02A,2,A2,2024-04-01-Map2,,TRUE,0,NA,NA,0,0,0,#DIV/0!,#DIV/0!,#DIV/0!,#DIV/0!,#DIV/0!
4421_-_,4421,1923,N,M,β03,3,A4-5,A5,2024-04-01-Map2,ROI_3,4421_-_,4421,1923,RV 10,M,β03,3,A4-5,2024-04-01-Map2,,TRUE,4529848.628,101.4305629,121.787518,4656770.738,20226541.68,29413161.05,18.71443262,81.28556738,0.230230694,15.40075417,18.20436344
4481_-_,4481,1919,N,F,β03,3,A4-5,A5,2024-04-01-Map2,ROI_3,4481_-_,4481,1919,RV 10,F,β03,3,A4-5,2024-04-01-Map2,,TRUE,2351413.427,108.6781322,127.1638422,5314536.573,15401669.79,23067619.79,25.65400479,74.34599521,0.345062363,10.19356764,11.35059859
4691(2)_-_,4691,1830,L/H,M,02A,2,A2,A2,2024-04-01-Map2,ROI_3,4691(2)_-_,4691,1830,L/H,M,02A,2,A2,2024-04-01-Map2,,TRUE,0,NA,NA,0,0,0,#DIV/0!,#DIV/0!,#DIV/0!,#DIV/0!,#DIV/0!
4711_-_,4711,1864,N,M,β04,4,A4-5,A5,2024-04-01-Map2,ROI_3,4711_-_,4711,1864,N,M,β04,4,A4-5,2024-04-01-Map2,,TRUE,4333327.952,107.5668819,122.1350846,3589739.998,26987984.66,34911052.61,11.73972242,88.26027758,0.133012526,12.41248152,14.17151865
4740(1_2)_-_,4740,1832,L/H,F,03A,3,A3,A3,2024-04-01-Map2,ROI_3,4740(1_2)_-_,4740,1832,L/H,F,03A,3,A3,2024-04-01-Map2,,TRUE,0,NA,NA,0,0,0,#DIV/0!,#DIV/0!,#DIV/0!,#DIV/0!,#DIV/0!
4744_-_,4744,1918,N,F,α03,3,A1-3,A3,2024-04-01-Map2,ROI_3,4744_-_,4744,1918,RV 10,F,α03,3,A1-3,2024-04-01-Map2,,TRUE,4974577.712,126.810617,125.3333423,3341590.193,23769037.99,32085205.9,12.32575715,87.67424285,0.140585841,15.50427237,18.34917907
4753_-_,4753,1892,N,M,α02,2,A1-3,A3,2024-04-01-Map2,ROI_3,4753_-_,4753,1892,RV 10,M,α02,2,A1-3,2024-04-01-Map2,,TRUE,1829929.413,102.9150789,130.9424642,4400796.761,29430097.69,35660823.87,13.00821877,86.99178123,0.149533882,5.131483837,5.409048275
4810_-_,4810,1922,N,M,α03,3,A1-3,A3,2024-04-01-Map2,ROI_3,4810_-_,4810,1922,RV 10,M,α03,3,A1-3,2024-04-01-Map2,,TRUE,4905459.934,112.5714463,125.6548089,7964220.508,24987896.46,37857576.9,24.16907088,75.83092912,0.318723127,12.95767013,14.88663062
4825_-_,4825,1889,N,F,β04,4,A4-5,A5,2024-04-01-Map2,ROI_3,4825_-_,4825,1889,N,F,β04,4,A4-5,2024-04-01-Map2,,TRUE,2516576.798,105.1753788,125.8737628,3793745.066,25182103.13,31492424.99,13.09278348,86.90721652,0.150652431,7.991054353,8.685084148
4878_-_,4878,1886,N,M,α05,5,A1-3,A3,2024-04-01-Map2,ROI_3,4878_-_,4878,1886,RV 10,M,α05,5,A1-3,2024-04-01-Map2,,TRUE,2089310.995,122.4615809,128.5294241,12842532.99,19519679.21,34451523.19,39.68373024,60.31626976,0.657927461,6.064495272,6.456020319
4899(3)_-_,4899,1830,L/H,M,03A,3,A3,A3,2024-04-01-Map2,ROI_3,4899(3)_-_,4899,1830,L/H,M,03A,3,A3,2024-04-01-Map2,,TRUE,0,NA,NA,0,0,0,#DIV/0!,#DIV/0!,#DIV/0!,#DIV/0!,#DIV/0!
4902_-_,4902,1925,N,M,α04,4,A1-3,A3,2024-04-01-Map2,ROI_3,4902_-_,4902,1925,RV 10,M,α04,4,A1-3,2024-04-01-Map2,,TRUE,4134296.499,113.3487322,126.6054801,6563430.557,25843458.24,36541185.29,20.25319555,79.74680445,0.253968741,11.31407333,12.75746193
4919(3)_-_,4919,1830,L/H,M,01A,1,A1,A1,2024-04-01-Map2,ROI_3,4919(3)_-_,4919,1830,L/H,M,01A,1,A1,2024-04-01-Map2,,TRUE,0,NA,NA,0,0,0,#DIV/0!,#DIV/0!,#DIV/0!,#DIV/0!,#DIV/0!
4990_-_,4990,1892,N,M,β02,2,A4-5,A5,2024-04-01-Map2,ROI_3,4990_-_,4990,1892,RV 10,M,β02,2,A4-5,2024-04-01-Map2,,TRUE,2483721.853,107.9297297,119.8562777,3107999.778,28285098.66,33876820.29,9.900264494,90.09973551,0.109881172,7.331626262,7.911681155
_-__02,#VALUE!,#VALUE!,#VALUE!,#VALUE!,#VALUE!,#VALUE!,#VALUE!,#VALUE!,2024-04-01-Map2,ROI_3,_-__02,#VALUE!,#VALUE!,#VALUE!,#VALUE!,#VALUE!,#VALUE!,#VALUE!,2024-04-01-Map2,,TRUE,0,NA,NA,0,0,0,#DIV/0!,#DIV/0!,#DIV/0!,#DIV/0!,#DIV/0!
_-__03,#VALUE!,#VALUE!,#VALUE!,#VALUE!,#VALUE!,#VALUE!,#VALUE!,#VALUE!,2024-04-01-Map2,ROI_3,_-__03,#VALUE!,#VALUE!,#VALUE!,#VALUE!,#VALUE!,#VALUE!,#VALUE!,2024-04-01-Map2,,TRUE,0,NA,NA,0,0,0,#DIV/0!,#DIV/0!,#DIV/0!,#DIV/0!,#DIV/0!
_-__04,#VALUE!,#VALUE!,#VALUE!,#VALUE!,#VALUE!,#VALUE!,#VALUE!,#VALUE!,2024-04-01-Map2,ROI_3,_-__04,#VALUE!,#VALUE!,#VALUE!,#VALUE!,#VALUE!,#VALUE!,#VALUE!,2024-04-01-Map2,,TRUE,0,NA,NA,0,0,0,#DIV/0!,#DIV/0!,#DIV/0!,#DIV/0!,#DIV/0!
_-__05,#VALUE!,#VALUE!,#VALUE!,#VALUE!,#VALUE!,#VALUE!,#VALUE!,#VALUE!,2024-04-01-Map2,ROI_3,_-__05,#VALUE!,#VALUE!,#VALUE!,#VALUE!,#VALUE!,#VALUE!,#VALUE!,2024-04-01-Map2,,TRUE,2745532.963,125.4280671,159.9560679,9945145.81,16187177.9,28877856.68,38.05687515,61.94312485,0.614384167,9.507398674,10.50627182
_-__06,#VALUE!,#VALUE!,#VALUE!,#VALUE!,#VALUE!,#VALUE!,#VALUE!,#VALUE!,2024-04-01-Map2,ROI_3,_-__06,#VALUE!,#VALUE!,#VALUE!,#VALUE!,#VALUE!,#VALUE!,#VALUE!,2024-04-01-Map2,,TRUE,2291687.687,105.2026352,150.0399096,5003315.515,28293200.33,35588203.53,15.02654373,84.97345627,0.17683809,6.439458752,6.882665135
1949_40x-1-3,1949,1798,L/H,M,α02,2,A1-3,A3,2024-03-11-Map2,ROI_4,1949_40x-1-3,1949,1798,L/H,M,α02,2,A1-3,2024-03-11-Map2,,TRUE,0,NA,NA,0,0,0,,,,,
2162_40x-1,2162,1798,L/H,M,β02,2,A4-5,A5,2024-03-11-Map2,ROI_4,2162_40x-1,2162,1798,L/H,M,β02,2,A4-5,2024-03-11-Map2,,TRUE,0,NA,NA,0,0,0,,,,,
2162_40x-2,2162,1798,L/H,M,β02,2,A4-5,A5,2024-03-11-Map2,ROI_4,2162_40x-2,2162,1798,L/H,M,β02,2,A4-5,2024-03-11-Map2,,TRUE,0,NA,NA,0,0,0,,,,,
2162_40x-3,2162,1798,L/H,M,β02,2,A4-5,A5,2024-03-11-Map2,ROI_4,2162_40x-3,2162,1798,L/H,M,β02,2,A4-5,2024-03-11-Map2,,TRUE,0,NA,NA,0,0,0,,,,,
3290_40x-1-4,3290,1921,N,M,β01,1,A4-5,A5,2024-03-11-Map2,ROI_4,3290_40x-1-4,3290,1921,RV 10,M,β01,1,A4-5,2024-03-11-Map2,,TRUE,2752852.947,168.2836416,192.3793118,18064470.19,6580855.819,27398178.96,73.29775302,26.70224698,2.745003186,10.04757634,11.1698784
3663_40x-1,3663,1889,N,F,α03,3,A1-3,A3,2024-03-11-Map2,ROI_4,3663_40x-1,3663,1889,N,F,α03,3,A1-3,2024-03-11-Map2,,TRUE,0,NA,NA,0,0,0,,,,,
3663_40x-2,3663,1889,N,F,α03,3,A1-3,A3,2024-03-11-Map2,ROI_4,3663_40x-2,3663,1889,N,F,α03,3,A1-3,2024-03-11-Map2,,TRUE,0,NA,NA,0,0,0,,,,,
3663_40x-3,3663,1889,N,F,α03,3,A1-3,A3,2024-03-11-Map2,ROI_4,3663_40x-3,3663,1889,N,F,α03,3,A1-3,2024-03-11-Map2,,TRUE,0,NA,NA,0,0,0,,,,,
4460_40x-1-3,4460,1921,N,M,α01,1,A1-3,A3,2024-03-11-Map2,ROI_4,4460_40x-1-3,4460,1921,RV 10,M,α01,1,A1-3,2024-03-11-Map2,,TRUE,0,NA,NA,0,0,0,,,,,
1919-01-A_40X_4,4049,1919,N,F,01A,1,A1,A1,2024-03-11-Map2,ROI_4,1919-01-A_40X_4,4049,1919,RV 10,F,01A,1,A1,2024-03-11-Map2,,TRUE,0,NA,NA,0,0,0,,,,,
1919-03-A_40x-2,4961,1919,N,F,03A,3,A3,A3,2024-03-11-Map2,ROI_4,1919-03-A_40x-2,4961,1919,RV 10,F,03A,3,A3,2024-03-11-Map2,,TRUE,0,NA,NA,0,0,0,,,,,
1919-03-A_40x-3,4961,1919,N,F,03A,3,A3,A3,2024-03-11-Map2,ROI_4,1919-03-A_40x-3,4961,1919,RV 10,F,03A,3,A3,2024-03-11-Map2,,TRUE,0,NA,NA,0,0,0,,,,,
1919-04-A_40x-1,3545,1919,N,F,04A,4,A4,A4,2024-03-11-Map2,ROI_4,1919-04-A_40x-1,3545,1919,RV 10,F,04A,4,A4,2024-03-11-Map2,,TRUE,0,NA,NA,0,0,0,,,,,
1919-04-A_40x-2,3545,1919,N,F,04A,4,A4,A4,2024-03-11-Map2,ROI_4,1919-04-A_40x-2,3545,1919,RV 10,F,04A,4,A4,2024-03-11-Map2,,TRUE,0,NA,NA,0,0,0,,,,,
1919-05-A-40x-1,4546,1919,N,F,05A,5,A5,A5,2024-03-11-Map2,ROI_4,1919-05-A-40x-1,4546,1919,RV 10,F,05A,5,A5,2024-03-11-Map2,,TRUE,0,NA,NA,0,0,0,,,,,
1919-05-A-40x-3,4546,1919,N,F,05A,5,A5,A5,2024-03-11-Map2,ROI_4,1919-05-A-40x-3,4546,1919,RV 10,F,05A,5,A5,2024-03-11-Map2,,TRUE,0,NA,NA,0,0,0,,,,,
1923-Beta-1-40x-1,3266,1923,N,M,β01,1,A4-5,A5,2024-03-11-Map2,ROI_4,1923-Beta-1-40x-1,3266,1923,RV 10,M,β01,1,A4-5,2024-03-11-Map2,,TRUE,0,NA,NA,0,0,0,,,,,
1923-Beta-1-40x-2,3266,1923,N,M,β01,1,A4-5,A5,2024-03-11-Map2,ROI_4,1923-Beta-1-40x-2,3266,1923,RV 10,M,β01,1,A4-5,2024-03-11-Map2,,TRUE,0,NA,NA,0,0,0,,,,,
1029(3_4)_-_,1029,1312,L/H,M,01A,1,A1,A1,2024-03-11-Map2,ROI_4,1029(3_4)_-_,1029,1312,L/H,M,01A,1,A1,2024-03-11-Map2,,TRUE,0,NA,NA,0,0,0,,,,,
1043(2)_-_,1043,1798,L/H,M,03A,3,A3,A3,2024-03-11-Map2,ROI_4,1043(2)_-_,1043,1798,L/H,M,03A,3,A3,2024-03-11-Map2,,TRUE,0,NA,NA,0,0,0,,,,,
1125(2)_-_,1125,1797,L/H,M,04A,4,A4,A4,2024-03-11-Map2,ROI_4,1125(2)_-_,1125,1797,L/H,M,04A,4,A4,2024-03-11-Map2,,TRUE,0,NA,NA,0,0,0,,,,,
1142(2)_-_,1142,1797,L/H,M,05A,5,A5,A5,2024-03-11-Map2,ROI_4,1142(2)_-_,1142,1797,L/H,M,05A,5,A5,2024-03-11-Map2,,TRUE,0,NA,NA,0,0,0,,,,,
1252(2)_-_,1252,1828,L/H,M,02A,2,A2,A2,2024-03-11-Map2,ROI_4,1252(2)_-_,1252,1828,L/H,M,02A,2,A2,2024-03-11-Map2,,TRUE,0,NA,NA,0,0,0,,,,,
1262(2)_-_,1262,1315,L/H,F,03Q,3,A3,A3,2024-03-11-Map2,ROI_4,1262(2)_-_,1262,1315,L/H,F,03Q,3,A3,2024-03-11-Map2,,TRUE,0,NA,NA,0,0,0,,,,,
1366(1_3)_-_ (Image 1),1366,1798,L/H,M,02A,2,A2,A2,2024-03-11-Map2,ROI_4,1366(1_3)_-_ (Image 1),1366,1798,L/H,M,02A,2,A2,2024-03-11-Map2,,TRUE,0,NA,NA,0,0,0,,,,,
1366(1_3)_-_ (Image 2),1366,1798,L/H,M,02A,2,A2,A2,2024-03-11-Map2,ROI_4,1366(1_3)_-_ (Image 2),1366,1798,L/H,M,02A,2,A2,2024-03-11-Map2,,TRUE,0,NA,NA,0,0,0,,,,,
1461(3)_-_,1461,1798,L/H,M,01A,1,A1,A1,2024-03-11-Map2,ROI_4,1461(3)_-_,1461,1798,L/H,M,01A,1,A1,2024-03-11-Map2,,TRUE,0,NA,NA,0,0,0,,,,,
1708(3)_-_,1708,1312,L/H,M,04A,4,A4,A4,2024-03-11-Map2,ROI_4,1708(3)_-_,1708,1312,L/H,M,04A,4,A4,2024-03-11-Map2,,TRUE,0,NA,NA,0,0,0,,,,,
1768_-_,1768,1737,RV 10,M,β01,1,A4-5,A5,2024-03-11-Map2,ROI_4,1768_-_,1768,1737,RV 10,M,β01,1,A4-5,2024-03-11-Map2,,TRUE,0,NA,NA,0,0,0,,,,,
1821.03P_-_,3368,1821,S/H,M,03P,3,A3,A3,2024-04-01-Map2,ROI_4,1821.03P_-_,3368,1821,S/H,M,03P,3,A3,2024-04-01-Map2,,TRUE,0,NA,NA,0,0,0,#DIV/0!,#DIV/0!,#DIV/0!,#DIV/0!,#DIV/0!
1821.05P_-_,4052,1821,S/H,M,05P,5,A5,A5,2024-04-01-Map2,ROI_4,1821.05P_-_,4052,1821,S/H,M,05P,5,A5,2024-04-01-Map2,,TRUE,0,NA,NA,0,0,0,#DIV/0!,#DIV/0!,#DIV/0!,#DIV/0!,#DIV/0!
3023_-_,3023,1912,S/H,F,β03,3,A4-5,A5,2024-04-01-Map2,ROI_4,3023_-_,3023,1912,S/H,F,β03,3,A4-5,2024-04-01-Map2,,TRUE,0,NA,NA,0,0,0,#DIV/0!,#DIV/0!,#DIV/0!,#DIV/0!,#DIV/0!
1840(2_3)_-_,1840,1797,L/H,M,02A,2,A2,A2,2024-03-11-Map2,ROI_4,1840(2_3)_-_,1840,1797,L/H,M,02A,2,A2,2024-03-11-Map2,,TRUE,0,NA,NA,0,0,0,,,,,
1876(1)_-_,1876,1798,L/H,M,04A,4,A4,A4,2024-03-11-Map2,ROI_4,1876(1)_-_,1876,1798,L/H,M,04A,4,A4,2024-03-11-Map2,,TRUE,0,NA,NA,0,0,0,,,,,
1923(1)_-_,1923,1828,L/H,M,03A,3,A3,A3,2024-03-11-Map2,ROI_4,1923(1)_-_,1923,1828,L/H,M,03A,3,A3,2024-03-11-Map2,,TRUE,0,NA,NA,0,0,0,,,,,
1940(1_2)_-_,1940,1798,L/H,M,05A,5,A5,A5,2024-03-11-Map2,ROI_4,1940(1_2)_-_,1940,1798,L/H,M,05A,5,A5,2024-03-11-Map2,,TRUE,0,NA,NA,0,0,0,,,,,
2058(2_3)_-_,2058,1315,L/H,F,04D,4,A4,A4,2024-03-11-Map2,ROI_4,2058(2_3)_-_,2058,1315,L/H,F,04D,4,A4,2024-03-11-Map2,,TRUE,0,NA,NA,0,0,0,,,,,
2129(3)_-_,2129,1797,L/H,M,01A,1,A1,A1,2024-03-11-Map2,ROI_4,2129(3)_-_,2129,1797,L/H,M,01A,1,A1,2024-03-11-Map2,,TRUE,0,NA,NA,0,0,0,,,,,
2133(1_3)_-_ (Image 1),2133,1797,L/H,M,03A,3,A3,A3,2024-03-11-Map2,ROI_4,2133(1_3)_-_ (Image 1),2133,1797,L/H,M,03A,3,A3,2024-03-11-Map2,,TRUE,0,NA,NA,0,0,0,,,,,
2133(1_3)_-_ (Image 2),2133,1797,L/H,M,03A,3,A3,A3,2024-03-11-Map2,ROI_4,2133(1_3)_-_ (Image 2),2133,1797,L/H,M,03A,3,A3,2024-03-11-Map2,,TRUE,0,NA,NA,0,0,0,,,,,
2162_-_,2162,1798,L/H,M,β02,2,A4-5,A5,2024-03-11-Map2,ROI_4,2162_-_,2162,1798,L/H,M,β02,2,A4-5,2024-03-11-Map2,,TRUE,0,NA,NA,0,0,0,,,,,
2224(3_6)_-_ (Image 1),2224,1315,L/H,F,01E,1,A1,A1,2024-03-11-Map2,ROI_4,2224(3_6)_-_ (Image 1),2224,1315,L/H,F,01E,1,A1,2024-03-11-Map2,,TRUE,0,NA,NA,0,0,0,,,,,
2224(3_6)_-_ (Image 2),2224,1315,L/H,F,01E,1,A1,A1,2024-03-11-Map2,ROI_4,2224(3_6)_-_ (Image 2),2224,1315,L/H,F,01E,1,A1,2024-03-11-Map2,,TRUE,0,NA,NA,0,0,0,,,,,
2260(1)_-_,2260,1315,L/H,F,02O,2,A2,A2,2024-03-11-Map2,ROI_4,2260(1)_-_,2260,1315,L/H,F,02O,2,A2,2024-03-11-Map2,,TRUE,0,NA,NA,0,0,0,,,,,
2469(2)_-_,2469,1312,L/H,M,02A,2,A2,A2,2024-03-11-Map2,ROI_4,2469(2)_-_,2469,1312,L/H,M,02A,2,A2,2024-03-11-Map2,,TRUE,0,NA,NA,0,0,0,,,,,
2709(1)_-_,2709,1312,L/H,M,05A,5,A5,A5,2024-03-11-Map2,ROI_4,2709(1)_-_,2709,1312,L/H,M,05A,5,A5,2024-03-11-Map2,,TRUE,0,NA,NA,0,0,0,,,,,
2710(1_2)_-_,2710,1312,L/H,M,03A,3,A3,A3,2024-03-11-Map2,ROI_4,2710(1_2)_-_,2710,1312,L/H,M,03A,3,A3,2024-03-11-Map2,,TRUE,0,NA,NA,0,0,0,,,,,
2755_-_,2755,1737,RV 10,M,α01,1,A1-3,A3,2024-03-11-Map2,ROI_4,2755_-_,2755,1737,RV 10,M,α01,1,A1-3,2024-03-11-Map2,,TRUE,0,NA,NA,0,0,0,,,,,
2916(3)_-_,2916,1828,L/H,M,01A,1,A1,A1,2024-03-11-Map2,ROI_4,2916(3)_-_,2916,1828,L/H,M,01A,1,A1,2024-03-11-Map2,,TRUE,0,NA,NA,0,0,0,,,,,
3004_-_,3004,1864,N,M,α04,4,A1-3,A3,2024-03-11-Map2,ROI_4,3004_-_,3004,1864,N,M,α04,4,A1-3,2024-03-11-Map2,,TRUE,0,NA,NA,0,0,0,,,,,
4253_-_,4253,1912,S/H,F,α03,3,A1-3,A3,2024-04-01-Map2,ROI_4,4253_-_,4253,1912,S/H,F,α03,3,A1-3,2024-04-01-Map2,,TRUE,0,NA,NA,0,0,0,#DIV/0!,#DIV/0!,#DIV/0!,#DIV/0!,#DIV/0!
3048_-_,3048,1924,N,M,β03,3,A4-5,A5,2024-03-11-Map2,ROI_4,3048_-_,3048,1924,RV 10,M,β03,3,A4-5,2024-03-11-Map2,,TRUE,4963302.071,104.2664268,141.5865767,5840780.406,13381760.61,24185843.09,30.38505888,69.61494112,0.43647324,20.5215177,25.82021839
3067_-_,3067,1886,N,M,α02,2,A1-3,A3,2024-03-11-Map2,ROI_4,3067_-_,3067,1886,RV 10,M,α02,2,A1-3,2024-03-11-Map2,,TRUE,0,NA,NA,0,0,0,,,,,
3070_-_,3070,1925,N,M,β04,4,A4-5,A5,2024-03-11-Map2,ROI_4,3070_-_,3070,1925,RV 10,M,β04,4,A4-5,2024-03-11-Map2,,TRUE,0,NA,NA,0,0,0,,,,,
3074(2)_-_,3074,1832,L/H,F,04A,4,A4,A4,2024-03-11-Map2,ROI_4,3074(2)_-_,3074,1832,L/H,F,04A,4,A4,2024-03-11-Map2,,TRUE,0,NA,NA,0,0,0,,,,,
3118(2)_-_,3118,1830,L/H,M,04A,4,A4,A4,2024-03-11-Map2,ROI_4,3118(2)_-_,3118,1830,L/H,M,04A,4,A4,2024-03-11-Map2,,TRUE,0,NA,NA,0,0,0,,,,,
3135_-_,3135,1922,N,M,β03,3,A4-5,A5,2024-03-11-Map2,ROI_4,3135_-_,3135,1922,RV 10,M,β03,3,A4-5,2024-03-11-Map2,,TRUE,0,NA,NA,0,0,0,,,,,
4744_-_,4744,1918,N,F,α03,3,A1-3,A3,2024-03-11-Map2,ROI_3,4744_-_,4744,1918,RV 10,F,α03,3,A1-3,2024-03-11-Map2,,TRUE,7354907.815,113.069071,131.8737029,8268131.237,16462166.85,32085205.9,33.43320493,66.56679507,0.502250482,22.92305007,29.74047377
3228_-_,3228,1926,N,M,β04,4,A4-5,A5,2024-03-11-Map2,ROI_4,3228_-_,3228,1926,RV 10,M,β04,4,A4-5,2024-03-11-Map2,,TRUE,2808322.961,122.4794435,143.9835152,10554597.95,11452709.07,24815629.98,47.95951609,52.04048391,0.921580902,11.31675063,12.76086601
4744_-_,4744,1918,N,F,α03,3,A1-3,A3,2024-03-11-Map2,ROI_4,4744_-_,4744,1918,RV 10,F,α03,3,A1-3,2024-03-11-Map2,,TRUE,5433054.115,144.2765293,146.4931927,22623157.73,8400829.267,36457041.11,,,,,
4753_-_,4753,1892,N,M,α02,2,A1-3,A1,2024-03-11-Map2,ROI_1,4753_-_,4753,1892,RV 10,M,α02,2,A1-3,2024-03-11-Map2,,TRUE,1413330.865,97.33245679,134.5506264,1510845.128,7788759.785,10712935.78,16.24633672,83.75366328,0.193977625,13.19275028,15.19775171
3297(2)_-_,3297,1828,L/H,M,04A,4,A4,A4,2024-03-11-Map2,ROI_4,3297(2)_-_,3297,1828,L/H,M,04A,4,A4,2024-03-11-Map2,,TRUE,0,NA,NA,0,0,0,,,,,
4753_-_,4753,1892,N,M,α02,2,A1-3,A2,2024-03-11-Map2,ROI_2,4753_-_,4753,1892,RV 10,M,α02,2,A1-3,2024-03-11-Map2,,TRUE,1577125.721,100.5176987,128.8118938,3108132.351,18266126.94,22951385.01,14.54147397,85.45852603,0.170158259,6.871592805,7.378621639
3432_-_,3432,1923,N,M,α03,3,A1-3,A3,2024-03-11-Map2,ROI_4,3432_-_,3432,1923,RV 10,M,α03,3,A1-3,2024-03-11-Map2,,TRUE,8328754.153,117.548846,136.5020592,15873694.2,13292397.63,37494845.98,54.42516704,45.57483296,1.194193451,22.21306405,28.55629133
3458_-_,3458,1887,N,M,β02,2,A4-5,A5,2024-03-11-Map2,ROI_4,3458_-_,3458,1887,RV 10,M,β02,2,A4-5,2024-03-11-Map2,,TRUE,0,NA,NA,0,0,0,,,,,
4753_-_,4753,1892,N,M,α02,2,A1-3,A3,2024-03-11-Map2,ROI_3,4753_-_,4753,1892,RV 10,M,α02,2,A1-3,2024-03-11-Map2,,TRUE,2148815.207,101.0815939,127.9850972,6266558.438,27245450.22,35660823.87,18.69944145,81.30055855,0.23000385,6.025702645,6.412075231
3647(2)_-_,3647,1832,L/H,F,05A,5,A5,A5,2024-03-11-Map2,ROI_4,3647(2)_-_,3647,1832,L/H,F,05A,5,A5,2024-03-11-Map2,,TRUE,0,NA,NA,0,0,0,,,,,
3648_-_,3648,1887,N,M,α02,2,A1-3,A3,2024-03-11-Map2,ROI_4,3648_-_,3648,1887,RV 10,M,α02,2,A1-3,2024-03-11-Map2,,TRUE,0,NA,NA,0,0,0,,,,,
4753_-_,4753,1892,N,M,α02,2,A1-3,A3,2024-03-11-Map2,ROI_4,4753_-_,4753,1892,RV 10,M,α02,2,A1-3,2024-03-11-Map2,,TRUE,0,NA,NA,0,0,0,,,,,
4878_-_,4878,1886,N,M,α05,5,A1-3,A1,2024-03-11-Map2,ROI_1,4878_-_,4878,1886,RV 10,M,α05,5,A1-3,2024-03-11-Map2,,TRUE,611164.4053,96.06320906,130.628122,1283504.186,7796885.499,9691554.09,14.13490203,85.86509797,0.16461755,6.306154819,6.730596665
3825(2_3)_-_,3825,1832,L/H,F,01A,1,A1,A1,2024-03-11-Map2,ROI_4,3825(2_3)_-_,3825,1832,L/H,F,01A,1,A1,2024-03-11-Map2,,TRUE,0,NA,NA,0,0,0,,,,,
3858(2)_-_,3858,1828,L/H,M,05A,5,A5,A5,2024-03-11-Map2,ROI_4,3858(2)_-_,3858,1828,L/H,M,05A,5,A5,2024-03-11-Map2,,TRUE,0,NA,NA,0,0,0,,,,,
3882_-_,3882,1919,N,F,α03,3,A1-3,A3,2024-03-11-Map2,ROI_4,3882_-_,3882,1919,RV 10,F,α03,3,A1-3,2024-03-11-Map2,,TRUE,8976451.333,124.5568597,131.8818689,14277953.14,8482059.341,31736463.81,62.73262439,37.26737561,1.683312102,28.28434632,39.43957123
4878_-_,4878,1886,N,M,α05,5,A1-3,A2,2024-03-11-Map2,ROI_2,4878_-_,4878,1886,RV 10,M,α05,5,A1-3,2024-03-11-Map2,,TRUE,1611031.174,105.5281481,132.2275937,6770724.176,16795942.62,25177697.97,28.73008828,71.26991172,0.403116653,6.398643656,6.836058692
3974_-_,3974,1889,N,F,α04,4,A1-3,A3,2024-03-11-Map2,ROI_4,3974_-_,3974,1889,N,F,α04,4,A1-3,2024-03-11-Map2,,TRUE,0,NA,NA,0,0,0,,,,,
4878_-_,4878,1886,N,M,α05,5,A1-3,A3,2024-03-11-Map2,ROI_3,4878_-_,4878,1886,RV 10,M,α05,5,A1-3,2024-03-11-Map2,,TRUE,1400086.07,166.6720313,159.3389951,26262700.77,6788736.352,34451523.19,,,,,
4153_-_,4153,1920,N,F,β03,3,A4-5,A5,2024-03-11-Map2,ROI_4,4153_-_,4153,1920,RV 10,F,β03,3,A4-5,2024-03-11-Map2,,TRUE,1138459.919,129.020707,130.5895713,5314963.965,4802744.292,11256168.18,52.53130284,47.46869716,1.106651456,10.11409834,11.25215206
4156_-_,4156,1915,RV 10,M,α03,3,A1-3,A3,2024-03-11-Map2,ROI_4,4156_-_,4156,1915,RV 10,M,α03,3,A1-3,2024-03-11-Map2,,TRUE,0,NA,NA,0,0,0,,,,,
Image_7923(1),7923,1957,S/H,M,β01,1,A4-5,A5,2024-03-11-Map2,ROI_2,Image_7923(1),7923,1957,S/H,M,β01,1,A4-5,2024-03-11-Map2,,TRUE,0,NA,NA,0,0,0,,,,,
4276_-_,4276,1926,N,M,α04,4,A1-3,A3,2024-03-11-Map2,ROI_4,4276_-_,4276,1926,RV 10,M,α04,4,A1-3,2024-03-11-Map2,,TRUE,6989697.024,116.8274706,128.7772624,8622537.972,14722746.21,30334981.21,36.93481691,63.06518309,0.58566098,23.04170547,29.94050948
4310(2_3)_-_,4310,1830,L/H,M,05A,5,A5,A5,2024-03-11-Map2,ROI_4,4310(2_3)_-_,4310,1830,L/H,M,05A,5,A5,2024-03-11-Map2,,TRUE,0,NA,NA,0,0,0,,,,,
4330_-_,4330,1924,N,M,α03,3,A1-3,A3,2024-03-11-Map2,ROI_4,4330_-_,4330,1924,RV 10,M,α03,3,A1-3,2024-03-11-Map2,,TRUE,10045172.85,109.9570956,125.507227,9199974.24,16766072.16,36011219.25,35.43078565,64.56921435,0.548725674,27.89456469,38.68580028
4397(2)_-_,4397,1832,L/H,F,02A,2,A2,A2,2024-03-11-Map2,ROI_4,4397(2)_-_,4397,1832,L/H,F,02A,2,A2,2024-03-11-Map2,,TRUE,0,NA,NA,0,0,0,,,,,
4421_-_,4421,1923,N,M,β03,3,A4-5,A5,2024-03-11-Map2,ROI_4,4421_-_,4421,1923,RV 10,M,β03,3,A4-5,2024-03-11-Map2,,TRUE,4241481.503,110.645483,145.7808492,10372950.74,12346373.91,26960806.15,45.65695018,54.34304982,0.840161719,15.73202774,18.66904747
4878_-_,4878,1886,N,M,α05,5,A1-3,A3,2024-03-11-Map2,ROI_4,4878_-_,4878,1886,RV 10,M,α05,5,A1-3,2024-03-11-Map2,,TRUE,0,NA,NA,0,0,0,,,,,
4691(2)_-_,4691,1830,L/H,M,02A,2,A2,A2,2024-03-11-Map2,ROI_4,4691(2)_-_,4691,1830,L/H,M,02A,2,A2,2024-03-11-Map2,,TRUE,0,NA,NA,0,0,0,,,,,
4711_-_,4711,1864,N,M,β04,4,A4-5,A5,2024-03-11-Map2,ROI_4,4711_-_,4711,1864,N,M,β04,4,A4-5,2024-03-11-Map2,,TRUE,0,NA,NA,0,0,0,,,,,
4740(1_2)_-_,4740,1832,L/H,F,03A,3,A3,A3,2024-03-11-Map2,ROI_4,4740(1_2)_-_,4740,1832,L/H,F,03A,3,A3,2024-03-11-Map2,,TRUE,0,NA,NA,0,0,0,,,,,
4990_-_,4990,1892,N,M,β02,2,A4-5,A4,2024-03-11-Map2,ROI_1,4990_-_,4990,1892,RV 10,M,β02,2,A4-5,2024-03-11-Map2,,TRUE,2590515.757,103.275633,124.2890207,8685522.487,31559850.05,42835888.3,21.58141903,78.41858097,0.275207977,6.047535979,6.436804018
4990_-_,4990,1892,N,M,β02,2,A4-5,A5,2024-03-11-Map2,ROI_2,4990_-_,4990,1892,RV 10,M,β02,2,A4-5,2024-03-11-Map2,,TRUE,2772475.028,95.78074626,122.2124123,4300060.396,31663440.75,38735976.18,11.95673463,88.04326537,0.135805216,7.157364552,7.709135482
4810_-_,4810,1922,N,M,α03,3,A1-3,A3,2024-03-11-Map2,ROI_4,4810_-_,4810,1922,RV 10,M,α03,3,A1-3,2024-03-11-Map2,,TRUE,4864487.793,136.5007565,132.4405898,27486412.77,7390674.886,39741575.45,78.80936918,21.19063082,3.719066688,12.24029933,13.94751718
4825_-_,4825,1889,N,F,β04,4,A4-5,A5,2024-03-11-Map2,ROI_4,4825_-_,4825,1889,N,F,β04,4,A4-5,2024-03-11-Map2,,TRUE,0,NA,NA,0,0,0,,,,,
4990_-_,4990,1892,N,M,β02,2,A4-5,A5,2024-03-11-Map2,ROI_3,4990_-_,4990,1892,RV 10,M,β02,2,A4-5,2024-03-11-Map2,,TRUE,2998861.637,103.9682418,118.3496268,3814443.079,27063515.57,33876820.29,12.35328774,87.64671226,0.140944109,8.8522524,9.711981516
4899(3)_-_,4899,1830,L/H,M,03A,3,A3,A3,2024-03-11-Map2,ROI_4,4899(3)_-_,4899,1830,L/H,M,03A,3,A3,2024-03-11-Map2,,TRUE,0,NA,NA,0,0,0,,,,,
4902_-_,4902,1925,N,M,α04,4,A1-3,A3,2024-03-11-Map2,ROI_4,4902_-_,4902,1925,RV 10,M,α04,4,A1-3,2024-03-11-Map2,,TRUE,5380603.95,133.8202058,119.209097,20887584.63,4040013.299,30308201.88,83.79301002,16.20698998,5.170177197,17.75296328,21.58492754
4919(3)_-_,4919,1830,L/H,M,01A,1,A1,A1,2024-03-11-Map2,ROI_4,4919(3)_-_,4919,1830,L/H,M,01A,1,A1,2024-03-11-Map2,,TRUE,0,NA,NA,0,0,0,,,,,
4990_-_,4990,1892,N,M,β02,2,A4-5,A5,2024-03-11-Map2,ROI_4,4990_-_,4990,1892,RV 10,M,β02,2,A4-5,2024-03-11-Map2,,TRUE,0,NA,NA,0,0,0,,,,,
_-__02,0,#N/A,#N/A,#N/A,#N/A,4,A4,A4,2024-03-11-Map2,ROI_4,_-__02,0,#N/A,RV 10,#N/A,#N/A,#N/A,#N/A,2024-03-11-Map2,,TRUE,0,NA,NA,0,0,0,,,,,
_-__03,0,#N/A,#N/A,#N/A,#N/A,3,A3,A3,2024-03-11-Map2,ROI_4,_-__03,0,#N/A,RV 10,#N/A,#N/A,#N/A,#N/A,2024-03-11-Map2,,TRUE,0,NA,NA,0,0,0,,,,,
_-__04,0,#N/A,#N/A,#N/A,#N/A,2,A2,A2,2024-03-11-Map2,ROI_4,_-__04,0,#N/A,RV 10,#N/A,#N/A,#N/A,#N/A,2024-03-11-Map2,,TRUE,0,NA,NA,0,0,0,,,,,
_-__05,0,#N/A,#N/A,#N/A,#N/A,#N/A,#N/A,#N/A,2024-03-11-Map2,ROI_4,_-__05,0,#N/A,#N/A,#N/A,#N/A,#N/A,#N/A,2024-03-11-Map2,,TRUE,2846818.933,162.5699315,185.8800441,16903195.31,7113293.117,26863307.36,70.38162703,29.61837297,2.376282691,10.59742531,11.85360192
_-__06,0,#N/A,#N/A,#N/A,#N/A,1,A1,A1,2024-03-11-Map2,ROI_4,_-__06,0,#N/A,RV 10,#N/A,#N/A,#N/A,#N/A,2024-03-11-Map2,,TRUE,0,NA,NA,0,0,0,,,,,
Image_1218(1),1218,1351,N,F,04B,4,A4,A4,2024-03-11-Map2,ROI_4,Image_1218(1),1218,1351,N,F,04B,4,A4,2024-03-11-Map2,,TRUE,0,NA,NA,0,0,0,,,,,
Image_1386(1_2),1386,07.29.20.,DBX,NA,03A,3,A3,A3,2024-03-11-Map2,ROI_4,Image_1386(1_2),1386,07.29.20.,RV 10,NA,03A,3,A3,2024-03-11-Map2,,TRUE,0,NA,NA,0,0,0,,,,,
Image_1408(1_2),1408,1352,N,M,02A,2,A2,A2,2024-03-11-Map2,ROI_4,Image_1408(1_2),1408,1352,N,M,02A,2,A2,2024-03-11-Map2,,TRUE,0,NA,NA,0,0,0,,,,,
Image_1532(1),1532,1310,L/H,M,05C,5,A5,A5,2024-03-11-Map2,ROI_4,Image_1532(1),1532,1310,L/H,M,05C,5,A5,2024-03-11-Map2,,TRUE,0,NA,NA,0,0,0,,,,,
Image_1551(2),1551,1554,Naïve,M,04B,4,A4,A4,2024-03-11-Map2,ROI_4,Image_1551(2),1551,1554,N,M,04B,4,A4,2024-03-11-Map2,,TRUE,0,NA,NA,0,0,0,,,,,
Image_1592(2),1592,1310,L/H,M,04C,4,A4,A4,2024-03-11-Map2,ROI_4,Image_1592(2),1592,1310,L/H,M,04C,4,A4,2024-03-11-Map2,,TRUE,0,NA,NA,0,0,0,,,,,
Image_1667(1_3) (Image 1),1667,1310,L/H,M,01D,1,A1,A1,2024-03-11-Map2,ROI_4,Image_1667(1_3) (Image 1),1667,1310,L/H,M,01D,1,A1,2024-03-11-Map2,,TRUE,0,NA,NA,0,0,0,,,,,
Image_1667(1_3) (Image 2),1667,1310,L/H,M,01D,1,A1,A1,2024-03-11-Map2,ROI_4,Image_1667(1_3) (Image 2),1667,1310,L/H,M,01D,1,A1,2024-03-11-Map2,,TRUE,0,NA,NA,0,0,0,,,,,
Image_1696(1_3) (Image 1),1696,1351,N,F,02B,2,A2,A2,2024-03-11-Map2,ROI_4,Image_1696(1_3) (Image 1),1696,1351,N,F,02B,2,A2,2024-03-11-Map2,,TRUE,0,NA,NA,0,0,0,,,,,
Image_1696(1_3) (Image 2),1696,1351,N,F,02B,2,A2,A2,2024-03-11-Map2,ROI_4,Image_1696(1_3) (Image 2),1696,1351,N,F,02B,2,A2,2024-03-11-Map2,,TRUE,0,NA,NA,0,0,0,,,,,
Image_1702(1_2),1702,1310,L/H,M,03D,3,A3,A3,2024-03-11-Map2,ROI_4,Image_1702(1_2),1702,1310,L/H,M,03D,3,A3,2024-03-11-Map2,,TRUE,0,NA,NA,0,0,0,,,,,
Image_1776(2_3),1776,1352,N,M,01A,1,A1,A1,2024-03-11-Map2,ROI_4,Image_1776(2_3),1776,1352,N,M,01A,1,A1,2024-03-11-Map2,,TRUE,0,NA,NA,0,0,0,,,,,
Image_1827(1_3) (Image 1),1827,1351,N,F,03B,3,A3,A3,2024-03-11-Map2,ROI_4,Image_1827(1_3) (Image 1),1827,1351,N,F,03B,3,A3,2024-03-11-Map2,,TRUE,0,NA,NA,0,0,0,,,,,
Image_1827(1_3) (Image 2),1827,1351,N,F,03B,3,A3,A3,2024-03-11-Map2,ROI_4,Image_1827(1_3) (Image 2),1827,1351,N,F,03B,3,A3,2024-03-11-Map2,,TRUE,0,NA,NA,0,0,0,,,,,
Image_1899(2),1899,1310,L/H,M,02D,2,A2,A2,2024-03-11-Map2,ROI_4,Image_1899(2),1899,1310,L/H,M,02D,2,A2,2024-03-11-Map2,,TRUE,0,NA,NA,0,0,0,,,,,
Image_1915(2),1915,1554,Naïve,M,05B,5,A5,A5,2024-03-11-Map2,ROI_4,Image_1915(2),1915,1554,N,M,05B,5,A5,2024-03-11-Map2,,TRUE,0,NA,NA,0,0,0,,,,,
Image_1986(1_2),1986,1554,Naïve,M,02M,2,A2,A2,2024-03-11-Map2,ROI_4,Image_1986(1_2),1986,1554,N,M,02M,2,A2,2024-03-11-Map2,,TRUE,0,NA,NA,0,0,0,,,,,
Image_2098(2_3),2098,1351,N,F,04P,4,A4,A4,2024-03-11-Map2,ROI_4,Image_2098(2_3),2098,1351,N,F,04P,4,A4,2024-03-11-Map2,,TRUE,0,NA,NA,0,0,0,,,,,
Image_2205(1),2205,1351,N,F,05B,5,A5,A5,2024-03-11-Map2,ROI_4,Image_2205(1),2205,1351,N,F,05B,5,A5,2024-03-11-Map2,,TRUE,0,NA,NA,0,0,0,,,,,
Image_2222(3_5) (Image 1),2222,1351,N,F,01B,1,A1,A1,2024-03-11-Map2,ROI_4,Image_2222(3_5) (Image 1),2222,1351,N,F,01B,1,A1,2024-03-11-Map2,,TRUE,0,NA,NA,0,0,0,,,,,
Image_2222(3_5) (Image 2),2222,1351,N,F,01B,1,A1,A1,2024-03-11-Map2,ROI_4,Image_2222(3_5) (Image 2),2222,1351,N,F,01B,1,A1,2024-03-11-Map2,,TRUE,0,NA,NA,0,0,0,,,,,
Image_2397(3),2397,1352,N,M,01D,1,A1,A1,2024-03-11-Map2,ROI_4,Image_2397(3),2397,1352,N,M,01D,1,A1,2024-03-11-Map2,,TRUE,0,NA,NA,0,0,0,,,,,
Image_2449(1_2),2449,1554,Naïve,M,03B,3,A3,A3,2024-03-11-Map2,ROI_4,Image_2449(1_2),2449,1554,N,M,03B,3,A3,2024-03-11-Map2,,TRUE,0,NA,NA,0,0,0,,,,,
Image_2479,2479,08.24.20.,DBX,NA,01D,1,A1,A1,2024-03-11-Map2,ROI_4,Image_2479,2479,08.24.20.,RV 10,NA,01D,1,A1,2024-03-11-Map2,,TRUE,0,NA,NA,0,0,0,,,,,
Image_2509(2_3),2509,05.21.012.,L/N,NA,05C,5,A5,A5,2024-03-11-Map2,ROI_4,Image_2509(2_3),2509,05.21.012.,L/N,NA,05C,5,A5,2024-03-11-Map2,,TRUE,0,NA,NA,0,0,0,,,,,
Image_2575(1),2575,1352,N,M,04A,4,A4,A4,2024-03-11-Map2,ROI_4,Image_2575(1),2575,1352,N,M,04A,4,A4,2024-03-11-Map2,,TRUE,0,NA,NA,0,0,0,,,,,
Image_2835(1),2835,1352,N,M,05A,5,A5,A5,2024-03-11-Map2,ROI_4,Image_2835(1),2835,1352,N,M,05A,5,A5,2024-03-11-Map2,,TRUE,0,NA,NA,0,0,0,,,,,
Image_2877(1),2877,1352,N,M,03A,3,A3,A3,2024-03-11-Map2,ROI_4,Image_2877(1),2877,1352,N,M,03A,3,A3,2024-03-11-Map2,,TRUE,0,NA,NA,0,0,0,,,,,
Image_2979(1_2),2979,1315,L/H,F,05E,5,A5,A5,2024-03-11-Map2,ROI_4,Image_2979(1_2),2979,1315,L/H,F,05E,5,A5,2024-03-11-Map2,,TRUE,0,NA,NA,0,0,0,,,,,
Image_3279,3279,1221,L/H,M,α05,5,A1-3,A3,2024-03-11-Map2,ROI_4,Image_3279,3279,1221,L/H,M,α05,5,A1-3,2024-03-11-Map2,,TRUE,0,NA,NA,0,0,0,,,,,
Image_3680,3680,1893,N,F,α05,5,A1-3,A3,2024-03-11-Map2,ROI_4,Image_3680,3680,1893,N,F,α05,5,A1-3,2024-03-11-Map2,,TRUE,0,NA,NA,0,0,0,,,,,
Image_3850,3850,1221,L/H,M,β02,2,A4-5,A5,2024-03-11-Map2,ROI_4,Image_3850,3850,1221,L/H,M,β02,2,A4-5,2024-03-11-Map2,,TRUE,0,NA,NA,0,0,0,,,,,
Image_4111(3),4111,1221,L/H,M,01A,1,A1,A1,2024-03-11-Map2,ROI_4,Image_4111(3),4111,1221,L/H,M,01A,1,A1,2024-03-11-Map2,,TRUE,0,NA,NA,0,0,0,,,,,
Image_4202,4202,1893,N,F,β05,5,A4-5,A5,2024-03-11-Map2,ROI_4,Image_4202,4202,1893,N,F,β05,5,A4-5,2024-03-11-Map2,,TRUE,0,NA,NA,0,0,0,,,,,
Image_4242(1_2),4242,1886,N,M,β03,3,A4-5,A5,2024-03-11-Map2,ROI_4,Image_4242(1_2),4242,1886,RV 10,M,β03,3,A4-5,2024-03-11-Map2,,TRUE,0,NA,NA,0,0,0,,,,,
Image_5252,5252,1961,S/H,M,β08,8,A4-5,A5,2024-03-11-Map2,ROI_3,Image_5252,5252,1961,S/H,M,β08,8,A4-5,2024-03-11-Map2,,TRUE,0,NA,NA,0,0,0,,,,,
Image_4532(2_3),4532,1221,L/H,M,03A,3,A3,A3,2024-03-11-Map2,ROI_4,Image_4532(2_3),4532,1221,L/H,M,03A,3,A3,2024-03-11-Map2,,TRUE,0,NA,NA,0,0,0,,,,,
Image_4616(2),4616,1221,L/H,M,05A,5,A5,A5,2024-03-11-Map2,ROI_4,Image_4616(2),4616,1221,L/H,M,05A,5,A5,2024-03-11-Map2,,TRUE,0,NA,NA,0,0,0,,,,,
Image_4833(2),4833,1221,L/H,M,04A,4,A4,A4,2024-03-11-Map2,ROI_4,Image_4833(2),4833,1221,L/H,M,04A,4,A4,2024-03-11-Map2,,TRUE,0,NA,NA,0,0,0,,,,,
Image_4913(2_3),4913,1221,L/H,M,02A,2,A2,A2,2024-03-11-Map2,ROI_4,Image_4913(2_3),4913,1221,L/H,M,02A,2,A2,2024-03-11-Map2,,TRUE,0,NA,NA,0,0,0,,,,,
Image_5261,5261,1957,S/H,M,β02,2,A4-5,A5,2024-03-11-Map2,ROI_3,Image_5261,5261,1957,S/H,M,β02,2,A4-5,2024-03-11-Map2,,TRUE,0,NA,NA,0,0,0,,,,,
Image_6007(2_3),6007,1956,S/H,M,β05,5,A4-5,A5,2024-03-11-Map2,ROI_3,Image_6007(2_3),6007,1956,S/H,M,β05,5,A4-5,2024-03-11-Map2,,TRUE,0,NA,NA,0,0,0,,,,,
Image_6351,6351,1961,S/H,M,β02,2,A4-5,A5,2024-03-11-Map2,ROI_3,Image_6351,6351,1961,S/H,M,β02,2,A4-5,2024-03-11-Map2,,TRUE,0,NA,NA,0,0,0,,,,,
Image_7616(2_3),7616,1963,S/H,F,α02,2,A1-3,A3,2024-03-11-Map2,ROI_3,Image_7616(2_3),7616,1963,S/H,F,α02,2,A1-3,2024-03-11-Map2,,TRUE,0,NA,NA,0,0,0,,,,,
Image_7923(1),7923,1957,S/H,M,β01,1,A4-5,A5,2024-03-11-Map2,ROI_3,Image_7923(1),7923,1957,S/H,M,β01,1,A4-5,2024-03-11-Map2,,TRUE,0,NA,NA,0,0,0,,,,,
1821.03O_-_,3055,1821,S/H,M,03O,3,A3,A3,2024-03-11-Map2,ROI_4,1821.03O_-_,3055,1821,S/H,M,03O,3,A3,2024-03-11-Map2,,TRUE,0,NA,NA,0,0,0,,,,,
1821.03P_-_,3368,1821,S/H,M,03P,3,A3,A3,2024-03-11-Map2,ROI_4,1821.03P_-_,3368,1821,S/H,M,03P,3,A3,2024-03-11-Map2,,TRUE,0,NA,NA,0,0,0,,,,,
1821.05P_-_,4052,1821,S/H,M,05P,5,A5,A5,2024-03-11-Map2,ROI_4,1821.05P_-_,4052,1821,S/H,M,05P,5,A5,2024-03-11-Map2,,TRUE,0,NA,NA,0,0,0,,,,,
3023_-_,3023,1912,S/H,F,β03,3,A4-5,A5,2024-03-11-Map2,ROI_4,3023_-_,3023,1912,S/H,F,β03,3,A4-5,2024-03-11-Map2,,TRUE,0,NA,NA,0,0,0,,,,,
4253_-_,4253,1912,S/H,F,α03,3,A1-3,A3,2024-03-11-Map2,ROI_4,4253_-_,4253,1912,S/H,F,α03,3,A1-3,2024-03-11-Map2,,TRUE,0,NA,NA,0,0,0,,,,,
Image_5025,5025,1964,S/H,M,β01,1,A4-5,A5,2024-03-11-Map2,ROI_4,Image_5025,5025,1964,S/H,M,β01,1,A4-5,2024-03-11-Map2,,TRUE,0,NA,NA,0,0,0,,,,,
Image_5250,5250,1963,S/H,F,β02,2,A4-5,A5,2024-03-11-Map2,ROI_4,Image_5250,5250,1963,S/H,F,β02,2,A4-5,2024-03-11-Map2,,TRUE,0,NA,NA,0,0,0,,,,,
Image_5252,5252,1961,S/H,M,β08,8,A4-5,A5,2024-03-11-Map2,ROI_4,Image_5252,5252,1961,S/H,M,β08,8,A4-5,2024-03-11-Map2,,TRUE,0,NA,NA,0,0,0,,,,,
Image_5261,5261,1957,S/H,M,β02,2,A4-5,A5,2024-03-11-Map2,ROI_4,Image_5261,5261,1957,S/H,M,β02,2,A4-5,2024-03-11-Map2,,TRUE,0,NA,NA,0,0,0,,,,,
Image_5837,5837,1964,S/H,M,β03,3,A4-5,A5,2024-03-11-Map2,ROI_4,Image_5837,5837,1964,S/H,M,β03,3,A4-5,2024-03-11-Map2,,TRUE,0,NA,NA,0,0,0,,,,,
Image_5861,5861,1963,S/H,F,β01,1,A4-5,A5,2024-03-11-Map2,ROI_4,Image_5861,5861,1963,S/H,F,β01,1,A4-5,2024-03-11-Map2,,TRUE,0,NA,NA,0,0,0,,,,,
Image_6007(2_3),6007,1956,S/H,M,β05,5,A4-5,A5,2024-03-11-Map2,ROI_4,Image_6007(2_3),6007,1956,S/H,M,β05,5,A4-5,2024-03-11-Map2,,TRUE,0,NA,NA,0,0,0,,,,,
Image_6134(1_2_3),6134,1956,S/H,M,β04,4,A4-5,A5,2024-03-11-Map2,ROI_4,Image_6134(1_2_3),6134,1956,S/H,M,β04,4,A4-5,2024-03-11-Map2,,TRUE,0,NA,NA,0,0,0,,,,,
Image_6351,6351,1961,S/H,M,β02,2,A4-5,A5,2024-03-11-Map2,ROI_4,Image_6351,6351,1961,S/H,M,β02,2,A4-5,2024-03-11-Map2,,TRUE,0,NA,NA,0,0,0,,,,,
Image_6450,6450,1960,S/H,F,β01,1,A4-5,A5,2024-03-11-Map2,ROI_4,Image_6450,6450,1960,S/H,F,β01,1,A4-5,2024-03-11-Map2,,TRUE,0,NA,NA,0,0,0,,,,,
Image_6649,6649,1955,S/H,F,β01,1,A4-5,A5,2024-03-11-Map2,ROI_4,Image_6649,6649,1955,S/H,F,β01,1,A4-5,2024-03-11-Map2,,TRUE,0,NA,NA,0,0,0,,,,,
1949_40x-1-3,1949,1798,L/H,M,α02,2,A1-3,A3,2024-04-01-Map2,ROI_4,1949_40x-1-3,1949,1798,L/H,M,α02,2,A1-3,2024-04-01-Map2,,TRUE,0,NA,NA,0,0,0,#DIV/0!,#DIV/0!,#DIV/0!,#DIV/0!,#DIV/0!
2162_40x-1,2162,1798,L/H,M,β02,2,A4-5,A5,2024-04-01-Map2,ROI_4,2162_40x-1,2162,1798,L/H,M,β02,2,A4-5,2024-04-01-Map2,,TRUE,0,NA,NA,0,0,0,#DIV/0!,#DIV/0!,#DIV/0!,#DIV/0!,#DIV/0!
2162_40x-2,2162,1798,L/H,M,β02,2,A4-5,A5,2024-04-01-Map2,ROI_4,2162_40x-2,2162,1798,L/H,M,β02,2,A4-5,2024-04-01-Map2,,TRUE,0,NA,NA,0,0,0,#DIV/0!,#DIV/0!,#DIV/0!,#DIV/0!,#DIV/0!
2162_40x-3,2162,1798,L/H,M,β02,2,A4-5,A5,2024-04-01-Map2,ROI_4,2162_40x-3,2162,1798,L/H,M,β02,2,A4-5,2024-04-01-Map2,,TRUE,0,NA,NA,0,0,0,#DIV/0!,#DIV/0!,#DIV/0!,#DIV/0!,#DIV/0!
3290_40x-1-4,3290,1921,N,M,β01,1,A4-5,A5,2024-04-01-Map2,ROI_4,3290_40x-1-4,3290,1921,RV 10,M,β01,1,A4-5,2024-04-01-Map2,,TRUE,2654983.664,153.75747,181.933895,13821581.91,10921613.38,27398178.96,55.86013346,44.13986654,1.265525654,9.690365436,10.73015685
3663_40x-1,3663,1889,N,F,α03,3,A1-3,A3,2024-04-01-Map2,ROI_4,3663_40x-1,3663,1889,N,F,α03,3,A1-3,2024-04-01-Map2,,TRUE,0,NA,NA,0,0,0,#DIV/0!,#DIV/0!,#DIV/0!,#DIV/0!,#DIV/0!
3663_40x-2,3663,1889,N,F,α03,3,A1-3,A3,2024-04-01-Map2,ROI_4,3663_40x-2,3663,1889,N,F,α03,3,A1-3,2024-04-01-Map2,,TRUE,0,NA,NA,0,0,0,#DIV/0!,#DIV/0!,#DIV/0!,#DIV/0!,#DIV/0!
3663_40x-3,3663,1889,N,F,α03,3,A1-3,A3,2024-04-01-Map2,ROI_4,3663_40x-3,3663,1889,N,F,α03,3,A1-3,2024-04-01-Map2,,TRUE,0,NA,NA,0,0,0,#DIV/0!,#DIV/0!,#DIV/0!,#DIV/0!,#DIV/0!
4460_40x-1-3,4460,1921,N,M,α01,1,A1-3,A3,2024-04-01-Map2,ROI_4,4460_40x-1-3,4460,1921,RV 10,M,α01,1,A1-3,2024-04-01-Map2,,TRUE,0,NA,NA,0,0,0,#DIV/0!,#DIV/0!,#DIV/0!,#DIV/0!,#DIV/0!
1919-01-A_40X_4,4049,1919,N,F,01A,1,A1,A1,2024-04-01-Map2,ROI_4,1919-01-A_40X_4,4049,1919,RV 10,F,01A,1,A1,2024-04-01-Map2,,TRUE,0,NA,NA,0,0,0,#DIV/0!,#DIV/0!,#DIV/0!,#DIV/0!,#DIV/0!
1919-03-A_40x-2,4961,1919,N,F,03A,3,A3,A3,2024-04-01-Map2,ROI_4,1919-03-A_40x-2,4961,1919,RV 10,F,03A,3,A3,2024-04-01-Map2,,TRUE,0,NA,NA,0,0,0,#DIV/0!,#DIV/0!,#DIV/0!,#DIV/0!,#DIV/0!
1919-03-A_40x-3,4961,1919,N,F,03A,3,A3,A3,2024-04-01-Map2,ROI_4,1919-03-A_40x-3,4961,1919,RV 10,F,03A,3,A3,2024-04-01-Map2,,TRUE,0,NA,NA,0,0,0,#DIV/0!,#DIV/0!,#DIV/0!,#DIV/0!,#DIV/0!
1919-04-A_40x-1,3545,1919,N,F,04A,4,A4,A4,2024-04-01-Map2,ROI_4,1919-04-A_40x-1,3545,1919,RV 10,F,04A,4,A4,2024-04-01-Map2,,TRUE,0,NA,NA,0,0,0,#DIV/0!,#DIV/0!,#DIV/0!,#DIV/0!,#DIV/0!
1919-04-A_40x-2,3545,1919,N,F,04A,4,A4,A4,2024-04-01-Map2,ROI_4,1919-04-A_40x-2,3545,1919,RV 10,F,04A,4,A4,2024-04-01-Map2,,TRUE,0,NA,NA,0,0,0,#DIV/0!,#DIV/0!,#DIV/0!,#DIV/0!,#DIV/0!
1919-05-A-40x-1,4546,1919,N,F,05A,5,A5,A5,2024-04-01-Map2,ROI_4,1919-05-A-40x-1,4546,1919,RV 10,F,05A,5,A5,2024-04-01-Map2,,TRUE,0,NA,NA,0,0,0,#DIV/0!,#DIV/0!,#DIV/0!,#DIV/0!,#DIV/0!
1919-05-A-40x-3,4546,1919,N,F,05A,5,A5,A5,2024-04-01-Map2,ROI_4,1919-05-A-40x-3,4546,1919,RV 10,F,05A,5,A5,2024-04-01-Map2,,TRUE,0,NA,NA,0,0,0,#DIV/0!,#DIV/0!,#DIV/0!,#DIV/0!,#DIV/0!
1923-Beta-1-40x-1,3266,1923,N,M,β01,1,A4-5,A5,2024-04-01-Map2,ROI_4,1923-Beta-1-40x-1,3266,1923,RV 10,M,β01,1,A4-5,2024-04-01-Map2,,TRUE,0,NA,NA,0,0,0,#DIV/0!,#DIV/0!,#DIV/0!,#DIV/0!,#DIV/0!
1923-Beta-1-40x-2,3266,1923,N,M,β01,1,A4-5,A5,2024-04-01-Map2,ROI_4,1923-Beta-1-40x-2,3266,1923,RV 10,M,β01,1,A4-5,2024-04-01-Map2,,TRUE,0,NA,NA,0,0,0,#DIV/0!,#DIV/0!,#DIV/0!,#DIV/0!,#DIV/0!
1029(3_4)_-_,1029,1312,L/H,M,01A,1,A1,A1,2024-04-01-Map2,ROI_4,1029(3_4)_-_,1029,1312,L/H,M,01A,1,A1,2024-04-01-Map2,,TRUE,0,NA,NA,0,0,0,#DIV/0!,#DIV/0!,#DIV/0!,#DIV/0!,#DIV/0!
1043(2)_-_,1043,1798,L/H,M,03A,3,A3,A3,2024-04-01-Map2,ROI_4,1043(2)_-_,1043,1798,L/H,M,03A,3,A3,2024-04-01-Map2,,TRUE,0,NA,NA,0,0,0,#DIV/0!,#DIV/0!,#DIV/0!,#DIV/0!,#DIV/0!
1125(2)_-_,1125,1797,L/H,M,04A,4,A4,A4,2024-04-01-Map2,ROI_4,1125(2)_-_,1125,1797,L/H,M,04A,4,A4,2024-04-01-Map2,,TRUE,0,NA,NA,0,0,0,#DIV/0!,#DIV/0!,#DIV/0!,#DIV/0!,#DIV/0!
1142(2)_-_,1142,1797,L/H,M,05A,5,A5,A5,2024-04-01-Map2,ROI_4,1142(2)_-_,1142,1797,L/H,M,05A,5,A5,2024-04-01-Map2,,TRUE,0,NA,NA,0,0,0,#DIV/0!,#DIV/0!,#DIV/0!,#DIV/0!,#DIV/0!
1252(2)_-_,1252,1828,L/H,M,02A,2,A2,A2,2024-04-01-Map2,ROI_4,1252(2)_-_,1252,1828,L/H,M,02A,2,A2,2024-04-01-Map2,,TRUE,0,NA,NA,0,0,0,#DIV/0!,#DIV/0!,#DIV/0!,#DIV/0!,#DIV/0!
1262(2)_-_,1262,1315,L/H,F,03Q,3,A3,A3,2024-04-01-Map2,ROI_4,1262(2)_-_,1262,1315,L/H,F,03Q,3,A3,2024-04-01-Map2,,TRUE,0,NA,NA,0,0,0,#DIV/0!,#DIV/0!,#DIV/0!,#DIV/0!,#DIV/0!
1366(1_3)_-_ (Image 1),1366,1798,L/H,M,02A,2,A2,A2,2024-04-01-Map2,ROI_4,1366(1_3)_-_ (Image 1),1366,1798,L/H,M,02A,2,A2,2024-04-01-Map2,,TRUE,0,NA,NA,0,0,0,#DIV/0!,#DIV/0!,#DIV/0!,#DIV/0!,#DIV/0!
1366(1_3)_-_ (Image 2),1366,1798,L/H,M,02A,2,A2,A2,2024-04-01-Map2,ROI_4,1366(1_3)_-_ (Image 2),1366,1798,L/H,M,02A,2,A2,2024-04-01-Map2,,TRUE,0,NA,NA,0,0,0,#DIV/0!,#DIV/0!,#DIV/0!,#DIV/0!,#DIV/0!
1461(3)_-_,1461,1798,L/H,M,01A,1,A1,A1,2024-04-01-Map2,ROI_4,1461(3)_-_,1461,1798,L/H,M,01A,1,A1,2024-04-01-Map2,,TRUE,0,NA,NA,0,0,0,#DIV/0!,#DIV/0!,#DIV/0!,#DIV/0!,#DIV/0!
1708(3)_-_,1708,1312,L/H,M,04A,4,A4,A4,2024-04-01-Map2,ROI_4,1708(3)_-_,1708,1312,L/H,M,04A,4,A4,2024-04-01-Map2,,TRUE,0,NA,NA,0,0,0,#DIV/0!,#DIV/0!,#DIV/0!,#DIV/0!,#DIV/0!
1768_-_,1768,1737,RV 10,M,β01,1,A4-5,A5,2024-04-01-Map2,ROI_4,1768_-_,1768,1737,RV 10,M,β01,1,A4-5,2024-04-01-Map2,,TRUE,0,NA,NA,0,0,0,#DIV/0!,#DIV/0!,#DIV/0!,#DIV/0!,#DIV/0!
Image_6837(1_2_3),6837,1963,S/H,F,α01,1,A1-3,A3,2024-03-11-Map2,ROI_4,Image_6837(1_2_3),6837,1963,S/H,F,α01,1,A1-3,2024-03-11-Map2,,TRUE,0,NA,NA,0,0,0,,,,,
Image_7354(1_2_3),7354,1960,S/H,F,α01,1,A1-3,A3,2024-03-11-Map2,ROI_4,Image_7354(1_2_3),7354,1960,S/H,F,α01,1,A1-3,2024-03-11-Map2,,TRUE,0,NA,NA,0,0,0,,,,,
Image_7614,7614,1958,S/H,F,β01,1,A4-5,A5,2024-03-11-Map2,ROI_4,Image_7614,7614,1958,S/H,F,β01,1,A4-5,2024-03-11-Map2,,TRUE,0,NA,NA,0,0,0,,,,,
1840(2_3)_-_,1840,1797,L/H,M,02A,2,A2,A2,2024-04-01-Map2,ROI_4,1840(2_3)_-_,1840,1797,L/H,M,02A,2,A2,2024-04-01-Map2,,TRUE,0,NA,NA,0,0,0,#DIV/0!,#DIV/0!,#DIV/0!,#DIV/0!,#DIV/0!
1876(1)_-_,1876,1798,L/H,M,04A,4,A4,A4,2024-04-01-Map2,ROI_4,1876(1)_-_,1876,1798,L/H,M,04A,4,A4,2024-04-01-Map2,,TRUE,0,NA,NA,0,0,0,#DIV/0!,#DIV/0!,#DIV/0!,#DIV/0!,#DIV/0!
1923(1)_-_,1923,1828,L/H,M,03A,3,A3,A3,2024-04-01-Map2,ROI_4,1923(1)_-_,1923,1828,L/H,M,03A,3,A3,2024-04-01-Map2,,TRUE,0,NA,NA,0,0,0,#DIV/0!,#DIV/0!,#DIV/0!,#DIV/0!,#DIV/0!
1940(1_2)_-_,1940,1798,L/H,M,05A,5,A5,A5,2024-04-01-Map2,ROI_4,1940(1_2)_-_,1940,1798,L/H,M,05A,5,A5,2024-04-01-Map2,,TRUE,0,NA,NA,0,0,0,#DIV/0!,#DIV/0!,#DIV/0!,#DIV/0!,#DIV/0!
2058(2_3)_-_,2058,1315,L/H,F,04D,4,A4,A4,2024-04-01-Map2,ROI_4,2058(2_3)_-_,2058,1315,L/H,F,04D,4,A4,2024-04-01-Map2,,TRUE,0,NA,NA,0,0,0,#DIV/0!,#DIV/0!,#DIV/0!,#DIV/0!,#DIV/0!
2129(3)_-_,2129,1797,L/H,M,01A,1,A1,A1,2024-04-01-Map2,ROI_4,2129(3)_-_,2129,1797,L/H,M,01A,1,A1,2024-04-01-Map2,,TRUE,0,NA,NA,0,0,0,#DIV/0!,#DIV/0!,#DIV/0!,#DIV/0!,#DIV/0!
2133(1_3)_-_ (Image 1),2133,1797,L/H,M,03A,3,A3,A3,2024-04-01-Map2,ROI_4,2133(1_3)_-_ (Image 1),2133,1797,L/H,M,03A,3,A3,2024-04-01-Map2,,TRUE,0,NA,NA,0,0,0,#DIV/0!,#DIV/0!,#DIV/0!,#DIV/0!,#DIV/0!
2133(1_3)_-_ (Image 2),2133,1797,L/H,M,03A,3,A3,A3,2024-04-01-Map2,ROI_4,2133(1_3)_-_ (Image 2),2133,1797,L/H,M,03A,3,A3,2024-04-01-Map2,,TRUE,0,NA,NA,0,0,0,#DIV/0!,#DIV/0!,#DIV/0!,#DIV/0!,#DIV/0!
2162_-_,2162,1798,L/H,M,β02,2,A4-5,A5,2024-04-01-Map2,ROI_4,2162_-_,2162,1798,L/H,M,β02,2,A4-5,2024-04-01-Map2,,TRUE,0,NA,NA,0,0,0,#DIV/0!,#DIV/0!,#DIV/0!,#DIV/0!,#DIV/0!
2224(3_6)_-_ (Image 1),2224,1315,L/H,F,01E,1,A1,A1,2024-04-01-Map2,ROI_4,2224(3_6)_-_ (Image 1),2224,1315,L/H,F,01E,1,A1,2024-04-01-Map2,,TRUE,0,NA,NA,0,0,0,#DIV/0!,#DIV/0!,#DIV/0!,#DIV/0!,#DIV/0!
2224(3_6)_-_ (Image 2),2224,1315,L/H,F,01E,1,A1,A1,2024-04-01-Map2,ROI_4,2224(3_6)_-_ (Image 2),2224,1315,L/H,F,01E,1,A1,2024-04-01-Map2,,TRUE,0,NA,NA,0,0,0,#DIV/0!,#DIV/0!,#DIV/0!,#DIV/0!,#DIV/0!
2260(1)_-_,2260,1315,L/H,F,02O,2,A2,A2,2024-04-01-Map2,ROI_4,2260(1)_-_,2260,1315,L/H,F,02O,2,A2,2024-04-01-Map2,,TRUE,0,NA,NA,0,0,0,#DIV/0!,#DIV/0!,#DIV/0!,#DIV/0!,#DIV/0!
2469(2)_-_,2469,1312,L/H,M,02A,2,A2,A2,2024-04-01-Map2,ROI_4,2469(2)_-_,2469,1312,L/H,M,02A,2,A2,2024-04-01-Map2,,TRUE,0,NA,NA,0,0,0,#DIV/0!,#DIV/0!,#DIV/0!,#DIV/0!,#DIV/0!
2709(1)_-_,2709,1312,L/H,M,05A,5,A5,A5,2024-04-01-Map2,ROI_4,2709(1)_-_,2709,1312,L/H,M,05A,5,A5,2024-04-01-Map2,,TRUE,0,NA,NA,0,0,0,#DIV/0!,#DIV/0!,#DIV/0!,#DIV/0!,#DIV/0!
2710(1_2)_-_,2710,1312,L/H,M,03A,3,A3,A3,2024-04-01-Map2,ROI_4,2710(1_2)_-_,2710,1312,L/H,M,03A,3,A3,2024-04-01-Map2,,TRUE,0,NA,NA,0,0,0,#DIV/0!,#DIV/0!,#DIV/0!,#DIV/0!,#DIV/0!
2755_-_,2755,1737,RV 10,M,α01,1,A1-3,A3,2024-04-01-Map2,ROI_4,2755_-_,2755,1737,RV 10,M,α01,1,A1-3,2024-04-01-Map2,,TRUE,0,NA,NA,0,0,0,#DIV/0!,#DIV/0!,#DIV/0!,#DIV/0!,#DIV/0!
2916(3)_-_,2916,1828,L/H,M,01A,1,A1,A1,2024-04-01-Map2,ROI_4,2916(3)_-_,2916,1828,L/H,M,01A,1,A1,2024-04-01-Map2,,TRUE,0,NA,NA,0,0,0,#DIV/0!,#DIV/0!,#DIV/0!,#DIV/0!,#DIV/0!
3004_-_,3004,1864,N,M,α04,4,A1-3,A3,2024-04-01-Map2,ROI_4,3004_-_,3004,1864,N,M,α04,4,A1-3,2024-04-01-Map2,,TRUE,0,NA,NA,0,0,0,#DIV/0!,#DIV/0!,#DIV/0!,#DIV/0!,#DIV/0!
Image_7616(2_3),7616,1963,S/H,F,α02,2,A1-3,A3,2024-03-11-Map2,ROI_4,Image_7616(2_3),7616,1963,S/H,F,α02,2,A1-3,2024-03-11-Map2,,TRUE,0,NA,NA,0,0,0,,,,,
3048_-_,3048,1924,N,M,β03,3,A4-5,A5,2024-04-01-Map2,ROI_4,3048_-_,3048,1924,RV 10,M,β03,3,A4-5,2024-04-01-Map2,,TRUE,4099832.464,119.3388622,133.5980147,3000043.053,17085967.57,24185843.09,14.93598261,85.06401739,0.175585201,16.95137295,20.41138253
3067_-_,3067,1886,N,M,α02,2,A1-3,A3,2024-04-01-Map2,ROI_4,3067_-_,3067,1886,RV 10,M,α02,2,A1-3,2024-04-01-Map2,,TRUE,0,NA,NA,0,0,0,#DIV/0!,#DIV/0!,#DIV/0!,#DIV/0!,#DIV/0!
3070_-_,3070,1925,N,M,β04,4,A4-5,A5,2024-04-01-Map2,ROI_4,3070_-_,3070,1925,RV 10,M,β04,4,A4-5,2024-04-01-Map2,,TRUE,0,NA,NA,0,0,0,#DIV/0!,#DIV/0!,#DIV/0!,#DIV/0!,#DIV/0!
3074(2)_-_,3074,1832,L/H,F,04A,4,A4,A4,2024-04-01-Map2,ROI_4,3074(2)_-_,3074,1832,L/H,F,04A,4,A4,2024-04-01-Map2,,TRUE,0,NA,NA,0,0,0,#DIV/0!,#DIV/0!,#DIV/0!,#DIV/0!,#DIV/0!
3118(2)_-_,3118,1830,L/H,M,04A,4,A4,A4,2024-04-01-Map2,ROI_4,3118(2)_-_,3118,1830,L/H,M,04A,4,A4,2024-04-01-Map2,,TRUE,0,NA,NA,0,0,0,#DIV/0!,#DIV/0!,#DIV/0!,#DIV/0!,#DIV/0!
3135_-_,3135,1922,N,M,β03,3,A4-5,A5,2024-04-01-Map2,ROI_4,3135_-_,3135,1922,RV 10,M,β03,3,A4-5,2024-04-01-Map2,,TRUE,0,NA,NA,0,0,0,#DIV/0!,#DIV/0!,#DIV/0!,#DIV/0!,#DIV/0!
3148_-_,3148,1921,N,M,α03,3,A1-3,A3,2024-04-01-Map2,ROI_4,3148_-_,3148,1921,RV 10,M,α03,3,A1-3,2024-04-01-Map2,,TRUE,4713342.894,124.6103415,127.1824121,16342516.21,17606949.03,38662808.13,48.1377721,51.8622279,0.92818558,12.19089642,13.88340836
3228_-_,3228,1926,N,M,β04,4,A4-5,A5,2024-04-01-Map2,ROI_4,3228_-_,3228,1926,RV 10,M,β04,4,A4-5,2024-04-01-Map2,,TRUE,2478066.011,112.0498723,132.4852325,5448259.938,16889304.03,24815629.98,24.39057342,75.60942658,0.322586409,9.985908127,11.09371646
3239_-_,3239,1886,N,M,β02,2,A4-5,A5,2024-04-01-Map2,ROI_4,3239_-_,3239,1886,RV 10,M,β02,2,A4-5,2024-04-01-Map2,,TRUE,0,NA,NA,0,0,0,#DIV/0!,#DIV/0!,#DIV/0!,#DIV/0!,#DIV/0!
3284_-_,3284,1915,RV 10,M,β03,3,A4-5,A5,2024-04-01-Map2,ROI_4,3284_-_,3284,1915,RV 10,M,β03,3,A4-5,2024-04-01-Map2,,TRUE,0,NA,NA,0,0,0,#DIV/0!,#DIV/0!,#DIV/0!,#DIV/0!,#DIV/0!
3297(2)_-_,3297,1828,L/H,M,04A,4,A4,A4,2024-04-01-Map2,ROI_4,3297(2)_-_,3297,1828,L/H,M,04A,4,A4,2024-04-01-Map2,,TRUE,0,NA,NA,0,0,0,#DIV/0!,#DIV/0!,#DIV/0!,#DIV/0!,#DIV/0!
3412_-_,3412,1888,N,M,β03,3,A4-5,A5,2024-04-01-Map2,ROI_4,3412_-_,3412,1888,RV 10,M,β03,3,A4-5,2024-04-01-Map2,,TRUE,0,NA,NA,0,0,0,#DIV/0!,#DIV/0!,#DIV/0!,#DIV/0!,#DIV/0!
3432_-_,3432,1923,N,M,α03,3,A1-3,A3,2024-04-01-Map2,ROI_4,3432_-_,3432,1923,RV 10,M,α03,3,A1-3,2024-04-01-Map2,,TRUE,8101655.517,109.0149671,124.7682769,8120886.485,21272303.98,37494845.98,27.62846209,72.37153791,0.38175867,21.60738444,27.56303548
3458_-_,3458,1887,N,M,β02,2,A4-5,A5,2024-04-01-Map2,ROI_4,3458_-_,3458,1887,RV 10,M,β02,2,A4-5,2024-04-01-Map2,,TRUE,0,NA,NA,0,0,0,#DIV/0!,#DIV/0!,#DIV/0!,#DIV/0!,#DIV/0!
3559_-_,3559,1918,N,F,β03,3,A4-5,A5,2024-04-01-Map2,ROI_4,3559_-_,3559,1918,RV 10,F,β03,3,A4-5,2024-04-01-Map2,,TRUE,3831512.182,120.9597943,130.0413777,8258797.162,13257108.27,25347417.62,38.38461359,61.61538641,0.622971239,15.11598633,17.80781289
3647(2)_-_,3647,1832,L/H,F,05A,5,A5,A5,2024-04-01-Map2,ROI_4,3647(2)_-_,3647,1832,L/H,F,05A,5,A5,2024-04-01-Map2,,TRUE,0,NA,NA,0,0,0,#DIV/0!,#DIV/0!,#DIV/0!,#DIV/0!,#DIV/0!
3648_-_,3648,1887,N,M,α02,2,A1-3,A3,2024-04-01-Map2,ROI_4,3648_-_,3648,1887,RV 10,M,α02,2,A1-3,2024-04-01-Map2,,TRUE,0,NA,NA,0,0,0,#DIV/0!,#DIV/0!,#DIV/0!,#DIV/0!,#DIV/0!
3703_-_,3703,1886,N,M,β05,5,A4-5,A5,2024-04-01-Map2,ROI_4,3703_-_,3703,1886,RV 10,M,β05,5,A4-5,2024-04-01-Map2,,TRUE,0,NA,NA,0,0,0,#DIV/0!,#DIV/0!,#DIV/0!,#DIV/0!,#DIV/0!
3734_-_,3734,1888,N,M,α03,3,A1-3,A3,2024-04-01-Map2,ROI_4,3734_-_,3734,1888,RV 10,M,α03,3,A1-3,2024-04-01-Map2,,TRUE,0,NA,NA,0,0,0,#DIV/0!,#DIV/0!,#DIV/0!,#DIV/0!,#DIV/0!
3825(2_3)_-_,3825,1832,L/H,F,01A,1,A1,A1,2024-04-01-Map2,ROI_4,3825(2_3)_-_,3825,1832,L/H,F,01A,1,A1,2024-04-01-Map2,,TRUE,0,NA,NA,0,0,0,#DIV/0!,#DIV/0!,#DIV/0!,#DIV/0!,#DIV/0!
3858(2)_-_,3858,1828,L/H,M,05A,5,A5,A5,2024-04-01-Map2,ROI_4,3858(2)_-_,3858,1828,L/H,M,05A,5,A5,2024-04-01-Map2,,TRUE,0,NA,NA,0,0,0,#DIV/0!,#DIV/0!,#DIV/0!,#DIV/0!,#DIV/0!
3882_-_,3882,1919,N,F,α03,3,A1-3,A3,2024-04-01-Map2,ROI_4,3882_-_,3882,1919,RV 10,F,α03,3,A1-3,2024-04-01-Map2,,TRUE,8663775.921,110.74899,122.6527159,7281582.837,15791105.06,31736463.81,31.55931754,68.44068246,0.46111927,27.29912183,37.54992033
3952_-_,3952,1921,N,M,β03,3,A4-5,A5,2024-04-01-Map2,ROI_4,3952_-_,3952,1921,RV 10,M,β03,3,A4-5,2024-04-01-Map2,,TRUE,4016934.785,128.9934115,125.8418415,12685513.79,7895171.53,24597620.1,61.63795613,38.36204387,1.606743278,16.33058308,19.5179836
3974_-_,3974,1889,N,F,α04,4,A1-3,A3,2024-04-01-Map2,ROI_4,3974_-_,3974,1889,N,F,α04,4,A1-3,2024-04-01-Map2,,TRUE,0,NA,NA,0,0,0,#DIV/0!,#DIV/0!,#DIV/0!,#DIV/0!,#DIV/0!
4045_-_,4045,1920,N,F,α05,5,A1-3,A3,2024-04-01-Map2,ROI_4,4045_-_,4045,1920,RV 10,F,α05,5,A1-3,2024-04-01-Map2,,TRUE,6975268.334,115.2674089,122.805251,11983838.42,14272857.78,33231964.53,45.64107506,54.35892494,0.839624314,20.98963583,26.56567407
4153_-_,4153,1920,N,F,β03,3,A4-5,A5,2024-04-01-Map2,ROI_4,4153_-_,4153,1920,RV 10,F,β03,3,A4-5,2024-04-01-Map2,,TRUE,692682.7829,128.7169981,146.2894917,3393347.546,7170137.847,11256168.18,32.12337046,67.87662954,0.473261131,6.153806267,6.55733176
4156_-_,4156,1915,RV 10,M,α03,3,A1-3,A3,2024-04-01-Map2,ROI_4,4156_-_,4156,1915,RV 10,M,α03,3,A1-3,2024-04-01-Map2,,TRUE,0,NA,NA,0,0,0,#DIV/0!,#DIV/0!,#DIV/0!,#DIV/0!,#DIV/0!
Image_7923(1),7923,1957,S/H,M,β01,1,A4-5,A5,2024-03-11-Map2,ROI_4,Image_7923(1),7923,1957,S/H,M,β01,1,A4-5,2024-03-11-Map2,,TRUE,0,NA,NA,0,0,0,,,,,
4276_-_,4276,1926,N,M,α04,4,A1-3,A3,2024-04-01-Map2,ROI_4,4276_-_,4276,1926,RV 10,M,α04,4,A1-3,2024-04-01-Map2,,TRUE,4535732.611,117.4501683,138.2707488,5157707.613,20641540.99,30334981.21,19.99169702,80.00830298,0.249870279,14.95215237,17.58087098
4310(2_3)_-_,4310,1830,L/H,M,05A,5,A5,A5,2024-04-01-Map2,ROI_4,4310(2_3)_-_,4310,1830,L/H,M,05A,5,A5,2024-04-01-Map2,,TRUE,0,NA,NA,0,0,0,#DIV/0!,#DIV/0!,#DIV/0!,#DIV/0!,#DIV/0!
4330_-_,4330,1924,N,M,α03,3,A1-3,A3,2024-04-01-Map2,ROI_4,4330_-_,4330,1924,RV 10,M,α03,3,A1-3,2024-04-01-Map2,,TRUE,7644835.648,116.5716194,127.2695984,3522541.958,24843841.64,36011219.25,12.41801566,87.58198434,0.141787329,21.22903864,26.95033585
4397(2)_-_,4397,1832,L/H,F,02A,2,A2,A2,2024-04-01-Map2,ROI_4,4397(2)_-_,4397,1832,L/H,F,02A,2,A2,2024-04-01-Map2,,TRUE,0,NA,NA,0,0,0,#DIV/0!,#DIV/0!,#DIV/0!,#DIV/0!,#DIV/0!
4421_-_,4421,1923,N,M,β03,3,A4-5,A5,2024-04-01-Map2,ROI_4,4421_-_,4421,1923,RV 10,M,β03,3,A4-5,2024-04-01-Map2,,TRUE,4396891.696,104.1839182,126.9414616,6409664.47,16154249.99,26960806.15,28.40670435,71.59329565,0.396778834,16.30845781,19.48638701
4481_-_,4481,1919,N,F,β03,3,A4-5,A5,2024-04-01-Map2,ROI_4,4481_-_,4481,1919,RV 10,F,β03,3,A4-5,2024-04-01-Map2,,TRUE,2513987.913,114.397235,132.9414741,6916472.738,14923589.31,24354049.96,31.66874125,68.33125875,0.463459064,10.32266878,11.51090097
4691(2)_-_,4691,1830,L/H,M,02A,2,A2,A2,2024-04-01-Map2,ROI_4,4691(2)_-_,4691,1830,L/H,M,02A,2,A2,2024-04-01-Map2,,TRUE,0,NA,NA,0,0,0,#DIV/0!,#DIV/0!,#DIV/0!,#DIV/0!,#DIV/0!
4711_-_,4711,1864,N,M,β04,4,A4-5,A5,2024-04-01-Map2,ROI_4,4711_-_,4711,1864,N,M,β04,4,A4-5,2024-04-01-Map2,,TRUE,0,NA,NA,0,0,0,#DIV/0!,#DIV/0!,#DIV/0!,#DIV/0!,#DIV/0!
4740(1_2)_-_,4740,1832,L/H,F,03A,3,A3,A3,2024-04-01-Map2,ROI_4,4740(1_2)_-_,4740,1832,L/H,F,03A,3,A3,2024-04-01-Map2,,TRUE,0,NA,NA,0,0,0,#DIV/0!,#DIV/0!,#DIV/0!,#DIV/0!,#DIV/0!
4744_-_,4744,1918,N,F,α03,3,A1-3,A3,2024-04-01-Map2,ROI_4,4744_-_,4744,1918,RV 10,F,α03,3,A1-3,2024-04-01-Map2,,TRUE,5513822.403,114.8844667,123.7194303,11012705.6,19930513.11,36457041.11,35.59004543,64.40995457,0.552555046,15.12416322,17.81916243
4753_-_,4753,1892,N,M,α02,2,A1-3,A3,2024-04-01-Map2,ROI_4,4753_-_,4753,1892,RV 10,M,α02,2,A1-3,2024-04-01-Map2,,TRUE,0,NA,NA,0,0,0,#DIV/0!,#DIV/0!,#DIV/0!,#DIV/0!,#DIV/0!
4810_-_,4810,1922,N,M,α03,3,A1-3,A3,2024-04-01-Map2,ROI_4,4810_-_,4810,1922,RV 10,M,α03,3,A1-3,2024-04-01-Map2,,TRUE,6495216.344,122.5856079,121.3819571,17532410.85,15713948.25,39741575.45,52.73482969,47.26517031,1.115722832,16.34363075,19.53662452
4825_-_,4825,1889,N,F,β04,4,A4-5,A5,2024-04-01-Map2,ROI_4,4825_-_,4825,1889,N,F,β04,4,A4-5,2024-04-01-Map2,,TRUE,0,NA,NA,0,0,0,#DIV/0!,#DIV/0!,#DIV/0!,#DIV/0!,#DIV/0!
4878_-_,4878,1886,N,M,α05,5,A1-3,A3,2024-04-01-Map2,ROI_4,4878_-_,4878,1886,RV 10,M,α05,5,A1-3,2024-04-01-Map2,,TRUE,0,NA,NA,0,0,0,#DIV/0!,#DIV/0!,#DIV/0!,#DIV/0!,#DIV/0!
4899(3)_-_,4899,1830,L/H,M,03A,3,A3,A3,2024-04-01-Map2,ROI_4,4899(3)_-_,4899,1830,L/H,M,03A,3,A3,2024-04-01-Map2,,TRUE,0,NA,NA,0,0,0,#DIV/0!,#DIV/0!,#DIV/0!,#DIV/0!,#DIV/0!
4902_-_,4902,1925,N,M,α04,4,A1-3,A3,2024-04-01-Map2,ROI_4,4902_-_,4902,1925,RV 10,M,α04,4,A1-3,2024-04-01-Map2,,TRUE,7084639.912,115.7573263,124.7353981,11418838.19,11804723.78,30308201.88,49.16919379,50.83080621,0.967310917,23.37532243,30.50625878
4919(3)_-_,4919,1830,L/H,M,01A,1,A1,A1,2024-04-01-Map2,ROI_4,4919(3)_-_,4919,1830,L/H,M,01A,1,A1,2024-04-01-Map2,,TRUE,0,NA,NA,0,0,0,#DIV/0!,#DIV/0!,#DIV/0!,#DIV/0!,#DIV/0!
4990_-_,4990,1892,N,M,β02,2,A4-5,A5,2024-04-01-Map2,ROI_4,4990_-_,4990,1892,RV 10,M,β02,2,A4-5,2024-04-01-Map2,,TRUE,0,NA,NA,0,0,0,#DIV/0!,#DIV/0!,#DIV/0!,#DIV/0!,#DIV/0!
_-__02,#VALUE!,#VALUE!,#VALUE!,#VALUE!,#VALUE!,#VALUE!,#VALUE!,#VALUE!,2024-04-01-Map2,ROI_4,_-__02,#VALUE!,#VALUE!,#VALUE!,#VALUE!,#VALUE!,#VALUE!,#VALUE!,2024-04-01-Map2,,TRUE,0,NA,NA,0,0,0,#DIV/0!,#DIV/0!,#DIV/0!,#DIV/0!,#DIV/0!
_-__03,#VALUE!,#VALUE!,#VALUE!,#VALUE!,#VALUE!,#VALUE!,#VALUE!,#VALUE!,2024-04-01-Map2,ROI_4,_-__03,#VALUE!,#VALUE!,#VALUE!,#VALUE!,#VALUE!,#VALUE!,#VALUE!,2024-04-01-Map2,,TRUE,0,NA,NA,0,0,0,#DIV/0!,#DIV/0!,#DIV/0!,#DIV/0!,#DIV/0!
_-__04,#VALUE!,#VALUE!,#VALUE!,#VALUE!,#VALUE!,#VALUE!,#VALUE!,#VALUE!,2024-04-01-Map2,ROI_4,_-__04,#VALUE!,#VALUE!,#VALUE!,#VALUE!,#VALUE!,#VALUE!,#VALUE!,2024-04-01-Map2,,TRUE,0,NA,NA,0,0,0,#DIV/0!,#DIV/0!,#DIV/0!,#DIV/0!,#DIV/0!
_-__05,#VALUE!,#VALUE!,#VALUE!,#VALUE!,#VALUE!,#VALUE!,#VALUE!,#VALUE!,2024-04-01-Map2,ROI_4,_-__05,#VALUE!,#VALUE!,#VALUE!,#VALUE!,#VALUE!,#VALUE!,#VALUE!,2024-04-01-Map2,,TRUE,2617362.804,147.7820679,178.013172,12698793.14,11547151.41,26863307.36,52.3749162,47.6250838,1.099733838,9.743263437,10.79505399
_-__06,#VALUE!,#VALUE!,#VALUE!,#VALUE!,#VALUE!,#VALUE!,#VALUE!,#VALUE!,2024-04-01-Map2,ROI_4,_-__06,#VALUE!,#VALUE!,#VALUE!,#VALUE!,#VALUE!,#VALUE!,#VALUE!,2024-04-01-Map2,,TRUE,0,NA,NA,0,0,0,#DIV/0!,#DIV/0!,#DIV/0!,#DIV/0!,#DIV/0!
