R0001,GFAP,0,25.07,,,Variant,Number,Sample,Time,,Class,Group,0,Average,0.1,0.2,0.3,0.4,0.5,0.6,Average,DeltaCq,DeltaDeltaCt,DeltaDeltaCt-SH,FoldChange,FoldChange-SH,,DeltaCqExp,DeltaCqExp,,FoldChange-N,FoldChange-SH,,,,,,,,,
R0001,IL-1B,0.1,32.95,,,0,1,R0001,48,RV (P10),RV (P10) 48 HR,Treatment 2,25.07,25.07,32.95,32.74,32.92,,,,32.87,7.8,7.8,7.8,0.004487103,0.004487103,,0.004487103,0.004487103,,0.005002423,0.311716741,,,,,,,,Average DeltaCq,FoldChange
R0001,IL-1B,0.2,32.74,,,0.1,1,R0001,48,RV (P10),RV (P10) 48 HR,Treatment 2,25.07,25.07,32.95,32.95,32.95,,,,32.95,7.88,7.88,7.88,0.004245058,0.004245058,,0.004245058,0.004245058,,0.004732581,0.294902007,,,,,L/H,24,L/H 24,0.435863442,42.09384912
R0001,IL-1B,0.3,32.92,,,0.2,1,R0001,48,RV (P10),RV (P10) 48 HR,Treatment 2,25.07,25.07,32.74,32.74,32.74,,,,32.74,7.67,7.67,7.67,0.004910208,0.004910208,,0.004910208,0.004910208,,0.005474121,0.341109667,,,,,L/H,48,L/H 48,0.091323953,0.101812037
R0002,GFAP,0,27.02,,,0.3,1,R0001,48,RV (P10),RV (P10) 48 HR,Treatment 2,25.07,25.07,32.92,32.92,32.92,,,,32.92,7.85,7.85,7.85,0.004334256,0.004334256,,0.004334256,0.004334256,,0.004832023,0.301098525,,,,,L/H,96,L/H 96,0.108964991,0.096164142
R0002,IL-1B,0.1,34.05,,,0.4,1,R0001,48,RV (P10),RV (P10) 48 HR,Treatment 2,25.07,25.07,,,,,,,,,,,,,,,,,,,,,,,S/H,24,S/H 24,0.011829935,1.142485108
R0002,IL-1B,0.2,33.37,,,0,2,R0002,48,RV (P10),RV (P10) 48 HR,Treatment 2,27.02,27.02,34.05,33.37,33.56,,,,33.66,6.64,6.64,6.64,0.010026765,0.010026765,,0.010026765,0.010026765,,0.011178287,0.696554212,,,,,S/H,48,S/H 48,0.014394809,0.016047978
R0002,IL-1B,0.3,33.56,,,0.1,2,R0002,48,RV (P10),RV (P10) 48 HR,Treatment 2,27.02,27.02,34.05,34.05,34.05,,,,34.05,7.03,7.03,7.03,0.007651721,0.007651721,,0.007651721,0.007651721,,0.008530482,0.53156114,,,,,S/H,96,S/H 96,0.022994782,0.020293431
R0003,GFAP,0,26.74,,,0.2,2,R0002,48,RV (P10),RV (P10) 48 HR,Treatment 2,27.02,27.02,33.37,33.37,33.37,,,,33.37,6.35,6.35,6.35,0.012259127,0.012259127,,0.012259127,0.012259127,,0.013667024,0.851635235,,,,,RV (P7) ,24,RV (P7)  24,0.020278155,1.958378466
R0003,IL-1B,0.1,34.5,,,0.3,2,R0002,48,RV (P10),RV (P10) 48 HR,Treatment 2,27.02,27.02,33.56,33.56,33.56,,,,33.56,6.54,6.54,6.54,0.01074642,0.01074642,,0.01074642,0.01074642,,0.011980591,0.74654832,,,,,RV (P7) ,48,RV (P7)  48,0.007930446,0.008841217
R0003,IL-1B,0.2,33.86,,,0.4,2,R0002,48,RV (P10),RV (P10) 48 HR,Treatment 2,27.02,27.02,,,,,,,,,,,,,,,,,,,,,,,RV (P7) ,96,RV (P7)  96,0.019014901,0.016781093
R0003,IL-1B,0.3,34.53,,,0,3,R0003,48,RV (P10),RV (P10) 48 HR,Treatment 2,26.74,26.74,34.5,33.86,34.53,,,,34.29666667,7.556666667,7.556666667,7.556666667,0.005311494,0.005311494,,0.005311494,0.005311494,,0.005921491,0.36898674,,,,,RV (P10),24,RV (P10) 24,0.083004492,8.016222983
R0004,GFAP,0,27.37,,,0.1,3,R0003,48,RV (P10),RV (P10) 48 HR,Treatment 2,26.74,26.74,34.5,34.5,34.5,,,,34.5,7.76,7.76,7.76,0.004613253,0.004613253,,0.004613253,0.004613253,,0.005143061,0.320480292,,,,,RV (P10),48,RV (P10) 48,0.006964861,0.007764739
R0004,IL-1B,0.1,34.26,,,0.2,3,R0003,48,RV (P10),RV (P10) 48 HR,Treatment 2,26.74,26.74,33.86,33.86,33.86,,,,33.86,7.12,7.12,7.12,0.007188966,0.007188966,,0.007188966,0.007188966,,0.008014582,0.499413784,,,,,RV (P10),96,RV (P10) 96,0.008623114,0.007610099
R0004,IL-1B,0.2,33.83,,,0.3,3,R0003,48,RV (P10),RV (P10) 48 HR,Treatment 2,26.74,26.74,34.53,34.53,34.53,,,,34.53,7.79,7.79,7.79,0.004518313,0.004518313,,0.004518313,0.004518313,,0.005037218,0.313884903,,,,,N,24,N 24,0.010354564,1
R0004,IL-1B,0.3,34.5,,,0.4,3,R0003,48,RV (P10),RV (P10) 48 HR,Treatment 2,26.74,26.74,,,,,,,,,,,,,,,,,,,,,,,N,48,N 48,0.896985823,1
R0005,GFAP,0,27.67,,,0,4,R0004,48,S/H,S/H 48 HR,Treatment 2,27.37,27.37,34.26,33.83,34.5,,,,34.19666667,6.826666667,6.826666667,6.826666667,0.008809851,0.008809851,,0.008809851,0.008809851,,0.009821617,0.612015832,,,,,N,96,N 96,1.133114577,1
R0005,IL-1B,0.1,33.68,,,0.1,4,R0004,48,S/H,S/H 48 HR,Treatment 2,27.37,27.37,34.26,34.26,34.26,,,,34.26,6.89,6.89,6.89,0.008431471,0.008431471,,0.008431471,0.008431471,,0.009399781,0.58572994,,,,,,,,,
R0005,IL-1B,0.2,33.9,,,0.2,4,R0004,48,S/H,S/H 48 HR,Treatment 2,27.37,27.37,33.83,33.83,33.83,,,,33.83,6.46,6.46,6.46,0.01135916,0.01135916,,0.01135916,0.01135916,,0.012663701,0.789115042,,,,,,,,,
R0005,IL-1B,0.3,33.74,,,0.3,4,R0004,48,S/H,S/H 48 HR,Treatment 2,27.37,27.37,34.5,34.5,34.5,,,,34.5,7.13,7.13,7.13,0.007139308,0.007139308,,0.007139308,0.007139308,,0.007959221,0.495964081,,,,,,,,,
R0006,GFAP,0,27.82,,,0.4,4,R0004,48,S/H,S/H 48 HR,Treatment 2,27.37,27.37,,,,,,,,,,,,,,,,,,,,,,,,,,,
R0006,IL-1B,0.1,33.82,,,0,5,R0005,48,S/H,S/H 48 HR,Treatment 2,27.67,27.67,33.68,33.9,33.74,,,,33.77333333,6.103333333,6.103333333,6.103333333,0.014544996,0.014544996,,0.014544996,0.014544996,,0.016215413,1.010433385,,,,,,,,,
R0006,IL-1B,0.2,34.32,,,0.1,5,R0005,48,S/H,S/H 48 HR,Treatment 2,27.67,27.67,33.68,33.68,33.68,,,,33.68,6.01,6.01,6.01,0.01551707,0.01551707,,0.01551707,0.01551707,,0.017299125,1.077962915,,,,,,,,,
R0006,IL-1B,0.3,34.08,,,0.2,5,R0005,48,S/H,S/H 48 HR,Treatment 2,27.67,27.67,33.9,33.9,33.9,,,,33.9,6.23,6.23,6.23,0.01332242,0.01332242,,0.01332242,0.01332242,,0.014852431,0.9255017,,,,,,,,,
R0007,GFAP,0,28.31,,,0.3,5,R0005,48,S/H,S/H 48 HR,Treatment 2,27.67,27.67,33.74,33.74,33.74,,,,33.74,6.07,6.07,6.07,0.014884969,0.014884969,,0.014884969,0.014884969,,0.01659443,1.034051146,,,,,,,,,
R0007,IL-1B,0.1,33.57,,,0.4,5,R0005,48,S/H,S/H 48 HR,Treatment 2,27.67,27.67,,,,,,,,,,,,,,,,,,,,,,,,,,,
R0007,IL-1B,0.2,34.3,,,0,6,R0006,48,S/H,S/H 48 HR,Treatment 2,27.82,27.82,33.82,34.32,34.08,,,,34.07333333,6.253333333,6.253333333,6.253333333,0.013108684,0.013108684,,0.013108684,0.013108684,,0.014614148,0.910653556,,,,,,,,,
R0007,IL-1B,0.3,34.65,,,0.1,6,R0006,48,S/H,S/H 48 HR,Treatment 2,27.82,27.82,33.82,33.82,33.82,,,,33.82,6,6,6,0.015625,0.015625,,0.015625,0.015625,,0.01741945,1.08546074,,,,,,,,,
R0008,GFAP,0,27.5,,,0.2,6,R0006,48,S/H,S/H 48 HR,Treatment 2,27.82,27.82,34.32,34.32,34.32,,,,34.32,6.5,6.5,6.5,0.011048543,0.011048543,,0.011048543,0.011048543,,0.012317411,0.76753665,,,,,,,,,
R0008,IL-1B,0.1,33.57,,,0.3,6,R0006,48,S/H,S/H 48 HR,Treatment 2,27.82,27.82,34.08,34.08,34.08,,,,34.08,6.26,6.26,6.26,0.013048249,0.013048249,,0.013048249,0.013048249,,0.014546773,0.906455151,,,,,,,,,
R0008,IL-1B,0.2,34.15,,,0.4,6,R0006,48,S/H,S/H 48 HR,Treatment 2,27.82,27.82,,,,,,,,,,,,,,,,,,,,,,,,,,,
R0008,IL-1B,0.3,33.82,,,0,7,R0007,48,L/H,L/H 48 HR,Treatment 2,28.31,28.31,33.57,34.3,34.65,,,,34.17333333,5.863333333,5.863333333,5.863333333,0.017177533,0.017177533,,0.017177533,0.017177533,,0.019150284,1.193314413,,,,,,,,,
R0009,GFAP,0,27.22,,,0.1,7,R0007,48,L/H,L/H 48 HR,Treatment 2,28.31,28.31,33.57,33.57,33.57,,,,33.57,5.26,5.26,5.26,0.026096497,0.026096497,,0.026096497,0.026096497,,0.029093545,1.812910301,,,,,,,,,
R0009,IL-1B,0.1,32.15,,,0.2,7,R0007,48,L/H,L/H 48 HR,Treatment 2,28.31,28.31,34.3,34.3,34.3,,,,34.3,5.99,5.99,5.99,0.01573368,0.01573368,,0.01573368,0.01573368,,0.017540612,1.093010716,,,,,,,,,
R0009,IL-1B,0.2,32.09,,,0.3,7,R0007,48,L/H,L/H 48 HR,Treatment 2,28.31,28.31,34.65,34.65,34.65,,,,34.65,6.34,6.34,6.34,0.012344395,0.012344395,,0.012344395,0.012344395,,0.013762085,0.857558827,,,,,,,,,
R0009,IL-1B,0.3,32.64,,,0.4,7,R0007,48,L/H,L/H 48 HR,Treatment 2,28.31,28.31,,,,,,,,,,,,,,,,,,,,,,,,,,,
R0010,GFAP,0,26.96,,,0,8,R0008,48,L/H,L/H 48 HR,Treatment 2,27.5,27.5,33.57,34.15,33.82,,,,33.84666667,6.346666667,6.346666667,6.346666667,0.012287484,0.012287484,,0.012287484,0.012287484,,0.013698638,0.853605205,,,,,,,,,
R0010,IL-1B,0.1,34.09,,,0.1,8,R0008,48,L/H,L/H 48 HR,Treatment 2,27.5,27.5,33.57,33.57,33.57,,,,33.57,6.07,6.07,6.07,0.014884969,0.014884969,,0.014884969,0.014884969,,0.01659443,1.034051146,,,,,,,,,
R0010,IL-1B,0.2,34.26,,,0.2,8,R0008,48,L/H,L/H 48 HR,Treatment 2,27.5,27.5,34.15,34.15,34.15,,,,34.15,6.65,6.65,6.65,0.009957505,0.009957505,,0.009957505,0.009957505,,0.011101073,0.691742761,,,,,,,,,
R0010,IL-1B,0.3,34.13,,,0.3,8,R0008,48,L/H,L/H 48 HR,Treatment 2,27.5,27.5,33.82,33.82,33.82,,,,33.82,6.32,6.32,6.32,0.012516717,0.012516717,,0.012516717,0.012516717,,0.013954197,0.869529902,,,,,,,,,
R0011,GFAP,0,27.43,,,0.4,8,R0008,48,L/H,L/H 48 HR,Treatment 2,27.5,27.5,,,,,,,,,,,,,,,,,,,,,,,,,,,
R0011,IL-1B,0.1,34.17,,,0,9,R0009,48,L/H,L/H 48 HR,Treatment 2,27.22,27.22,32.15,32.09,32.64,,,,32.29333333,5.073333333,5.073333333,5.073333333,0.029701234,0.029701234,,0.029701234,0.029701234,,0.033112267,2.063329477,,,,,,,,,
R0011,IL-1B,0.2,34.57,,,0.1,9,R0009,48,L/H,L/H 48 HR,Treatment 2,27.22,27.22,32.15,32.15,32.15,,,,32.15,4.93,4.93,4.93,0.032803646,0.032803646,,0.032803646,0.032803646,,0.036570975,2.278852495,,,,,,,,,
R0011,IL-1B,0.3,34.51,,,0.2,9,R0009,48,L/H,L/H 48 HR,Treatment 2,27.22,27.22,32.09,32.09,32.09,,,,32.09,4.87,4.87,4.87,0.034196678,0.034196678,,0.034196678,0.034196678,,0.03812399,2.375625701,,,,,,,,,
R0012,GFAP,0,27.99,,,0.3,9,R0009,48,L/H,L/H 48 HR,Treatment 2,27.22,27.22,32.64,32.64,32.64,,,,32.64,5.42,5.42,5.42,0.02335702,0.02335702,,0.02335702,0.02335702,,0.026039452,1.622600171,,,,,,,,,
R0012,IL-1B,0.1,33.03,,,0.4,9,R0009,48,L/H,L/H 48 HR,Treatment 2,27.22,27.22,,,,,,,,,,,,,,,,,,,,,,,,,,,
R0012,IL-1B,0.2,34.06,,,0,10,R0010,96,L/H,L/H 96 HR,Treatment 3,26.96,26.96,34.09,34.26,34.13,,,,34.16,7.2,7.2,7.2,0.006801176,0.006801176,,0.006801176,0.006801176,,0.006002196,0.295770418,,,,,,,,,
R0012,IL-1B,0.3,34.04,,,0.1,10,R0010,96,L/H,L/H 96 HR,Treatment 3,26.96,26.96,34.09,34.09,34.09,,,,34.09,7.13,7.13,7.13,0.007139308,0.007139308,,0.007139308,0.007139308,,0.006300606,0.310475142,,,,,,,,,
R0013,GFAP,0,28.14,,,0.2,10,R0010,96,L/H,L/H 96 HR,Treatment 3,26.96,26.96,34.26,34.26,34.26,,,,34.26,7.3,7.3,7.3,0.006345722,0.006345722,,0.006345722,0.006345722,,0.005600247,0.275963558,,,,,,,,,
R0013,IL-1B,0.1,33.38,,,0.3,10,R0010,96,L/H,L/H 96 HR,Treatment 3,26.96,26.96,34.13,34.13,34.13,,,,34.13,7.17,7.17,7.17,0.006944083,0.006944083,,0.006944083,0.006944083,,0.006128315,0.301985183,,,,,,,,,
R0013,IL-1B,0.2,33.72,,,0.4,10,R0010,96,L/H,L/H 96 HR,Treatment 3,26.96,26.96,,,,,,,,,,,,,,,,,,,,,,,,,,,
R0013,IL-1B,0.3,33.92,,,0,11,R0011,96,L/H,L/H 96 HR,Treatment 3,27.43,27.43,34.17,34.57,34.51,,,,34.41666667,6.986666667,6.986666667,6.986666667,0.007885038,0.007885038,,0.007885038,0.007885038,,0.006958729,0.342905513,,,,,,,,,
R0014,GFAP,0,27.84,,,0.1,11,R0011,96,L/H,L/H 96 HR,Treatment 3,27.43,27.43,34.17,34.17,34.17,,,,34.17,6.74,6.74,6.74,0.009355302,0.009355302,,0.009355302,0.009355302,,0.008256272,0.406844578,,,,,,,,,
R0014,IL-1B,0.1,34.47,,,0.2,11,R0011,96,L/H,L/H 96 HR,Treatment 3,27.43,27.43,34.57,34.57,34.57,,,,34.57,7.14,7.14,7.14,0.007089993,0.007089993,,0.007089993,0.007089993,,0.006257084,0.308330534,,,,,,,,,
R0014,IL-1B,0.2,35.61,,,0.3,11,R0011,96,L/H,L/H 96 HR,Treatment 3,27.43,27.43,34.51,34.51,34.51,,,,34.51,7.08,7.08,7.08,0.007391075,0.007391075,,0.007391075,0.007391075,,0.006522796,0.321424025,,,,,,,,,
R0014,IL-1B,0.3,34.68,,,0.4,11,R0011,96,L/H,L/H 96 HR,Treatment 3,27.43,27.43,,,,,,,,,,,,,,,,,,,,,,,,,,,
R0015,GFAP,0,28.28,,,0,12,R0012,48,S/H,S/H 48 HR,Treatment 2,27.99,27.99,33.03,34.06,34.04,,,,33.71,5.72,5.72,5.72,0.018971795,0.018971795,,0.018971795,0.018971795,,0.021150607,1.317960877,,,,,,,,,
R0015,IL-1B,0.1,33.94,,,0.1,12,R0012,48,S/H,S/H 48 HR,Treatment 2,27.99,27.99,33.03,33.03,33.03,,,,33.03,5.04,5.04,5.04,0.030395467,0.030395467,,0.030395467,0.030395467,,0.033886229,2.111557517,,,,,,,,,
R0015,IL-1B,0.2,34.46,,,0.2,12,R0012,48,S/H,S/H 48 HR,Treatment 2,27.99,27.99,34.06,34.06,34.06,,,,34.06,6.07,6.07,6.07,0.014884969,0.014884969,,0.014884969,0.014884969,,0.01659443,1.034051146,,,,,,,,,
R0015,IL-1B,0.3,34.2,,,0.3,12,R0012,48,S/H,S/H 48 HR,Treatment 2,27.99,27.99,34.04,34.04,34.04,,,,34.04,6.05,6.05,6.05,0.015092755,0.015092755,,0.015092755,0.015092755,,0.01682608,1.048485962,,,,,,,,,
R0016,GFAP,0,28.47,,,0.4,12,R0012,48,S/H,S/H 48 HR,Treatment 2,27.99,27.99,,,,,,,,,,,,,,,,,,,,,,,,,,,
R0016,IL-1B,0.1,35.54,,,0,13,R0013,48,S/H,S/H 48 HR,Treatment 2,28.14,28.14,33.38,33.72,33.92,,,,33.67333333,5.533333333,5.533333333,5.533333333,0.021592389,0.021592389,,0.021592389,0.021592389,,0.024072163,1.500012177,,,,,,,,,
R0016,IL-1B,0.2,35.06,,,0.1,13,R0013,48,S/H,S/H 48 HR,Treatment 2,28.14,28.14,33.38,33.38,33.38,,,,33.38,5.24,5.24,5.24,0.026460791,0.026460791,,0.026460791,0.026460791,,0.029499676,1.838217586,,,,,,,,,
R0016,IL-1B,0.3,35.12,,,0.2,13,R0013,48,S/H,S/H 48 HR,Treatment 2,28.14,28.14,33.72,33.72,33.72,,,,33.72,5.58,5.58,5.58,0.020905118,0.020905118,,0.020905118,0.020905118,,0.023305963,1.452267833,,,,,,,,,
R0017,GFAP,0,26.26,,,0.3,13,R0013,48,S/H,S/H 48 HR,Treatment 2,28.14,28.14,33.92,33.92,33.92,,,,33.92,5.78,5.78,5.78,0.018198962,0.018198962,,0.018198962,0.018198962,,0.020289019,1.26427258,,,,,,,,,
R0017,IL-1B,0.1,34.39,,,0.4,13,R0013,48,S/H,S/H 48 HR,Treatment 2,28.14,28.14,,,,,,,,,,,,,,,,,,,,,,,,,,,
R0017,IL-1B,0.2,34.07,,,0,14,R0014,96,S/H,S/H 96 HR,Treatment 3,27.84,27.84,34.47,35.61,34.68,,,,34.92,7.08,7.08,7.08,0.007391075,0.007391075,,0.007391075,0.007391075,,0.006522796,0.321424025,,,,,,,,,
R0017,IL-1B,0.3,34.28,,,0.1,14,R0014,96,S/H,S/H 96 HR,Treatment 3,27.84,27.84,34.47,34.47,34.47,,,,34.47,6.63,6.63,6.63,0.010096506,0.010096506,,0.010096506,0.010096506,,0.008910402,0.439078157,,,,,,,,,
R0018,GFAP,0,28.81,,,0.2,14,R0014,96,S/H,S/H 96 HR,Treatment 3,27.84,27.84,35.61,35.61,35.61,,,,35.61,7.77,7.77,7.77,0.004581387,0.004581387,,0.004581387,0.004581387,,0.00404318,0.199235919,,,,,,,,,
R0018,IL-1B,0.1,33.85,,,0.3,14,R0014,96,S/H,S/H 96 HR,Treatment 3,27.84,27.84,34.68,34.68,34.68,,,,34.68,6.84,6.84,6.84,0.008728806,0.008728806,,0.008728806,0.008728806,,0.007703374,0.379599414,,,,,,,,,
R0018,IL-1B,0.2,35.04,,,0.4,14,R0014,96,S/H,S/H 96 HR,Treatment 3,27.84,27.84,,,,,,,,,,,,,,,,,,,,,,,,,,,
R0018,IL-1B,0.3,34.17,,,0,15,R0015,96,S/H,S/H 96 HR,Treatment 3,28.28,28.28,33.94,34.46,34.2,,,,34.2,5.92,5.92,5.92,0.016515907,0.016515907,,0.016515907,0.016515907,,0.014575672,0.718245857,,,,,,,,,
R0019,GFAP,0,26.92,,,0.1,15,R0015,96,S/H,S/H 96 HR,Treatment 3,28.28,28.28,33.94,33.94,33.94,,,,33.94,5.66,5.66,5.66,0.019777447,0.019777447,,0.019777447,0.019777447,,0.017454057,0.860084118,,,,,,,,,
R0019,IL-1B,0.1,35.46,,,0.2,15,R0015,96,S/H,S/H 96 HR,Treatment 3,28.28,28.28,34.46,34.46,34.46,,,,34.46,6.18,6.18,6.18,0.013792234,0.013792234,,0.013792234,0.013792234,,0.012171968,0.599798438,,,,,,,,,
R0019,IL-1B,0.2,34.44,,,0.3,15,R0015,96,S/H,S/H 96 HR,Treatment 3,28.28,28.28,34.2,34.2,34.2,,,,34.2,5.92,5.92,5.92,0.016515907,0.016515907,,0.016515907,0.016515907,,0.014575672,0.718245857,,,,,,,,,
R0019,IL-1B,0.3,34.2,,,0.4,15,R0015,96,S/H,S/H 96 HR,Treatment 3,28.28,28.28,,,,,,,,,,,,,,,,,,,,,,,,,,,
R0020,GFAP,0,27.21,,,0,16,R0016,96,S/H,S/H 96 HR,Treatment 3,28.47,28.47,35.54,35.06,35.12,,,,35.24,6.77,6.77,6.77,0.009162773,0.009162773,,0.009162773,0.009162773,,0.008086361,0.398471838,,,,,,,,,
R0020,IL-1B,0.1,34.84,,,0.1,16,R0016,96,S/H,S/H 96 HR,Treatment 3,28.47,28.47,35.54,35.54,35.54,,,,35.54,7.07,7.07,7.07,0.007442484,0.007442484,,0.007442484,0.007442484,,0.006568166,0.323659705,,,,,,,,,
R0020,IL-1B,0.2,34.52,,,0.2,16,R0016,96,S/H,S/H 96 HR,Treatment 3,28.47,28.47,35.06,35.06,35.06,,,,35.06,6.59,6.59,6.59,0.010380358,0.010380358,,0.010380358,0.010380358,,0.009160908,0.451422324,,,,,,,,,
R0020,IL-1B,0.3,33.7,,,0.3,16,R0016,96,S/H,S/H 96 HR,Treatment 3,28.47,28.47,35.12,35.12,35.12,,,,35.12,6.65,6.65,6.65,0.009957505,0.009957505,,0.009957505,0.009957505,,0.00878773,0.433033238,,,,,,,,,
R0021,GFAP,0,31.19,,,0.4,16,R0016,96,S/H,S/H 96 HR,Treatment 3,28.47,28.47,,,,,,,,,,,,,,,,,,,,,,,,,,,
R0021,IL-1B,0.1,35.3,,,0,17,R0017,48,RV (P7) ,RV (P7) 48 HR,Treatment 2,26.26,26.26,34.39,34.07,34.28,,,,34.24666667,7.986666667,7.986666667,7.986666667,0.003942519,0.003942519,,0.003942519,0.003942519,,0.004395297,0.273884757,,,,,,,,,
R0021,IL-1B,0.2,35.25,,,0.1,17,R0017,48,RV (P7) ,RV (P7) 48 HR,Treatment 2,26.26,26.26,34.39,34.39,34.39,,,,34.39,8.13,8.13,8.13,0.003569654,0.003569654,,0.003569654,0.003569654,,0.00397961,0.24798204,,,,,,,,,
R0021,IL-1B,0.3,35.4,,,0.2,17,R0017,48,RV (P7) ,RV (P7) 48 HR,Treatment 2,26.26,26.26,34.07,34.07,34.07,,,,34.07,7.81,7.81,7.81,0.004456108,0.004456108,,0.004456108,0.004456108,,0.004967869,0.309563557,,,,,,,,,
R0022,GFAP,0,28.87,,,0.3,17,R0017,48,RV (P7) ,RV (P7) 48 HR,Treatment 2,26.26,26.26,34.28,34.28,34.28,,,,34.28,8.02,8.02,8.02,0.003852472,0.003852472,,0.003852472,0.003852472,,0.004294908,0.26762922,,,,,,,,,
R0022,IL-1B,0.1,34.64,,,0.4,17,R0017,48,RV (P7) ,RV (P7) 48 HR,Treatment 2,26.26,26.26,,,,,,,,,,,,,,,,,,,,,,,,,,,
R0022,IL-1B,0.2,35.13,,,0,18,R0018,48,RV (P7) ,RV (P7) 48 HR,Treatment 2,28.81,28.81,33.85,35.04,34.17,,,,34.35333333,5.543333333,5.543333333,5.543333333,0.021443239,0.021443239,,0.021443239,0.021443239,,0.023905884,1.489650836,,,,,,,,,
R0022,IL-1B,0.3,35.22,,,0.1,18,R0018,48,RV (P7) ,RV (P7) 48 HR,Treatment 2,28.81,28.81,33.85,33.85,33.85,,,,33.85,5.04,5.04,5.04,0.030395467,0.030395467,,0.030395467,0.030395467,,0.033886229,2.111557517,,,,,,,,,
R0023,GFAP,0,29.62,,,0.2,18,R0018,48,RV (P7) ,RV (P7) 48 HR,Treatment 2,28.81,28.81,35.04,35.04,35.04,,,,35.04,6.23,6.23,6.23,0.01332242,0.01332242,,0.01332242,0.01332242,,0.014852431,0.9255017,,,,,,,,,
R0023,IL-1B,0.1,35.42,,,0.3,18,R0018,48,RV (P7) ,RV (P7) 48 HR,Treatment 2,28.81,28.81,34.17,34.17,34.17,,,,34.17,5.36,5.36,5.36,0.024348893,0.024348893,,0.024348893,0.024348893,,0.027145237,1.691505122,,,,,,,,,
R0023,IL-1B,0.2,35.93,,,0.4,18,R0018,48,RV (P7) ,RV (P7) 48 HR,Treatment 2,28.81,28.81,,,,,,,,,,,,,,,,,,,,,,,,,,,
R0023,IL-1B,0.3,35.35,,,0,19,R0019,48,RV (P7) ,RV (P7) 48 HR,Treatment 2,26.92,26.92,35.46,34.44,34.2,,,,34.7,7.78,7.78,7.78,0.004549741,0.004549741,,0.004549741,0.004549741,,0.005072255,0.316068145,,,,,,,,,
R0024,GFAP,0,31.79,,,0.1,19,R0019,48,RV (P7) ,RV (P7) 48 HR,Treatment 2,26.92,26.92,35.46,35.46,35.46,,,,35.46,8.54,8.54,8.54,0.002686605,0.002686605,,0.002686605,0.002686605,,0.002995148,0.18663708,,,,,,,,,
R0024,IL-1B,0.1,35.22,,,0.2,19,R0019,48,RV (P7) ,RV (P7) 48 HR,Treatment 2,26.92,26.92,34.44,34.44,34.44,,,,34.44,7.52,7.52,7.52,0.005448217,0.005448217,,0.005448217,0.005448217,,0.006073917,0.378484873,,,,,,,,,
R0024,IL-1B,0.2,35.21,,,0.3,19,R0019,48,RV (P7) ,RV (P7) 48 HR,Treatment 2,26.92,26.92,34.2,34.2,34.2,,,,34.2,7.28,7.28,7.28,0.006434305,0.006434305,,0.006434305,0.006434305,,0.007173251,0.446987857,,,,,,,,,
R0024,IL-1B,0.3,34.86,,,0.4,19,R0019,48,RV (P7) ,RV (P7) 48 HR,Treatment 2,26.92,26.92,,,,,,,,,,,,,,,,,,,,,,,,,,,
R0025,GFAP,0,29.89,,,0,20,R0020,24,L/H,L/H 24 HR,Treatment 1,27.21,27.21,34.84,34.52,33.7,,,,34.35333333,7.143333333,6.802223667,6.842234808,0.008960384,0.008715295,,0.007073631,0.007073631,,0.683141381,0.597943357,,,,,,,,,
R0025,IL-1B,0.1,35.57,,,0.1,20,R0020,24,L/H,L/H 24 HR,Treatment 1,27.21,27.21,34.84,34.84,34.84,,,,34.84,7.63,7.288890333,7.328901475,0.006394777,0.006219863,,0.005048253,0.005048253,,0.487538962,0.426735507,,,,,,,,,
R0025,IL-1B,0.2,35.54,,,0.2,20,R0020,24,L/H,L/H 24 HR,Treatment 1,27.21,27.21,34.52,34.52,34.52,,,,34.52,7.31,6.968890333,7.008901475,0.007982795,0.007764445,,0.006301889,0.006301889,,0.60860978,0.53270697,,,,,,,,,
R0025,IL-1B,0.3,35.25,,,0.3,20,R0020,24,L/H,L/H 24 HR,Treatment 1,27.21,27.21,33.7,33.7,33.7,,,,33.7,6.49,6.148890333,6.188901475,0.014092874,0.013707398,,0.011125392,0.011125392,,1.074443353,0.940444077,,,,,,,,,
R0026,GFAP,0,29.06,,,0.4,20,R0020,24,L/H,L/H 24 HR,Treatment 1,27.21,27.21,,,,,,,,,,,,,,,,,,,,,,,,,,,
R0026,IL-1B,0.1,35.48,,,0,21,R0021,24,L/H,L/H 24 HR,Treatment 1,31.19,31.19,35.3,35.25,35.4,,,,35.31666667,4.126666667,3.785557,3.825568142,0.072515992,0.070532494,,0.057246581,0.057246581,,5.528632809,4.839128991,,,,,,,,,
R0026,IL-1B,0.2,36.08,,,0.1,21,R0021,24,L/H,L/H 24 HR,Treatment 1,31.19,31.19,35.3,35.3,35.3,,,,35.3,4.11,3.768890333,3.808901475,0.073358587,0.071352042,,0.057911754,0.057911754,,5.592872428,4.895356961,,,,,,,,,
R0026,IL-1B,0.3,35.76,,,0.2,21,R0021,24,L/H,L/H 24 HR,Treatment 1,31.19,31.19,35.25,35.25,35.25,,,,35.25,4.06,3.718890333,3.758901475,0.075945572,0.073868266,,0.059954007,0.059954007,,5.790104648,5.067991352,,,,,,,,,
R0027,GFAP,0,31.42,,,0.3,21,R0021,24,L/H,L/H 24 HR,Treatment 1,31.19,31.19,35.4,35.4,35.4,,,,35.4,4.21,3.868890333,3.908901475,0.068445982,0.066573809,,0.054033577,0.054033577,,5.218334493,4.56752955,,,,,,,,,
R0027,IL-1B,0.1,35.01,,,0.4,21,R0021,24,L/H,L/H 24 HR,Treatment 1,31.19,31.19,,,,,,,,,,,,,,,,,,,,,,,,,,,
R0027,IL-1B,0.2,35.1,,,0,22,R0022,96,L/H,L/H 96 HR,Treatment 3,28.87,28.87,34.64,35.13,35.22,,,,34.99666667,6.126666667,6.126666667,6.126666667,0.014311645,0.014311645,,0.014311645,0.014311645,,0.01263036,0.622386643,,,,,,,,,
R0027,IL-1B,0.3,35.26,,,0.1,22,R0022,96,L/H,L/H 96 HR,Treatment 3,28.87,28.87,34.64,34.64,34.64,,,,34.64,5.77,5.77,5.77,0.018325546,0.018325546,,0.018325546,0.018325546,,0.016172721,0.796943676,,,,,,,,,
R0028,GFAP,0,29.03,,,0.2,22,R0022,96,L/H,L/H 96 HR,Treatment 3,28.87,28.87,35.13,35.13,35.13,,,,35.13,6.26,6.26,6.26,0.013048249,0.013048249,,0.013048249,0.013048249,,0.011515383,0.567443899,,,,,,,,,
R0028,IL-1B,0.1,34.64,,,0.3,22,R0022,96,L/H,L/H 96 HR,Treatment 3,28.87,28.87,35.22,35.22,35.22,,,,35.22,6.35,6.35,6.35,0.012259127,0.012259127,,0.012259127,0.012259127,,0.010818965,0.533126452,,,,,,,,,
R0028,IL-1B,0.2,35.27,,,0.4,22,R0022,96,L/H,L/H 96 HR,Treatment 3,28.87,28.87,,,,,,,,,,,,,,,,,,,,,,,,,,,
R0028,IL-1B,0.3,34.67,,,0,23,R0023,96,L/H,L/H 96 HR,Treatment 3,29.62,29.62,35.42,35.93,35.35,,,,35.56666667,5.946666667,5.946666667,5.946666667,0.016213432,0.016213432,,0.016213432,0.016213432,,0.014308731,0.705091798,,,,,,,,,
R0029,GFAP,0,28.23,,,0.1,23,R0023,96,L/H,L/H 96 HR,Treatment 3,29.62,29.62,35.42,35.42,35.42,,,,35.42,5.8,5.8,5.8,0.017948412,0.017948412,,0.017948412,0.017948412,,0.015839891,0.780542813,,,,,,,,,
R0029,IL-1B,0.1,35.23,,,0.2,23,R0023,96,L/H,L/H 96 HR,Treatment 3,29.62,29.62,35.93,35.93,35.93,,,,35.93,6.31,6.31,6.31,0.012603777,0.012603777,,0.012603777,0.012603777,,0.011123127,0.548114677,,,,,,,,,
R0029,IL-1B,0.2,35.96,,,0.3,23,R0023,96,L/H,L/H 96 HR,Treatment 3,29.62,29.62,35.35,35.35,35.35,,,,35.35,5.73,5.73,5.73,0.018840747,0.018840747,,0.018840747,0.018840747,,0.016627398,0.819348813,,,,,,,,,
R0029,IL-1B,0.3,35.63,,,0.4,23,R0023,96,L/H,L/H 96 HR,Treatment 3,29.62,29.62,,,,,,,,,,,,,,,,,,,,,,,,,,,
R0030,GFAP,0,30.05,,,0,24,R0024,24,S/H,S/H 24 HR,Treatment 1,31.79,31.79,35.22,35.21,34.86,,,,35.09666667,,,,,,,,,,,,,,,,,,,,
R0030,IL-1B,0.1,34.81,,,0.1,24,R0024,24,S/H,S/H 24 HR,Treatment 1,31.79,31.79,35.22,35.22,35.22,,,,35.22,,,,,,,,,,,,,,,,,,,,
R0030,IL-1B,0.2,35.88,,,0.2,24,R0024,24,S/H,S/H 24 HR,Treatment 1,31.79,31.79,35.21,35.21,35.21,,,,35.21,,,,,,,,,,,,,,,,,,,,
R0030,IL-1B,0.3,37.03,,,0.3,24,R0024,24,S/H,S/H 24 HR,Treatment 1,31.79,31.79,34.86,34.86,34.86,,,,34.86,,,,,,,,,,,,,,,,,,,,
R0031,GFAP,0,27.65,,,0.4,24,R0024,24,S/H,S/H 24 HR,Treatment 1,31.79,31.79,,,,,,,,,,,,,,,,,,,,,,,,,,,
R0031,IL-1B,0.1,35.15,,,0,25,R0025,24,S/H,S/H 24 HR,Treatment 1,29.89,29.89,35.57,35.54,35.25,,,,35.45333333,5.563333333,5.222223667,5.262234808,0.026788848,0.026056104,,0.021148024,0.021148024,,2.042386759,1.787670355,,,,,,,,,
R0031,IL-1B,0.2,35.45,,,0.1,25,R0025,24,S/H,S/H 24 HR,Treatment 1,29.89,29.89,35.57,35.57,35.57,,,,35.57,5.68,5.338890333,5.378901475,0.024707788,0.024031967,,0.019505165,0.019505165,,1.883726381,1.648797317,,,,,,,,,
R0031,IL-1B,0.3,35.59,,,0.2,25,R0025,24,S/H,S/H 24 HR,Treatment 1,29.89,29.89,35.54,35.54,35.54,,,,35.54,5.65,5.308890333,5.348901475,0.025226951,0.024536929,,0.01991501,0.01991501,,1.923307477,1.683442054,,,,,,,,,
R0032,GFAP,0,27.54,,,0.3,25,R0025,24,S/H,S/H 24 HR,Treatment 1,29.89,29.89,35.25,35.25,35.25,,,,35.25,5.36,5.018890333,5.058901475,0.030843487,0.029999838,,0.024348893,0.024348893,,2.351513188,2.05824406,,,,,,,,,
R0032,IL-1B,0.1,35.79,,,0.4,25,R0025,24,S/H,S/H 24 HR,Treatment 1,29.89,29.89,,,,,,,,,,,,,,,,,,,,,,,,,,,
R0032,IL-1B,0.2,35.55,,,0,26,R0026,96,S/H,S/H 96 HR,Treatment 3,29.06,29.06,35.48,36.08,35.76,,,,35.77333333,6.713333333,6.713333333,6.713333333,0.009529833,0.009529833,,0.009529833,0.009529833,,0.0084103,0.414434594,,,,,,,,,
R0032,IL-1B,0.3,36.18,,,0.1,26,R0026,96,S/H,S/H 96 HR,Treatment 3,29.06,29.06,35.48,35.48,35.48,,,,35.48,6.42,6.42,6.42,0.01167851,0.01167851,,0.01167851,0.01167851,,0.010306557,0.507876516,,,,,,,,,
R0033,GFAP,0,30.53,,,0.2,26,R0026,96,S/H,S/H 96 HR,Treatment 3,29.06,29.06,36.08,36.08,36.08,,,,36.08,7.02,7.02,7.02,0.007704943,0.007704943,,0.007704943,0.007704943,,0.006799792,0.33507354,,,,,,,,,
R0033,IL-1B,0.1,34.71,,,0.3,26,R0026,96,S/H,S/H 96 HR,Treatment 3,29.06,29.06,35.76,35.76,35.76,,,,35.76,6.7,6.7,6.7,0.009618316,0.009618316,,0.009618316,0.009618316,,0.008488388,0.418282536,,,,,,,,,
R0033,IL-1B,0.2,34.6,,,0.4,26,R0026,96,S/H,S/H 96 HR,Treatment 3,29.06,29.06,,,,,,,,,,,,,,,,,,,,,,,,,,,
R0033,IL-1B,0.3,34.77,,,0,27,R0027,96,S/H,S/H 96 HR,Treatment 3,31.42,31.42,35.01,35.1,35.26,,,,35.12333333,3.703333333,3.703333333,3.703333333,0.076768947,0.076768947,,0.076768947,0.076768947,,0.067750383,3.338537713,,,,,,,,,
R0034,GFAP,0,27.64,,,0.1,27,R0027,96,S/H,S/H 96 HR,Treatment 3,31.42,31.42,35.01,35.01,35.01,,,,35.01,3.59,3.59,3.59,0.083042863,0.083042863,,0.083042863,0.083042863,,0.073287261,3.611378593,,,,,,,,,
R0034,IL-1B,0.1,33.67,,,0.2,27,R0027,96,S/H,S/H 96 HR,Treatment 3,31.42,31.42,35.1,35.1,35.1,,,,35.1,3.68,3.68,3.68,0.078020659,0.078020659,,0.078020659,0.078020659,,0.068855049,3.392972344,,,,,,,,,
R0034,IL-1B,0.2,33.7,,,0.3,27,R0027,96,S/H,S/H 96 HR,Treatment 3,31.42,31.42,35.26,35.26,35.26,,,,35.26,3.84,3.84,3.84,0.069830446,0.069830446,,0.069830446,0.069830446,,0.061626995,3.036795313,,,,,,,,,
R0034,IL-1B,0.3,33.31,,,0.4,27,R0027,96,S/H,S/H 96 HR,Treatment 3,31.42,31.42,,,,,,,,,,,,,,,,,,,,,,,,,,,
R0035,GFAP,0,38.02,,,0,28,R0028,96,S/H,S/H 96 HR,Treatment 3,29.03,29.03,34.64,35.27,34.67,,,,34.86,5.83,5.83,5.83,0.017579039,0.017579039,,0.017579039,0.017579039,,0.015513911,0.764479474,,,,,,,,,
R0035,IL-1B,0.1,35.74,,,0.1,28,R0028,96,S/H,S/H 96 HR,Treatment 3,29.03,29.03,34.64,34.64,34.64,,,,34.64,5.61,5.61,5.61,0.020474897,0.020474897,,0.020474897,0.020474897,,0.018069573,0.890414919,,,,,,,,,
R0035,IL-1B,0.2,35.43,,,0.2,28,R0028,96,S/H,S/H 96 HR,Treatment 3,29.03,29.03,35.27,35.27,35.27,,,,35.27,6.24,6.24,6.24,0.013230396,0.013230396,,0.013230396,0.013230396,,0.011676132,0.575365121,,,,,,,,,
R0035,IL-1B,0.3,34.82,,,0.3,28,R0028,96,S/H,S/H 96 HR,Treatment 3,29.03,29.03,34.67,34.67,34.67,,,,34.67,5.64,5.64,5.64,0.02005353,0.02005353,,0.02005353,0.02005353,,0.017697707,0.872090445,,,,,,,,,
R0036,GFAP,0,30.05,,,0.4,28,R0028,96,S/H,S/H 96 HR,Treatment 3,29.03,29.03,,,,,,,,,,,,,,,,,,,,,,,,,,,
R0036,IL-1B,0.1,34.46,,,0,29,R0029,24,N,N 24 HR,Control 1,28.23,28.23,35.23,35.96,35.63,,,,35.60666667,7.376666667,7.035557,7.075568142,0.007622305,0.007413815,,0.006017306,0.006017306,,0.581125939,0.508650778,,,,,,,,,
R0036,IL-1B,0.2,35.48,,,0.1,29,R0029,24,N,N 24 HR,Control 1,28.23,28.23,35.23,35.23,35.23,,,,35.23,7,6.658890333,6.698901475,0.009896332,0.009625642,,0.0078125,0.0078125,,0.754498231,0.660400933,,,,,,,,,
R0036,IL-1B,0.3,34.15,,,0.2,29,R0029,24,N,N 24 HR,Control 1,28.23,28.23,35.96,35.96,35.96,,,,35.96,7.73,7.388890333,7.428901475,0.005966538,0.005803337,,0.004710187,0.004710187,,0.454889936,0.398158307,,,,,,,,,
R0037,GFAP,0,27.92,,,0.3,29,R0029,24,N,N 24 HR,Control 1,28.23,28.23,35.63,35.63,35.63,,,,35.63,7.4,7.058890333,7.098901475,0.007500017,0.007294873,,0.005920768,0.005920768,,0.571802734,0.500490317,,,,,,,,,
R0037,IL-1B,0.1,34.31,,,0.4,29,R0029,24,N,N 24 HR,Control 1,28.23,28.23,,,,,,,,,,,,,,,,,,,,,,,,,,,
R0037,IL-1B,0.2,34.66,,,0,30,R0030,24,N,N 24 HR,Control 1,30.05,30.05,34.81,35.88,37.03,,,,35.90666667,5.856666667,5.515557,5.555568142,0.021860088,0.021262158,,0.017257094,0.017257094,,1.666617179,1.458764904,,,,,,,,,
R0037,IL-1B,0.3,34.31,,,0.1,30,R0030,24,N,N 24 HR,Control 1,30.05,30.05,34.81,34.81,34.81,,,,34.81,4.76,4.418890333,4.458901475,0.046749984,0.045471252,,0.036906021,0.036906021,,3.564227495,3.11971462,,,,,,,,,
R0038,GFAP,0,29.97,,,0.2,30,R0030,24,N,N 24 HR,Control 1,30.05,30.05,35.88,35.88,35.88,,,,35.88,5.83,5.488890333,5.528901475,0.022267905,0.021658821,,0.017579039,0.017579039,,1.697709273,1.485979345,,,,,,,,,
R0038,IL-1B,0.1,34.54,,,0.3,30,R0030,24,N,N 24 HR,Control 1,30.05,30.05,37.03,37.03,37.03,,,,37.03,6.98,6.638890333,6.678901475,0.01003448,0.009760011,,0.007921558,0.007921558,,0.765030634,0.669619786,,,,,,,,,
R0038,IL-1B,0.2,33.63,,,0.4,30,R0030,24,N,N 24 HR,Control 1,30.05,30.05,,,,,,,,,,,,,,,,,,,,,,,,,,,
R0038,IL-1B,0.3,33.05,,,0,31,R0031,24,N,N 24 HR,Control 1,27.65,27.65,35.15,35.45,35.59,,,,35.39666667,7.746666667,7.405557,7.445568142,0.005898006,0.00573668,,0.004656086,0.004656086,,0.44966508,0.393585069,,,,,,,,,
R0039,GFAP,0,29.08,,,0.1,31,R0031,24,N,N 24 HR,Control 1,27.65,27.65,35.15,35.15,35.15,,,,35.15,7.5,7.158890333,7.198901475,0.006997764,0.006806357,,0.005524272,0.005524272,,0.533510815,0.466973978,,,,,,,,,
R0039,IL-1B,0.1,34.09,,,0.2,31,R0031,24,N,N 24 HR,Control 1,27.65,27.65,35.45,35.45,35.45,,,,35.45,7.8,7.458890333,7.498901475,0.00568395,0.00552848,,0.004487103,0.004487103,,0.433345438,0.379300732,,,,,,,,,
R0039,IL-1B,0.2,34.59,,,0.3,31,R0031,24,N,N 24 HR,Control 1,27.65,27.65,35.59,35.59,35.59,,,,35.59,7.94,7.598890333,7.638901475,0.005158294,0.005017201,,0.004072132,0.004072132,,0.393269286,0.34422268,,,,,,,,,
R0039,IL-1B,0.3,35.21,,,0.4,31,R0031,24,N,N 24 HR,Control 1,27.65,27.65,,,,,,,,,,,,,,,,,,,,,,,,,,,
R0040,GFAP,0,27.44,,,0,32,R0032,24,N,N 24 HR,Control 1,27.54,27.54,35.79,35.55,36.18,,,,35.84,8.3,7.958890333,7.998901475,0.00401916,0.003909226,,0.003172861,0.003172861,,0.306421498,0.26820612,,,,,,,,,
R0040,IL-1B,0.1,34.74,,,0.1,32,R0032,24,N,N 24 HR,Control 1,27.54,27.54,35.79,35.79,35.79,,,,35.79,8.25,7.908890333,7.948901475,0.004160895,0.004047084,,0.003284752,0.003284752,,0.317227429,0.277664388,,,,,,,,,
R0040,IL-1B,0.2,35,,,0.2,32,R0032,24,N,N 24 HR,Control 1,27.54,27.54,35.55,35.55,35.55,,,,35.55,8.01,7.668890333,7.708901475,0.004913987,0.004779577,,0.003879268,0.003879268,,0.374643265,0.327919605,,,,,,,,,
R0040,IL-1B,0.3,34.7,,,0.3,32,R0032,24,N,N 24 HR,Control 1,27.54,27.54,36.18,36.18,36.18,,,,36.18,8.64,8.298890333,8.338901475,0.003175302,0.00308845,,0.002506691,0.002506691,,0.242085642,0.211893915,,,,,,,,,
R0041,GFAP,0,37.36,,,0.4,32,R0032,24,N,N 24 HR,Control 1,27.54,27.54,,,,,,,,,,,,,,,,,,,,,,,,,,,
R0041,IL-1B,0.1,35.1,,,0,33,R0033,96,N,N 96 HR,Control 3,30.53,30.53,34.71,34.6,34.77,,,,34.69333333,4.163333333,4.163333333,4.163333333,0.055809969,0.055809969,,0.055809969,0.055809969,,0.049253598,2.427071042,,,,,,,,,
R0041,IL-1B,0.2,34.88,,,0.1,33,R0033,96,N,N 96 HR,Control 3,30.53,30.53,34.71,34.71,34.71,,,,34.71,4.18,4.18,4.18,0.055168937,0.055168937,,0.055168937,0.055168937,,0.048687872,2.399193753,,,,,,,,,
R0041,IL-1B,0.3,34.91,,,0.2,33,R0033,96,N,N 96 HR,Control 3,30.53,30.53,34.6,34.6,34.6,,,,34.6,4.07,4.07,4.07,0.059539875,0.059539875,,0.059539875,0.059539875,,0.052545326,2.589277643,,,,,,,,,
R0042,GFAP,0,29.8,,,0.3,33,R0033,96,N,N 96 HR,Control 3,30.53,30.53,34.77,34.77,34.77,,,,34.77,4.24,4.24,4.24,0.052921582,0.052921582,,0.052921582,0.052921582,,0.046704528,2.301460483,,,,,,,,,
R0042,IL-1B,0.1,34.49,,,0.4,33,R0033,96,N,N 96 HR,Control 3,30.53,30.53,,,,,,,,,,,,,,,,,,,,,,,,,,,
R0042,IL-1B,0.2,34.24,,,0,34,R0034,96,N,N 96 HR,Control 3,27.64,27.64,33.67,33.7,33.31,,,,33.56,5.92,5.92,5.92,0.016515907,0.016515907,,0.016515907,0.016515907,,0.014575672,0.718245857,,,,,,,,,
R0042,IL-1B,0.3,35.02,,,0.1,34,R0034,96,N,N 96 HR,Control 3,27.64,27.64,33.67,33.67,33.67,,,,33.67,6.03,6.03,6.03,0.015303442,0.015303442,,0.015303442,0.015303442,,0.013505644,0.665518036,,,,,,,,,
R0044,GFAP,0,27.44,,,0.2,34,R0034,96,N,N 96 HR,Control 3,27.64,27.64,33.7,33.7,33.7,,,,33.7,6.06,6.06,6.06,0.014988502,0.014988502,,0.014988502,0.014988502,,0.013227702,0.651821873,,,,,,,,,
R0044,IL-1B,0.1,34.03,,,0.3,34,R0034,96,N,N 96 HR,Control 3,27.64,27.64,33.31,33.31,33.31,,,,33.31,5.67,5.67,5.67,0.019640834,0.019640834,,0.019640834,0.019640834,,0.017333493,0.854143083,,,,,,,,,
R0044,IL-1B,0.2,35.02,,,0.4,34,R0034,96,N,N 96 HR,Control 3,27.64,27.64,,,,,,,,,,,,,,,,,,,,,,,,,,,
R0044,IL-1B,0.3,35.02,,,0,35,R0035,96,N,N 96 HR,Control 3,38.02,38.02,35.74,35.43,34.82,,,,35.33,-2.69,-2.69,-2.69,6.453134074,6.453134074,,6.453134074,6.453134074,,5.695041089,280.6347145,,,,,,,,,
R0045,GFAP,0,27.82,,,0.1,35,R0035,96,N,N 96 HR,Control 3,38.02,38.02,35.74,35.74,35.74,,,,35.74,-2.28,-2.28,-2.28,4.856779538,4.856779538,,4.856779538,4.856779538,,4.286221038,211.2122456,,,,,,,,,
R0045,IL-1B,0.1,34.09,,,0.2,35,R0035,96,N,N 96 HR,Control 3,38.02,38.02,35.43,35.43,35.43,,,,35.43,-2.59,-2.59,-2.59,6.02098699,6.02098699,,6.02098699,6.02098699,,5.313661224,261.8414472,,,,,,,,,
R0045,IL-1B,0.2,34.08,,,0.3,35,R0035,96,N,N 96 HR,Control 3,38.02,38.02,34.82,34.82,34.82,,,,34.82,-3.2,-3.2,-3.2,9.18958684,9.18958684,,9.18958684,9.18958684,,8.110024377,399.63792,,,,,,,,,
R0045,IL-1B,0.3,34.78,,,0.4,35,R0035,96,N,N 96 HR,Control 3,38.02,38.02,,,,,,,,,,,,,,,,,,,,,,,,,,,
R0046,GFAP,0,29.9,,,0,36,R0036,48,N,N 48 HR,Control 2,30.05,30.05,34.46,35.48,34.15,,,,34.69666667,4.646666667,4.646666667,4.646666667,0.039922153,0.039922153,,0.039922153,0.039922153,,0.044507005,2.773371494,,,,,,,,,
R0046,IL-1B,0.1,34.8,,,0.1,36,R0036,48,N,N 48 HR,Control 2,30.05,30.05,34.46,34.46,34.46,,,,34.46,4.41,4.41,4.41,0.047038961,0.047038961,,0.047038961,0.047038961,,0.052441142,3.267772495,,,,,,,,,
R0046,IL-1B,0.2,33.76,,,0.2,36,R0036,48,N,N 48 HR,Control 2,30.05,30.05,35.48,35.48,35.48,,,,35.48,5.43,5.43,5.43,0.023195681,0.023195681,,0.023195681,0.023195681,,0.025859585,1.611392053,,,,,,,,,
R0046,IL-1B,0.3,34.4,,,0.3,36,R0036,48,N,N 48 HR,Control 2,30.05,30.05,34.15,34.15,34.15,,,,34.15,4.1,4.1,4.1,0.058314562,0.058314562,,0.058314562,0.058314562,,0.065011687,4.051082724,,,,,,,,,
R0047,GFAP,0,28.31,,,0.4,36,R0036,48,N,N 48 HR,Control 2,30.05,30.05,,,,,,,,,,,,,,,,,,,,,,,,,,,
R0047,IL-1B,0.1,34.93,,,0,37,R0037,96,N,N 96 HR,Control 3,27.92,27.92,34.31,34.66,34.31,,,,34.42666667,6.506666667,6.506666667,6.506666667,0.010997606,0.010997606,,0.010997606,0.010997606,,0.009705643,0.478265292,,,,,,,,,
R0047,IL-1B,0.2,34.8,,,0.1,37,R0037,96,N,N 96 HR,Control 3,27.92,27.92,34.31,34.31,34.31,,,,34.31,6.39,6.39,6.39,0.0119239,0.0119239,,0.0119239,0.0119239,,0.010523119,0.518548081,,,,,,,,,
R0047,IL-1B,0.3,35.07,,,0.2,37,R0037,96,N,N 96 HR,Control 3,27.92,27.92,34.66,34.66,34.66,,,,34.66,6.74,6.74,6.74,0.009355302,0.009355302,,0.009355302,0.009355302,,0.008256272,0.406844578,,,,,,,,,
R0048,GFAP,0,26.09,,,0.3,37,R0037,96,N,N 96 HR,Control 3,27.92,27.92,34.31,34.31,34.31,,,,34.31,6.39,6.39,6.39,0.0119239,0.0119239,,0.0119239,0.0119239,,0.010523119,0.518548081,,,,,,,,,
R0048,IL-1B,0.1,33.95,,,0.4,37,R0037,96,N,N 96 HR,Control 3,27.92,27.92,,,,,,,,,,,,,,,,,,,,,,,,,,,
R0048,IL-1B,0.2,34.45,,,0,38,R0038,96,N,N 96 HR,Control 3,29.97,29.97,34.54,33.63,33.05,,,,33.74,3.77,3.77,3.77,0.073302184,0.073302184,,0.073302184,0.073302184,,0.064690885,3.187774705,,,,,,,,,
R0048,IL-1B,0.3,34.18,,,0.1,38,R0038,96,N,N 96 HR,Control 3,29.97,29.97,34.54,34.54,34.54,,,,34.54,4.57,4.57,4.57,0.042101049,0.042101049,,0.042101049,0.042101049,,0.037155156,1.83089578,,,,,,,,,
R0049,GFAP,0,30.57,,,0.2,38,R0038,96,N,N 96 HR,Control 3,29.97,29.97,33.63,33.63,33.63,,,,33.63,3.66,3.66,3.66,0.079109787,0.079109787,,0.079109787,0.079109787,,0.069816229,3.440336473,,,,,,,,,
R0049,IL-1B,0.1,34.94,,,0.3,38,R0038,96,N,N 96 HR,Control 3,29.97,29.97,33.05,33.05,33.05,,,,33.05,3.08,3.08,3.08,0.118257206,0.118257206,,0.118257206,0.118257206,,0.104364738,5.142784392,,,,,,,,,
R0049,IL-1B,0.2,34.91,,,0.4,38,R0038,96,N,N 96 HR,Control 3,29.97,29.97,,,,,,,,,,,,,,,,,,,,,,,,,,,
R0049,IL-1B,0.3,34.55,,,0,39,R0039,24,N,N 24 HR,Control 1,29.08,29.08,34.09,34.59,35.21,,,,34.63,5.55,5.208890333,5.248901475,0.027037577,0.02629803,,0.021344379,0.021344379,,2.061349914,1.804268519,,,,,,,,,
R0050,GFAP,0,28.89,,,0.1,39,R0039,24,N,N 24 HR,Control 1,29.08,29.08,34.09,34.09,34.09,,,,34.09,5.01,4.668890333,4.708901475,0.039311894,0.038236612,,0.03103414,0.03103414,,2.997146124,2.62335684,,,,,,,,,
R0050,IL-1B,0.1,35.26,,,0.2,39,R0039,24,N,N 24 HR,Control 1,29.08,29.08,34.59,34.59,34.59,,,,34.59,5.51,5.168890333,5.208901475,0.027797707,0.027037368,,0.021944451,0.021944451,,2.119302348,1.854993411,,,,,,,,,
R0050,IL-1B,0.2,35.58,,,0.3,39,R0039,24,N,N 24 HR,Control 1,29.08,29.08,35.21,35.21,35.21,,,,35.21,6.13,5.788890333,5.828901475,0.018087159,0.017592429,,0.014278616,0.014278616,,1.378968425,1.206990284,,,,,,,,,
R0050,IL-1B,0.3,35.86,,,0.4,39,R0039,24,N,N 24 HR,Control 1,29.08,29.08,,,,,,,,,,,,,,,,,,,,,,,,,,,
R0051,GFAP,0,27.65,,,0,40,R0040,24,N,N 24 HR,Control 1,27.44,27.44,34.74,35,34.7,,,,34.81333333,7.373333333,7.032223667,7.072234808,0.007639936,0.007430964,,0.006031225,0.006031225,,0.582470177,0.509827369,,,,,,,,,
R0051,IL-1B,0.1,35.31,,,0.1,40,R0040,24,N,N 24 HR,Control 1,27.44,27.44,34.74,34.74,34.74,,,,34.74,7.3,6.958890333,6.998901475,0.00803832,0.007818451,,0.006345722,0.006345722,,0.612842996,0.53641224,,,,,,,,,
R0051,IL-1B,0.2,35.13,,,0.2,40,R0040,24,N,N 24 HR,Control 1,27.44,27.44,35,35,35,,,,35,7.56,7.218890333,7.258901475,0.006712704,0.006529094,,0.005299236,0.005299236,,0.511777783,0.447951381,,,,,,,,,
R0051,IL-1B,0.3,35.94,,,0.3,40,R0040,24,N,N 24 HR,Control 1,27.44,27.44,34.7,34.7,34.7,,,,34.7,7.26,6.918890333,6.958901475,0.008264308,0.008038258,,0.006524124,0.006524124,,0.630072358,0.551492841,,,,,,,,,
R0052,GFAP,0,30.33,,,0.4,40,R0040,24,N,N 24 HR,Control 1,27.44,27.44,,,,,,,,,,,,,,,,,,,,,,,,,,,
R0052,IL-1B,0.1,35.28,,,0,41,R0041,48,N,N 48 HR,Control 2,37.36,37.36,35.1,34.88,34.91,,,,34.96333333,-2.396666667,-2.396666667,-2.396666667,5.265850878,5.265850878,,5.265850878,5.265850878,,5.870606583,365.8159608,,,,,,,,,
R0052,IL-1B,0.2,35.03,,,0.1,41,R0041,48,N,N 48 HR,Control 2,37.36,37.36,35.1,35.1,35.1,,,,35.1,-2.26,-2.26,-2.26,4.789914818,4.789914818,,4.789914818,4.789914818,,5.340011731,332.7529268,,,,,,,,,
R0052,IL-1B,0.3,34.68,,,0.2,41,R0041,48,N,N 48 HR,Control 2,37.36,37.36,34.88,34.88,34.88,,,,34.88,-2.48,-2.48,-2.48,5.578974665,5.578974665,,5.578974665,5.578974665,,6.219691016,387.5685098,,,,,,,,,
R0053,GFAP,0,28.41,,,0.3,41,R0041,48,N,N 48 HR,Control 2,37.36,37.36,34.91,34.91,34.91,,,,34.91,-2.45,-2.45,-2.45,5.464161027,5.464161027,,5.464161027,5.464161027,,6.091691626,379.5924652,,,,,,,,,
R0053,IL-1B,0.1,35.12,,,0.4,41,R0041,48,N,N 48 HR,Control 2,37.36,37.36,,,,,,,,,,,,,,,,,,,,,,,,,,,
R0053,IL-1B,0.2,34.47,,,0,42,R0042,48,N,N 48 HR,Control 2,29.8,29.8,34.49,34.24,35.02,,,,34.58333333,4.783333333,4.783333333,4.783333333,0.036313925,0.036313925,,0.036313925,0.036313925,,0.040484391,2.522709724,,,,,,,,,
R0053,IL-1B,0.3,35.86,,,0.1,42,R0042,48,N,N 48 HR,Control 2,29.8,29.8,34.49,34.49,34.49,,,,34.49,4.69,4.69,4.69,0.038740866,0.038740866,,0.038740866,0.038740866,,0.043190053,2.691308074,,,,,,,,,
R0054,GFAP,0,26.53,,,0.2,42,R0042,48,N,N 48 HR,Control 2,29.8,29.8,34.24,34.24,34.24,,,,34.24,4.44,4.44,4.44,0.046070913,0.046070913,,0.046070913,0.046070913,,0.051361919,3.20052271,,,,,,,,,
R0054,IL-1B,0.1,34.81,,,0.3,42,R0042,48,N,N 48 HR,Control 2,29.8,29.8,35.02,35.02,35.02,,,,35.02,5.22,5.22,5.22,0.02683017,0.02683017,,0.02683017,0.02683017,,0.029911476,1.863878147,,,,,,,,,
R0054,IL-1B,0.2,34.29,,,0.4,42,R0042,48,N,N 48 HR,Control 2,29.8,29.8,,,,,,,,,,,,,,,,,,,,,,,,,,,
R0054,IL-1B,0.3,34.55,,,0,44,R0044,96,N,N 96 HR,Control 3,27.44,27.44,34.03,35.02,35.02,,,,34.69,7.25,7.25,7.25,0.006569503,0.006569503,,0.006569503,0.006569503,,0.00579774,0.285695392,,,,,,,,,
R0055,GFAP,0,29.14,,,0.1,44,R0044,96,N,N 96 HR,Control 3,27.44,27.44,34.03,34.03,34.03,,,,34.03,6.59,6.59,6.59,0.010380358,0.010380358,,0.010380358,0.010380358,,0.009160908,0.451422324,,,,,,,,,
R0055,IL-1B,0.1,35.82,,,0.2,44,R0044,96,N,N 96 HR,Control 3,27.44,27.44,35.02,35.02,35.02,,,,35.02,7.58,7.58,7.58,0.00522628,0.00522628,,0.00522628,0.00522628,,0.004612313,0.227281107,,,,,,,,,
R0055,IL-1B,0.2,35.26,,,0.3,44,R0044,96,N,N 96 HR,Control 3,27.44,27.44,35.02,35.02,35.02,,,,35.02,7.58,7.58,7.58,0.00522628,0.00522628,,0.00522628,0.00522628,,0.004612313,0.227281107,,,,,,,,,
R0055,IL-1B,0.3,35.34,,,0.4,44,R0044,96,N,N 96 HR,Control 3,27.44,27.44,,,,,,,,,,,,,,,,,,,,,,,,,,,
R0056,GFAP,0,26.89,,,0,45,R0045,96,RV (P7) ,RV (P7) 96 HR,Treatment 3,27.82,27.82,34.09,34.08,34.78,,,,34.31666667,6.496666667,6.496666667,6.496666667,0.011074101,0.011074101,,0.011074101,0.011074101,,0.009773152,0.481591891,,,,,,,,,
R0056,IL-1B,0.1,34.07,,,0.1,45,R0045,96,RV (P7) ,RV (P7) 96 HR,Treatment 3,27.82,27.82,34.09,34.09,34.09,,,,34.09,6.27,6.27,6.27,0.012958118,0.012958118,,0.012958118,0.012958118,,0.011435841,0.563524278,,,,,,,,,
R0056,IL-1B,0.2,33.43,,,0.2,45,R0045,96,RV (P7) ,RV (P7) 96 HR,Treatment 3,27.82,27.82,34.08,34.08,34.08,,,,34.08,6.26,6.26,6.26,0.013048249,0.013048249,,0.013048249,0.013048249,,0.011515383,0.567443899,,,,,,,,,
R0056,IL-1B,0.3,33.69,,,0.3,45,R0045,96,RV (P7) ,RV (P7) 96 HR,Treatment 3,27.82,27.82,34.78,34.78,34.78,,,,34.78,6.96,6.96,6.96,0.008032139,0.008032139,,0.008032139,0.008032139,,0.00708855,0.349302693,,,,,,,,,
R0057,GFAP,0,28.46,,,0.4,45,R0045,96,RV (P7) ,RV (P7) 96 HR,Treatment 3,27.82,27.82,,,,,,,,,,,,,,,,,,,,,,,,,,,
R0057,IL-1B,0.1,34.77,,,0,46,R0046,96,RV (P7) ,RV (P7) 96 HR,Treatment 3,29.9,29.9,34.8,33.76,34.4,,,,34.32,4.42,4.42,4.42,0.046714039,0.046714039,,0.046714039,0.046714039,,0.041226227,2.031506064,,,,,,,,,
R0057,IL-1B,0.2,34.69,,,0.1,46,R0046,96,RV (P7) ,RV (P7) 96 HR,Treatment 3,29.9,29.9,34.8,34.8,34.8,,,,34.8,4.9,4.9,4.9,0.033492921,0.033492921,,0.033492921,0.033492921,,0.029558282,1.456544391,,,,,,,,,
R0057,IL-1B,0.3,35.12,,,0.2,46,R0046,96,RV (P7) ,RV (P7) 96 HR,Treatment 3,29.9,29.9,33.76,33.76,33.76,,,,33.76,3.86,3.86,3.86,0.06886907,0.06886907,,0.06886907,0.06886907,,0.060778558,2.994986855,,,,,,,,,
R0058,GFAP,0,28.19,,,0.3,46,R0046,96,RV (P7) ,RV (P7) 96 HR,Treatment 3,29.9,29.9,34.4,34.4,34.4,,,,34.4,4.5,4.5,4.5,0.044194174,0.044194174,,0.044194174,0.044194174,,0.039002388,1.921921846,,,,,,,,,
R0058,IL-1B,0.1,34.33,,,0.4,46,R0046,96,RV (P7) ,RV (P7) 96 HR,Treatment 3,29.9,29.9,,,,,,,,,,,,,,,,,,,,,,,,,,,
R0058,IL-1B,0.2,35.27,,,0,47,R0047,24,RV (P7) ,RV (P7) 24 HR,Treatment 1,28.31,28.31,34.93,34.8,35.07,,,,34.93333333,6.623333333,6.282223667,6.322234808,0.01284879,0.012497343,,0.01014327,0.01014327,,0.979594168,0.857424014,,,,,,,,,
R0058,IL-1B,0.3,35,,,0.1,47,R0047,24,RV (P7) ,RV (P7) 24 HR,Treatment 1,28.31,28.31,34.93,34.93,34.93,,,,34.93,6.62,6.278890333,6.318901475,0.012878512,0.012526251,,0.010166733,0.010166733,,0.981860128,0.859407375,,,,,,,,,
R0059,GFAP,0,27.52,,,0.2,47,R0047,24,RV (P7) ,RV (P7) 24 HR,Treatment 1,28.31,28.31,34.8,34.8,34.8,,,,34.8,6.49,6.148890333,6.188901475,0.014092874,0.013707398,,0.011125392,0.011125392,,1.074443353,0.940444077,,,,,,,,,
R0059,IL-1B,0.1,33.82,,,0.3,47,R0047,24,RV (P7) ,RV (P7) 24 HR,Treatment 1,28.31,28.31,35.07,35.07,35.07,,,,35.07,6.76,6.418890333,6.458901475,0.011687496,0.011367813,,0.009226505,0.009226505,,0.891056874,0.779928655,,,,,,,,,
R0059,IL-1B,0.2,34.37,,,0.4,47,R0047,24,RV (P7) ,RV (P7) 24 HR,Treatment 1,28.31,28.31,,,,,,,,,,,,,,,,,,,,,,,,,,,
R0059,IL-1B,0.3,34.11,,,0,48,R0048,24,RV (P7) ,RV (P7) 24 HR,Treatment 1,26.09,26.09,33.95,34.45,34.18,,,,34.19333333,8.103333333,7.762223667,7.802234808,0.004606148,0.004480158,,0.003636249,0.003636249,,0.351173549,0.307376916,,,,,,,,,
R0060,GFAP,0,27.43,,,0.1,48,R0048,24,RV (P7) ,RV (P7) 24 HR,Treatment 1,26.09,26.09,33.95,33.95,33.95,,,,33.95,7.86,7.518890333,7.558901475,0.00545241,0.005303272,,0.004304317,0.004304317,,0.41569273,0.363849583,,,,,,,,,
R0060,IL-1B,0.1,33.79,,,0.2,48,R0048,24,RV (P7) ,RV (P7) 24 HR,Treatment 1,26.09,26.09,34.45,34.45,34.45,,,,34.45,8.36,8.018890333,8.058901475,0.003855436,0.00374998,,0.003043612,0.003043612,,0.293939148,0.257280508,,,,,,,,,
R0060,IL-1B,0.2,34.54,,,0.3,48,R0048,24,RV (P7) ,RV (P7) 24 HR,Treatment 1,26.09,26.09,34.18,34.18,34.18,,,,34.18,8.09,7.748890333,7.788901475,0.004648915,0.004521755,,0.003670011,0.003670011,,0.354434126,0.31023085,,,,,,,,,
R0060,IL-1B,0.3,34.1,,,0.4,48,R0048,24,RV (P7) ,RV (P7) 24 HR,Treatment 1,26.09,26.09,,,,,,,,,,,,,,,,,,,,,,,,,,,
R0061,GFAP,0,25.89,,,0,49,R0049,24,RV (P7) ,RV (P7) 24 HR,Treatment 1,30.57,30.57,34.94,34.91,34.55,,,,34.8,4.23,3.888890333,3.928901475,0.067503666,0.065657268,,0.053289681,0.053289681,,5.14649214,4.504647021,,,,,,,,,
R0061,IL-1B,0.1,32.73,,,0.1,49,R0049,24,RV (P7) ,RV (P7) 24 HR,Treatment 1,30.57,30.57,34.94,34.94,34.94,,,,34.94,4.37,4.028890333,4.068901475,0.06126087,0.059585228,,0.048361406,0.048361406,,4.670540199,4.08805346,,,,,,,,,
R0061,IL-1B,0.2,32.57,,,0.2,49,R0049,24,RV (P7) ,RV (P7) 24 HR,Treatment 1,30.57,30.57,34.91,34.91,34.91,,,,34.91,4.34,3.998890333,4.038901475,0.062548091,0.06083724,,0.049377582,0.049377582,,4.768678177,4.173952153,,,,,,,,,
R0061,IL-1B,0.3,32.87,,,0.3,49,R0049,24,RV (P7) ,RV (P7) 24 HR,Treatment 1,30.57,30.57,34.55,34.55,34.55,,,,34.55,3.98,3.638890333,3.678901475,0.08027584,0.07808009,,0.063372467,0.063372467,,6.12024507,5.356958288,,,,,,,,,
R0062,GFAP,0,27.7,,,0.4,49,R0049,24,RV (P7) ,RV (P7) 24 HR,Treatment 1,30.57,30.57,,,,,,,,,,,,,,,,,,,,,,,,,,,
R0062,IL-1B,0.1,34.22,,,0,50,R0050,24,RV (P7) ,RV (P7) 24 HR,Treatment 1,28.89,28.89,35.26,35.58,35.86,,,,35.56666667,6.676666667,6.335557,6.375568142,0.012382471,0.012043778,,0.009775142,0.009775142,,0.944041873,0.826305626,,,,,,,,,
R0062,IL-1B,0.2,34.65,,,0.1,50,R0050,24,RV (P7) ,RV (P7) 24 HR,Treatment 1,28.89,28.89,35.26,35.26,35.26,,,,35.26,6.37,6.028890333,6.068901475,0.015315218,0.014896307,,0.012090352,0.012090352,,1.16763505,1.022013365,,,,,,,,,
R0062,IL-1B,0.3,34.6,,,0.2,50,R0050,24,RV (P7) ,RV (P7) 24 HR,Treatment 1,28.89,28.89,35.58,35.58,35.58,,,,35.58,6.69,6.348890333,6.388901475,0.012268559,0.011932983,,0.009685216,0.009685216,,0.935357266,0.818704121,,,,,,,,,
R0063,GFAP,0,27.13,,,0.3,50,R0050,24,RV (P7) ,RV (P7) 24 HR,Treatment 1,28.89,28.89,35.86,35.86,35.86,,,,35.86,6.97,6.628890333,6.668901475,0.010104275,0.009827897,,0.007976657,0.007976657,,0.770351843,0.67427736,,,,,,,,,
R0063,IL-1B,0.1,35.32,,,0.4,50,R0050,24,RV (P7) ,RV (P7) 24 HR,Treatment 1,28.89,28.89,,,,,,,,,,,,,,,,,,,,,,,,,,,
R0063,IL-1B,0.2,36.03,,,0,51,R0051,24,RV (P7) ,RV (P7) 24 HR,Treatment 1,27.65,27.65,35.31,35.13,35.94,,,,35.46,7.81,7.468890333,7.508901475,0.005644688,0.005490292,,0.004456108,0.004456108,,0.430352103,0.376680711,,,,,,,,,
R0063,IL-1B,0.3,34.88,,,0.1,51,R0051,24,RV (P7) ,RV (P7) 24 HR,Treatment 1,27.65,27.65,35.31,35.31,35.31,,,,35.31,7.66,7.318890333,7.358901475,0.006263174,0.00609186,,0.004944362,0.004944362,,0.477505555,0.417953418,,,,,,,,,
R0064,GFAP,0,27.61,,,0.2,51,R0051,24,RV (P7) ,RV (P7) 24 HR,Treatment 1,27.65,27.65,35.13,35.13,35.13,,,,35.13,7.48,7.138890333,7.178901475,0.007095449,0.00690137,,0.005601388,0.005601388,,0.540958349,0.473492692,,,,,,,,,
R0064,IL-1B,0.1,33.08,,,0.3,51,R0051,24,RV (P7) ,RV (P7) 24 HR,Treatment 1,27.65,27.65,35.94,35.94,35.94,,,,35.94,8.29,7.948890333,7.988901475,0.004047115,0.003936416,,0.00319493,0.00319493,,0.308552828,0.270071641,,,,,,,,,
R0064,IL-1B,0.2,32.71,,,0.4,51,R0051,24,RV (P7) ,RV (P7) 24 HR,Treatment 1,27.65,27.65,,,,,,,,,,,,,,,,,,,,,,,,,,,
R0064,IL-1B,0.3,33.24,,,0,52,R0052,24,RV (P7) ,RV (P7) 24 HR,Treatment 1,30.33,30.33,35.28,35.03,34.68,,,,34.99666667,4.666666667,4.325557,4.365568142,0.04987439,0.048510197,,0.039372533,0.039372533,,3.802432813,3.328212145,,,,,,,,,
R0065,GFAP,0,27.35,,,0.1,52,R0052,24,RV (P7) ,RV (P7) 24 HR,Treatment 1,30.33,30.33,35.28,35.28,35.28,,,,35.28,4.95,4.608890333,4.648901475,0.040981303,0.039860359,,0.032352029,0.032352029,,3.124422214,2.734759685,,,,,,,,,
R0065,IL-1B,0.1,33.77,,,0.2,52,R0052,24,RV (P7) ,RV (P7) 24 HR,Treatment 1,30.33,30.33,35.03,35.03,35.03,,,,35.03,4.7,4.358890333,4.398901475,0.048735257,0.047402223,,0.038473263,0.038473263,,3.715585127,3.252195675,,,,,,,,,
R0065,IL-1B,0.2,33.83,,,0.3,52,R0052,24,RV (P7) ,RV (P7) 24 HR,Treatment 1,30.33,30.33,34.68,34.68,34.68,,,,34.68,4.35,4.008890333,4.048901475,0.06211604,0.060417007,,0.049036506,0.049036506,,4.735738511,4.145120559,,,,,,,,,
R0065,IL-1B,0.3,34.04,,,0.4,52,R0052,24,RV (P7) ,RV (P7) 24 HR,Treatment 1,30.33,30.33,,,,,,,,,,,,,,,,,,,,,,,,,,,
R0066,GFAP,0,27.19,,,0,53,R0053,96,RV (P10),RV (P10) 96 HR,Treatment 3,28.41,28.41,35.12,34.47,35.86,,,,35.15,6.74,6.74,6.74,0.009355302,0.009355302,,0.009355302,0.009355302,,0.008256272,0.406844578,,,,,,,,,
R0066,IL-1B,0.1,34.1,,,0.1,53,R0053,96,RV (P10),RV (P10) 96 HR,Treatment 3,28.41,28.41,35.12,35.12,35.12,,,,35.12,6.71,6.71,6.71,0.009551877,0.009551877,,0.009551877,0.009551877,,0.008429754,0.415393248,,,,,,,,,
R0066,IL-1B,0.2,34.09,,,0.2,53,R0053,96,RV (P10),RV (P10) 96 HR,Treatment 3,28.41,28.41,34.47,34.47,34.47,,,,34.47,6.06,6.06,6.06,0.014988502,0.014988502,,0.014988502,0.014988502,,0.013227702,0.651821873,,,,,,,,,
R0066,IL-1B,0.3,33.38,,,0.3,53,R0053,96,RV (P10),RV (P10) 96 HR,Treatment 3,28.41,28.41,35.86,35.86,35.86,,,,35.86,7.45,7.45,7.45,0.005719085,0.005719085,,0.005719085,0.005719085,,0.005047225,0.248712284,,,,,,,,,
R0067,GFAP,0,27.2,,,0.4,53,R0053,96,RV (P10),RV (P10) 96 HR,Treatment 3,28.41,28.41,,,,,,,,,,,,,,,,,,,,,,,,,,,
R0067,IL-1B,0.1,33.85,,,0,54,R0054,96,RV (P10),RV (P10) 96 HR,Treatment 3,26.53,26.53,34.81,34.29,34.55,,,,34.55,8.02,8.02,8.02,0.003852472,0.003852472,,0.003852472,0.003852472,,0.003399896,0.16753677,,,,,,,,,
R0067,IL-1B,0.2,33.36,,,0.1,54,R0054,96,RV (P10),RV (P10) 96 HR,Treatment 3,26.53,26.53,34.81,34.81,34.81,,,,34.81,8.28,8.28,8.28,0.003217152,0.003217152,,0.003217152,0.003217152,,0.002839212,0.139907933,,,,,,,,,
R0067,IL-1B,0.3,34.17,,,0.2,54,R0054,96,RV (P10),RV (P10) 96 HR,Treatment 3,26.53,26.53,34.29,34.29,34.29,,,,34.29,7.76,7.76,7.76,0.004613253,0.004613253,,0.004613253,0.004613253,,0.004071303,0.200621714,,,,,,,,,
R0068,GFAP,0,28.09,,,0.3,54,R0054,96,RV (P10),RV (P10) 96 HR,Treatment 3,26.53,26.53,34.55,34.55,34.55,,,,34.55,8.02,8.02,8.02,0.003852472,0.003852472,,0.003852472,0.003852472,,0.003399896,0.16753677,,,,,,,,,
R0068,IL-1B,0.1,33.73,,,0.4,54,R0054,96,RV (P10),RV (P10) 96 HR,Treatment 3,26.53,26.53,,,,,,,,,,,,,,,,,,,,,,,,,,,
R0068,IL-1B,0.2,34.31,,,0,55,R0055,96,RV (P10),RV (P10) 96 HR,Treatment 3,29.14,29.14,35.82,35.26,35.34,,,,35.47333333,6.333333333,6.333333333,6.333333333,0.012401571,0.012401571,,0.012401571,0.012401571,,0.010944675,0.539321083,,,,,,,,,
R0068,IL-1B,0.3,34.14,,,0.1,55,R0055,96,RV (P10),RV (P10) 96 HR,Treatment 3,29.14,29.14,35.82,35.82,35.82,,,,35.82,6.68,6.68,6.68,0.009752582,0.009752582,,0.009752582,0.009752582,,0.008606881,0.424121543,,,,,,,,,
R0069,GFAP,0,27.09,,,0.2,55,R0055,96,RV (P10),RV (P10) 96 HR,Treatment 3,29.14,29.14,35.26,35.26,35.26,,,,35.26,6.12,6.12,6.12,0.014377932,0.014377932,,0.014377932,0.014377932,,0.01268886,0.625269335,,,,,,,,,
R0069,IL-1B,0.1,33.4,,,0.3,55,R0055,96,RV (P10),RV (P10) 96 HR,Treatment 3,29.14,29.14,35.34,35.34,35.34,,,,35.34,6.2,6.2,6.2,0.013602353,0.013602353,,0.013602353,0.013602353,,0.012004393,0.591540836,,,,,,,,,
R0069,IL-1B,0.2,33.92,,,0.4,55,R0055,96,RV (P10),RV (P10) 96 HR,Treatment 3,29.14,29.14,,,,,,,,,,,,,,,,,,,,,,,,,,,
R0069,IL-1B,0.3,34.34,,,0,56,R0056,96,RV (P10),RV (P10) 96 HR,Treatment 3,26.89,26.89,34.07,33.43,33.69,,,,33.73,6.84,6.84,6.84,0.008728806,0.008728806,,0.008728806,0.008728806,,0.007703374,0.379599414,,,,,,,,,
R0070,GFAP,0,27.56,,,0.1,56,R0056,96,RV (P10),RV (P10) 96 HR,Treatment 3,26.89,26.89,34.07,34.07,34.07,,,,34.07,7.18,7.18,7.18,0.006896117,0.006896117,,0.006896117,0.006896117,,0.006085984,0.299899219,,,,,,,,,
R0070,IL-1B,0.1,34.78,,,0.2,56,R0056,96,RV (P10),RV (P10) 96 HR,Treatment 3,26.89,26.89,33.43,33.43,33.43,,,,33.43,6.54,6.54,6.54,0.01074642,0.01074642,,0.01074642,0.01074642,,0.009483966,0.467341698,,,,,,,,,
R0070,IL-1B,0.2,35.8,,,0.3,56,R0056,96,RV (P10),RV (P10) 96 HR,Treatment 3,26.89,26.89,33.69,33.69,33.69,,,,33.69,6.8,6.8,6.8,0.008974206,0.008974206,,0.008974206,0.008974206,,0.007919946,0.390271406,,,,,,,,,
R0070,IL-1B,0.3,35.43,,,0.4,56,R0056,96,RV (P10),RV (P10) 96 HR,Treatment 3,26.89,26.89,,,,,,,,,,,,,,,,,,,,,,,,,,,
R0071,GFAP,0,26.61,,,0,57,R0057,24,S/H,S/H 24 HR,Treatment 1,28.46,28.46,34.77,34.69,35.12,,,,34.86,6.4,6.058890333,6.098901475,0.015000035,0.014589745,,0.011841536,0.011841536,,1.143605468,1.000980634,,,,,,,,,
R0071,IL-1B,0.1,34.57,,,0.1,57,R0057,24,S/H,S/H 24 HR,Treatment 1,28.46,28.46,34.77,34.77,34.77,,,,34.77,6.31,5.968890333,6.008901475,0.01596559,0.01552889,,0.012603777,0.012603777,,1.217219561,1.06541394,,,,,,,,,
R0071,IL-1B,0.2,34.67,,,0.2,57,R0057,24,S/H,S/H 24 HR,Treatment 1,28.46,28.46,34.69,34.69,34.69,,,,34.69,6.23,5.888890333,5.928901475,0.016875917,0.016414317,,0.01332242,0.01332242,,1.286623035,1.126161755,,,,,,,,,
R0071,IL-1B,0.3,35.3,,,0.3,57,R0057,24,S/H,S/H 24 HR,Treatment 1,28.46,28.46,35.12,35.12,35.12,,,,35.12,6.66,6.318890333,6.358901475,0.012526348,0.01218372,,0.009888723,0.009888723,,0.955011111,0.835906835,,,,,,,,,
R0072,GFAP,0,26.24,,,0.4,57,R0057,24,S/H,S/H 24 HR,Treatment 1,28.46,28.46,,,,,,,,,,,,,,,,,,,,,,,,,,,
R0072,IL-1B,0.1,34.75,,,0,58,R0058,24,S/H,S/H 24 HR,Treatment 1,28.19,28.19,34.33,35.27,35,,,,34.86666667,6.676666667,6.335557,6.375568142,0.012382471,0.012043778,,0.009775142,0.009775142,,0.944041873,0.826305626,,,,,,,,,
R0072,IL-1B,0.2,34.71,,,0.1,58,R0058,24,S/H,S/H 24 HR,Treatment 1,28.19,28.19,34.33,34.33,34.33,,,,34.33,6.14,5.798890333,5.838901475,0.017962222,0.01747091,,0.014179987,0.014179987,,1.369443194,1.198652993,,,,,,,,,
R0072,IL-1B,0.3,35.18,,,0.2,58,R0058,24,S/H,S/H 24 HR,Treatment 1,28.19,28.19,35.27,35.27,35.27,,,,35.27,7.08,6.738890333,6.778901475,0.009362501,0.009106412,,0.007391075,0.007391075,,0.713798821,0.624777352,,,,,,,,,
R0073,GFAP,0,27.13,,,0.3,58,R0058,24,S/H,S/H 24 HR,Treatment 1,28.19,28.19,35,35,35,,,,35,6.81,6.468890333,6.508901475,0.011289377,0.010980583,,0.008912217,0.008912217,,0.860704205,0.753361422,,,,,,,,,
R0073,IL-1B,0.1,33.32,,,0.4,58,R0058,24,S/H,S/H 24 HR,Treatment 1,28.19,28.19,,,,,,,,,,,,,,,,,,,,,,,,,,,
R0073,IL-1B,0.2,33.98,,,0,59,R0059,48,N,N 48 HR,Control 2,27.52,27.52,33.82,34.37,34.11,,,,34.1,6.58,6.58,6.58,0.010452559,0.010452559,,0.010452559,0.010452559,,0.011652981,0.726133917,,,,,,,,,
R0073,IL-1B,0.3,34.3,,,0.1,59,R0059,48,N,N 48 HR,Control 2,27.52,27.52,33.82,33.82,33.82,,,,33.82,6.3,6.3,6.3,0.012691444,0.012691444,,0.012691444,0.012691444,,0.01414899,0.881668087,,,,,,,,,
R0074,GFAP,0,26.59,,,0.2,59,R0059,48,N,N 48 HR,Control 2,27.52,27.52,34.37,34.37,34.37,,,,34.37,6.85,6.85,6.85,0.008668512,0.008668512,,0.008668512,0.008668512,,0.009664045,0.60219705,,,,,,,,,
R0074,IL-1B,0.1,33.59,,,0.3,59,R0059,48,N,N 48 HR,Control 2,27.52,27.52,34.11,34.11,34.11,,,,34.11,6.59,6.59,6.59,0.010380358,0.010380358,,0.010380358,0.010380358,,0.011572488,0.721118143,,,,,,,,,
R0074,IL-1B,0.2,34.2,,,0.4,59,R0059,48,N,N 48 HR,Control 2,27.52,27.52,,,,,,,,,,,,,,,,,,,,,,,,,,,
R0074,IL-1B,0.3,34.45,,,0,60,R0060,96,RV (P7) ,RV (P7) 96 HR,Treatment 3,27.43,27.43,33.79,34.54,34.1,,,,34.14333333,6.713333333,6.713333333,6.713333333,0.009529833,0.009529833,,0.009529833,0.009529833,,0.0084103,0.414434594,,,,,,,,,
R0075,GFAP,0,27.37,,,0.1,60,R0060,96,RV (P7) ,RV (P7) 96 HR,Treatment 3,27.43,27.43,33.79,33.79,33.79,,,,33.79,6.36,6.36,6.36,0.012174447,0.012174447,,0.012174447,0.012174447,,0.010744233,0.529443879,,,,,,,,,
R0075,IL-1B,0.1,34.33,,,0.2,60,R0060,96,RV (P7) ,RV (P7) 96 HR,Treatment 3,27.43,27.43,34.54,34.54,34.54,,,,34.54,7.11,7.11,7.11,0.007238969,0.007238969,,0.007238969,0.007238969,,0.006388559,0.314809214,,,,,,,,,
R0075,IL-1B,0.2,35.05,,,0.3,60,R0060,96,RV (P7) ,RV (P7) 96 HR,Treatment 3,27.43,27.43,34.1,34.1,34.1,,,,34.1,6.67,6.67,6.67,0.009820417,0.009820417,,0.009820417,0.009820417,,0.008666747,0.427071542,,,,,,,,,
R0075,IL-1B,0.3,34.32,,,0.4,60,R0060,96,RV (P7) ,RV (P7) 96 HR,Treatment 3,27.43,27.43,,,,,,,,,,,,,,,,,,,,,,,,,,,
R0076,GFAP,0,27,,,0,61,R0061,24,RV (P10),RV (P10) 24 HR,Treatment 1,25.89,25.89,32.73,32.57,32.87,,,,32.72333333,6.833333333,6.492223667,6.532234808,0.011108257,0.010804418,,0.008769235,0.008769235,,0.84689563,0.741274983,,,,,,,,,
R0076,IL-1B,0.1,33.35,,,0.1,61,R0061,24,RV (P10),RV (P10) 24 HR,Treatment 1,25.89,25.89,32.73,32.73,32.73,,,,32.73,6.84,6.498890333,6.538901475,0.011057045,0.010754606,,0.008728806,0.008728806,,0.842991169,0.737857468,,,,,,,,,
R0076,IL-1B,0.2,34.14,,,0.2,61,R0061,24,RV (P10),RV (P10) 24 HR,Treatment 1,25.89,25.89,32.57,32.57,32.57,,,,32.57,6.68,6.338890333,6.378901475,0.012353894,0.012015983,,0.009752582,0.009752582,,0.941863191,0.824398659,,,,,,,,,
R0076,IL-1B,0.3,33.96,,,0.3,61,R0061,24,RV (P10),RV (P10) 24 HR,Treatment 1,25.89,25.89,32.87,32.87,32.87,,,,32.87,6.98,6.638890333,6.678901475,0.01003448,0.009760011,,0.007921558,0.007921558,,0.765030634,0.669619786,,,,,,,,,
R0077,GFAP,0,28.46,,,0.4,61,R0061,24,RV (P10),RV (P10) 24 HR,Treatment 1,25.89,25.89,,,,,,,,,,,,,,,,,,,,,,,,,,,
R0077,IL-1B,0.1,35.65,,,0,62,R0062,24,RV (P10),RV (P10) 24 HR,Treatment 1,27.7,27.7,34.22,34.65,34.6,,,,34.49,6.79,6.448890333,6.488901475,0.011446971,0.011133867,,0.009036626,0.009036626,,0.872719188,0.763877955,,,,,,,,,
R0077,IL-1B,0.2,36.06,,,0.1,62,R0062,24,RV (P10),RV (P10) 24 HR,Treatment 1,27.7,27.7,34.22,34.22,34.22,,,,34.22,6.52,6.178890333,6.218901475,0.013802847,0.013425304,,0.010896435,0.010896435,,1.052331629,0.921090018,,,,,,,,,
R0077,IL-1B,0.3,35.56,,,0.2,62,R0062,24,RV (P10),RV (P10) 24 HR,Treatment 1,27.7,27.7,34.65,34.65,34.65,,,,34.65,6.95,6.608890333,6.648901475,0.010245326,0.00996509,,0.008088007,0.008088007,,0.781105554,0.683689921,,,,,,,,,
R0078,GFAP,0,28.46,,,0.3,62,R0062,24,RV (P10),RV (P10) 24 HR,Treatment 1,27.7,27.7,34.6,34.6,34.6,,,,34.6,6.9,6.558890333,6.598901475,0.010606626,0.010316508,,0.00837323,0.00837323,,0.808651181,0.707800194,,,,,,,,,
R0078,IL-1B,0.1,35.19,,,0.4,62,R0062,24,RV (P10),RV (P10) 24 HR,Treatment 1,27.7,27.7,,,,,,,,,,,,,,,,,,,,,,,,,,,
R0078,IL-1B,0.2,34.15,,,0,63,R0063,24,RV (P10),RV (P10) 24 HR,Treatment 1,27.13,27.13,35.32,36.03,34.88,,,,35.41,8.28,7.938890333,7.978901475,0.004075265,0.003963796,,0.003217152,0.003217152,,0.310698983,0.271950138,,,,,,,,,
R0078,IL-1B,0.3,35.09,,,0.1,63,R0063,24,RV (P10),RV (P10) 24 HR,Treatment 1,27.13,27.13,35.32,35.32,35.32,,,,35.32,8.19,7.848890333,7.888901475,0.004337591,0.004218947,,0.003424241,0.003424241,,0.330698733,0.289455618,,,,,,,,,
R0079,GFAP,0,28.54,,,0.2,63,R0063,24,RV (P10),RV (P10) 24 HR,Treatment 1,27.13,27.13,36.03,36.03,36.03,,,,36.03,8.9,8.558890333,8.598901475,0.002651657,0.002579127,,0.002093308,0.002093308,,0.202162795,0.176950049,,,,,,,,,
R0079,IL-1B,0.1,35.48,,,0.3,63,R0063,24,RV (P10),RV (P10) 24 HR,Treatment 1,27.13,27.13,34.88,34.88,34.88,,,,34.88,7.75,7.408890333,7.448901475,0.005884394,0.005723441,,0.00464534,0.00464534,,0.448627332,0.392676744,,,,,,,,,
R0079,IL-1B,0.2,35.11,,,0.4,63,R0063,24,RV (P10),RV (P10) 24 HR,Treatment 1,27.13,27.13,,,,,,,,,,,,,,,,,,,,,,,,,,,
R0079,IL-1B,0.3,35.28,,,0,64,R0064,96,RV (P7) ,RV (P7) 96 HR,Treatment 3,27.61,27.61,33.08,32.71,33.24,,,,33.01,5.4,5.4,5.4,0.023683071,0.023683071,,0.023683071,0.023683071,,0.020900862,1.029932416,,,,,,,,,
R0080,GFAP,0,28.38,,,0.1,64,R0064,96,RV (P7) ,RV (P7) 96 HR,Treatment 3,27.61,27.61,33.08,33.08,33.08,,,,33.08,5.47,5.47,5.47,0.022561394,0.022561394,,0.022561394,0.022561394,,0.019910955,0.981152755,,,,,,,,,
R0080,IL-1B,0.1,35.19,,,0.2,64,R0064,96,RV (P7) ,RV (P7) 96 HR,Treatment 3,27.61,27.61,32.71,32.71,32.71,,,,32.71,5.1,5.1,5.1,0.029157281,0.029157281,,0.029157281,0.029157281,,0.025731979,1.26799554,,,,,,,,,
R0080,IL-1B,0.2,35.01,,,0.3,64,R0064,96,RV (P7) ,RV (P7) 96 HR,Treatment 3,27.61,27.61,33.24,33.24,33.24,,,,33.24,5.63,5.63,5.63,0.020193013,0.020193013,,0.020193013,0.020193013,,0.017820804,0.878156314,,,,,,,,,
R0080,IL-1B,0.3,34.45,,,0.4,64,R0064,96,RV (P7) ,RV (P7) 96 HR,Treatment 3,27.61,27.61,,,,,,,,,,,,,,,,,,,,,,,,,,,
R0081,GFAP,0,28.29,,,0,65,R0065,96,RV (P7) ,RV (P7) 96 HR,Treatment 3,27.35,27.35,33.77,33.83,34.04,,,,33.88,6.53,6.53,6.53,0.010821168,0.010821168,,0.010821168,0.010821168,,0.009549932,0.470592317,,,,,,,,,
R0081,IL-1B,0.1,35.56,,,0.1,65,R0065,96,RV (P7) ,RV (P7) 96 HR,Treatment 3,27.35,27.35,33.77,33.77,33.77,,,,33.77,6.42,6.42,6.42,0.01167851,0.01167851,,0.01167851,0.01167851,,0.010306557,0.507876516,,,,,,,,,
R0081,IL-1B,0.2,35.23,,,0.2,65,R0065,96,RV (P7) ,RV (P7) 96 HR,Treatment 3,27.35,27.35,33.83,33.83,33.83,,,,33.83,6.48,6.48,6.48,0.011202775,0.011202775,,0.011202775,0.011202775,,0.00988671,0.487187719,,,,,,,,,
R0081,IL-1B,0.3,35,,,0.3,65,R0065,96,RV (P7) ,RV (P7) 96 HR,Treatment 3,27.35,27.35,34.04,34.04,34.04,,,,34.04,6.69,6.69,6.69,0.009685216,0.009685216,,0.009685216,0.009685216,,0.008547429,0.421191922,,,,,,,,,
R0082,GFAP,0,28.17,,,0.4,65,R0065,96,RV (P7) ,RV (P7) 96 HR,Treatment 3,27.35,27.35,,,,,,,,,,,,,,,,,,,,,,,,,,,
R0082,IL-1B,0.1,35.19,,,0,66,R0066,96,RV (P7) ,RV (P7) 96 HR,Treatment 3,27.19,27.19,34.1,34.09,33.38,,,,33.85666667,6.666666667,6.666666667,6.666666667,0.009843133,0.009843133,,0.009843133,0.009843133,,0.008686794,0.428059427,,,,,,,,,
R0082,IL-1B,0.2,35.37,,,0.1,66,R0066,96,RV (P7) ,RV (P7) 96 HR,Treatment 3,27.19,27.19,34.1,34.1,34.1,,,,34.1,6.91,6.91,6.91,0.008315392,0.008315392,,0.008315392,0.008315392,,0.007338527,0.361620826,,,,,,,,,
R0082,IL-1B,0.3,35.3,,,0.2,66,R0066,96,RV (P7) ,RV (P7) 96 HR,Treatment 3,27.19,27.19,34.09,34.09,34.09,,,,34.09,6.9,6.9,6.9,0.00837323,0.00837323,,0.00837323,0.00837323,,0.007389571,0.364136098,,,,,,,,,
R0083,GFAP,0,28.06,,,0.3,66,R0066,96,RV (P7) ,RV (P7) 96 HR,Treatment 3,27.19,27.19,33.38,33.38,33.38,,,,33.38,6.19,6.19,6.19,0.013696964,0.013696964,,0.013696964,0.013696964,,0.01208789,0.595655328,,,,,,,,,
R0083,IL-1B,0.1,34.15,,,0.4,66,R0066,96,RV (P7) ,RV (P7) 96 HR,Treatment 3,27.19,27.19,,,,,,,,,,,,,,,,,,,,,,,,,,,
R0083,IL-1B,0.2,33.65,,,0,67,R0067,48,RV (P7) ,RV (P7) 48 HR,Treatment 2,27.2,27.2,33.85,33.36,34.17,,,,33.79333333,6.593333333,6.593333333,6.593333333,0.010356402,0.010356402,,0.010356402,0.010356402,,0.011545781,0.71945393,,,,,,,,,
R0083,IL-1B,0.3,34.29,,,0.1,67,R0067,48,RV (P7) ,RV (P7) 48 HR,Treatment 2,27.2,27.2,33.85,33.85,33.85,,,,33.85,6.65,6.65,6.65,0.009957505,0.009957505,,0.009957505,0.009957505,,0.011101073,0.691742761,,,,,,,,,
R0084,GFAP,0,27.91,,,0.2,67,R0067,48,RV (P7) ,RV (P7) 48 HR,Treatment 2,27.2,27.2,33.36,33.36,33.36,,,,33.36,6.16,6.16,6.16,0.013984767,0.013984767,,0.013984767,0.013984767,,0.015590845,0.971514575,,,,,,,,,
R0084,IL-1B,0.1,34.46,,,0.3,67,R0067,48,RV (P7) ,RV (P7) 48 HR,Treatment 2,27.2,27.2,34.17,34.17,34.17,,,,34.17,6.97,6.97,6.97,0.007976657,0.007976657,,0.007976657,0.007976657,,0.008892735,0.554134289,,,,,,,,,
R0084,IL-1B,0.2,34.96,,,0.4,67,R0067,48,RV (P7) ,RV (P7) 48 HR,Treatment 2,27.2,27.2,,,,,,,,,,,,,,,,,,,,,,,,,,,
R0084,IL-1B,0.3,34.78,,,0,68,R0068,24,RV (P10),RV (P10) 24 HR,Treatment 1,28.09,28.09,33.73,34.31,34.14,,,,34.06,5.97,5.628890333,5.668901475,0.020208551,0.019655795,,0.015953314,0.015953314,,1.540703685,1.34855472,,,,,,,,,
R0085,GFAP,0,28.65,,,0.1,68,R0068,24,RV (P10),RV (P10) 24 HR,Treatment 1,28.09,28.09,33.73,33.73,33.73,,,,33.73,5.64,5.298890333,5.338901475,0.025402418,0.024707597,,0.02005353,0.02005353,,1.936685138,1.695151319,,,,,,,,,
R0085,IL-1B,0.1,35.21,,,0.2,68,R0068,24,RV (P10),RV (P10) 24 HR,Treatment 1,28.09,28.09,34.31,34.31,34.31,,,,34.31,6.22,5.878890333,5.918901475,0.016993298,0.016528488,,0.013415085,0.013415085,,1.295572206,1.13399483,,,,,,,,,
R0085,IL-1B,0.2,34.26,,,0.3,68,R0068,24,RV (P10),RV (P10) 24 HR,Treatment 1,28.09,28.09,34.14,34.14,34.14,,,,34.14,6.05,5.708890333,5.748901475,0.019118454,0.018595515,,0.015092755,0.015092755,,1.457594503,1.275810505,,,,,,,,,
R0085,IL-1B,0.3,35.16,,,0.4,68,R0068,24,RV (P10),RV (P10) 24 HR,Treatment 1,28.09,28.09,,,,,,,,,,,,,,,,,,,,,,,,,,,
R0086,GFAP,0,28.65,,,0,69,R0069,24,RV (P10),RV (P10) 24 HR,Treatment 1,27.09,27.09,33.4,33.92,34.34,,,,33.88666667,6.796666667,6.455557,6.495568142,0.011394196,0.011082536,,0.008994965,0.008994965,,0.868695673,0.760356233,,,,,,,,,
R0086,IL-1B,0.1,34.68,,,0.1,69,R0069,24,RV (P10),RV (P10) 24 HR,Treatment 1,27.09,27.09,33.4,33.4,33.4,,,,33.4,6.31,5.968890333,6.008901475,0.01596559,0.01552889,,0.012603777,0.012603777,,1.217219561,1.06541394,,,,,,,,,
R0086,IL-1B,0.2,35.76,,,0.2,69,R0069,24,RV (P10),RV (P10) 24 HR,Treatment 1,27.09,27.09,33.92,33.92,33.92,,,,33.92,6.83,6.488890333,6.528901475,0.011133953,0.010829411,,0.008789519,0.008789519,,0.848854636,0.742989672,,,,,,,,,
R0086,IL-1B,0.3,35.15,,,0.3,69,R0069,24,RV (P10),RV (P10) 24 HR,Treatment 1,27.09,27.09,34.34,34.34,34.34,,,,34.34,7.25,6.908890333,6.948901475,0.00832179,0.008094168,,0.006569503,0.006569503,,0.634454858,0.555328777,,,,,,,,,
R0087,GFAP,0,28.25,,,0.4,69,R0069,24,RV (P10),RV (P10) 24 HR,Treatment 1,27.09,27.09,,,,,,,,,,,,,,,,,,,,,,,,,,,
R0087,IL-1B,0.1,34.75,,,0,70,R0070,24,S/H,S/H 24 HR,Treatment 1,27.56,27.56,34.78,35.8,35.43,,,,35.33666667,7.776666667,7.435557,7.475568142,0.005776627,0.005618621,,0.004560265,0.004560265,,0.440411106,0.385485205,,,,,,,,,
R0087,IL-1B,0.2,35.25,,,0.1,70,R0070,24,S/H,S/H 24 HR,Treatment 1,27.56,27.56,34.78,34.78,34.78,,,,34.78,7.22,6.878890333,6.918901475,0.008496649,0.008264244,,0.006707542,0.006707542,,0.647786103,0.566997415,,,,,,,,,
R0087,IL-1B,0.3,35.27,,,0.2,70,R0070,24,S/H,S/H 24 HR,Treatment 1,27.56,27.56,35.8,35.8,35.8,,,,35.8,8.24,7.898890333,7.938901475,0.004189837,0.004075234,,0.003307599,0.003307599,,0.31943392,0.279595697,,,,,,,,,
R0088,GFAP,0,28.53,,,0.3,70,R0070,24,S/H,S/H 24 HR,Treatment 1,27.56,27.56,35.43,35.43,35.43,,,,35.43,7.87,7.528890333,7.568901475,0.005414747,0.00526664,,0.004274585,0.004274585,,0.412821331,0.36133629,,,,,,,,,
R0088,IL-1B,0.1,34.3,,,0.4,70,R0070,24,S/H,S/H 24 HR,Treatment 1,27.56,27.56,,,,,,,,,,,,,,,,,,,,,,,,,,,
R0088,IL-1B,0.2,34.12,,,0,71,R0071,48,RV (P7) ,RV (P7) 48 HR,Treatment 2,26.61,26.61,34.57,34.67,35.3,,,,34.84666667,8.236666667,8.236666667,8.236666667,0.00331525,0.00331525,,0.00331525,0.00331525,,0.003695989,0.23030871,,,,,,,,,
R0088,IL-1B,0.3,34.54,,,0.1,71,R0071,48,RV (P7) ,RV (P7) 48 HR,Treatment 2,26.61,26.61,34.57,34.57,34.57,,,,34.57,7.96,7.96,7.96,0.00401607,0.00401607,,0.00401607,0.00401607,,0.004477294,0.278994299,,,,,,,,,
R0089,GFAP,0,27.45,,,0.2,71,R0071,48,RV (P7) ,RV (P7) 48 HR,Treatment 2,26.61,26.61,34.67,34.67,34.67,,,,34.67,8.06,8.06,8.06,0.003747125,0.003747125,,0.003747125,0.003747125,,0.004177463,0.260310885,,,,,,,,,
R0089,IL-1B,0.1,33.65,,,0.3,71,R0071,48,RV (P7) ,RV (P7) 48 HR,Treatment 2,26.61,26.61,35.3,35.3,35.3,,,,35.3,8.69,8.69,8.69,0.002421304,0.002421304,,0.002421304,0.002421304,,0.002699378,0.168206755,,,,,,,,,
R0089,IL-1B,0.2,33.81,,,0.4,71,R0071,48,RV (P7) ,RV (P7) 48 HR,Treatment 2,26.61,26.61,,,,,,,,,,,,,,,,,,,,,,,,,,,
R0089,IL-1B,0.3,34.45,,,0,72,R0072,48,RV (P7) ,RV (P7) 48 HR,Treatment 2,26.24,26.24,34.75,34.71,35.18,,,,34.88,8.64,8.64,8.64,0.002506691,0.002506691,,0.002506691,0.002506691,,0.002794572,0.174138553,,,,,,,,,
R0090,GFAP,0,27.69,,,0.1,72,R0072,48,RV (P7) ,RV (P7) 48 HR,Treatment 2,26.24,26.24,34.75,34.75,34.75,,,,34.75,8.51,8.51,8.51,0.002743056,0.002743056,,0.002743056,0.002743056,,0.003058082,0.190558722,,,,,,,,,
R0090,IL-1B,0.1,35.12,,,0.2,72,R0072,48,RV (P7) ,RV (P7) 48 HR,Treatment 2,26.24,26.24,34.71,34.71,34.71,,,,34.71,8.47,8.47,8.47,0.002820174,0.002820174,,0.002820174,0.002820174,,0.003144057,0.195916057,,,,,,,,,
R0090,IL-1B,0.2,34.83,,,0.3,72,R0072,48,RV (P7) ,RV (P7) 48 HR,Treatment 2,26.24,26.24,35.18,35.18,35.18,,,,35.18,8.94,8.94,8.94,0.002036066,0.002036066,,0.002036066,0.002036066,,0.002269898,0.141444457,,,,,,,,,
R0090,IL-1B,0.3,34.1,,,0.4,72,R0072,48,RV (P7) ,RV (P7) 48 HR,Treatment 2,26.24,26.24,,,,,,,,,,,,,,,,,,,,,,,,,,,
R0091,GFAP,0,27.28,,,0,73,R0073,24,RV (P10),RV (P10) 24 HR,Treatment 1,27.13,27.13,33.32,33.98,34.3,,,,33.86666667,6.736666667,6.395557,6.435568142,0.01187806,0.011553164,,0.009376943,0.009376943,,0.905585496,0.792645339,,,,,,,,,
R0091,IL-1B,0.1,33.8,,,0.1,73,R0073,24,RV (P10),RV (P10) 24 HR,Treatment 1,27.13,27.13,33.32,33.32,33.32,,,,33.32,6.19,5.848890333,5.888901475,0.017350363,0.016875786,,0.013696964,0.013696964,,1.322794932,1.157822472,,,,,,,,,
R0091,IL-1B,0.2,34.14,,,0.2,73,R0073,24,RV (P10),RV (P10) 24 HR,Treatment 1,27.13,27.13,33.98,33.98,33.98,,,,33.98,6.85,6.508890333,6.548901475,0.010980668,0.010680319,,0.008668512,0.008668512,,0.837168204,0.732760714,,,,,,,,,
R0091,IL-1B,0.3,34.65,,,0.3,73,R0073,24,RV (P10),RV (P10) 24 HR,Treatment 1,27.13,27.13,34.3,34.3,34.3,,,,34.3,7.17,6.828890333,6.868901475,0.008796283,0.008555682,,0.006944083,0.006944083,,0.67063023,0.586992536,,,,,,,,,
R0092,GFAP,0,29.41,,,0.4,73,R0073,24,RV (P10),RV (P10) 24 HR,Treatment 1,27.13,27.13,,,,,,,,,,,,,,,,,,,,,,,,,,,
R0092,IL-1B,0.1,29.59,,,0,74,R0074,48,RV (P10),RV (P10) 48 HR,Treatment 2,26.59,26.59,33.59,34.2,34.45,,,,34.08,7.49,7.49,7.49,0.005562696,0.005562696,,0.005562696,0.005562696,,0.006201543,0.386437645,,,,,,,,,
R0092,IL-1B,0.2,30.62,,,0.1,74,R0074,48,RV (P10),RV (P10) 48 HR,Treatment 2,26.59,26.59,33.59,33.59,33.59,,,,33.59,7,7,7,0.0078125,0.0078125,,0.0078125,0.0078125,,0.008709725,0.54273037,,,,,,,,,
R0092,IL-1B,0.3,31.18,,,0.2,74,R0074,48,RV (P10),RV (P10) 48 HR,Treatment 2,26.59,26.59,34.2,34.2,34.2,,,,34.2,7.61,7.61,7.61,0.005118724,0.005118724,,0.005118724,0.005118724,,0.005706583,0.355595148,,,,,,,,,
R0093,GFAP,0,32.11,,,0.3,74,R0074,48,RV (P10),RV (P10) 48 HR,Treatment 2,26.59,26.59,34.45,34.45,34.45,,,,34.45,7.86,7.86,7.86,0.004304317,0.004304317,,0.004304317,0.004304317,,0.004798645,0.299018686,,,,,,,,,
R0093,IL-1B,0.1,29.52,,,0.4,74,R0074,48,RV (P10),RV (P10) 48 HR,Treatment 2,26.59,26.59,,,,,,,,,,,,,,,,,,,,,,,,,,,
R0093,IL-1B,0.2,32.01,,,0,75,R0075,48,RV (P10),RV (P10) 48 HR,Treatment 2,27.37,27.37,34.33,35.05,34.32,,,,34.56666667,7.196666667,7.196666667,7.196666667,0.006816908,0.006816908,,0.006816908,0.006816908,,0.007599795,0.473567138,,,,,,,,,
R0093,IL-1B,0.3,30.29,,,0.1,75,R0075,48,RV (P10),RV (P10) 48 HR,Treatment 2,27.37,27.37,34.33,34.33,34.33,,,,34.33,6.96,6.96,6.96,0.008032139,0.008032139,,0.008032139,0.008032139,,0.008954589,0.557988597,,,,,,,,,
R0094,GFAP,0,32.21,,,0.2,75,R0075,48,RV (P10),RV (P10) 48 HR,Treatment 2,27.37,27.37,35.05,35.05,35.05,,,,35.05,7.68,7.68,7.68,0.004876291,0.004876291,,0.004876291,0.004876291,,0.005436308,0.33875345,,,,,,,,,
R0094,IL-1B,0.1,31.43,,,0.3,75,R0075,48,RV (P10),RV (P10) 48 HR,Treatment 2,27.37,27.37,34.32,34.32,34.32,,,,34.32,6.95,6.95,6.95,0.008088007,0.008088007,,0.008088007,0.008088007,,0.009016873,0.561869715,,,,,,,,,
R0094,IL-1B,0.2,30.95,,,0.4,75,R0075,48,RV (P10),RV (P10) 48 HR,Treatment 2,27.37,27.37,,,,,,,,,,,,,,,,,,,,,,,,,,,
R0094,IL-1B,0.3,29.81,,,0,76,R0076,48,RV (P10),RV (P10) 48 HR,Treatment 2,27,27,33.35,34.14,33.96,,,,33.81666667,6.816666667,6.816666667,6.816666667,0.008871128,0.008871128,,0.008871128,0.008871128,,0.009889932,0.616272739,,,,,,,,,
R0095,GFAP,0,29.93,,,0.1,76,R0076,48,RV (P10),RV (P10) 48 HR,Treatment 2,27,27,33.35,33.35,33.35,,,,33.35,6.35,6.35,6.35,0.012259127,0.012259127,,0.012259127,0.012259127,,0.013667024,0.851635235,,,,,,,,,
R0095,IL-1B,0.1,29.96,,,0.2,76,R0076,48,RV (P10),RV (P10) 48 HR,Treatment 2,27,27,34.14,34.14,34.14,,,,34.14,7.14,7.14,7.14,0.007089993,0.007089993,,0.007089993,0.007089993,,0.007904242,0.492538207,,,,,,,,,
R0095,IL-1B,0.2,31.74,,,0.3,76,R0076,48,RV (P10),RV (P10) 48 HR,Treatment 2,27,27,33.96,33.96,33.96,,,,33.96,6.96,6.96,6.96,0.008032139,0.008032139,,0.008032139,0.008032139,,0.008954589,0.557988597,,,,,,,,,
R0095,IL-1B,0.3,38.57,,,0.4,76,R0076,48,RV (P10),RV (P10) 48 HR,Treatment 2,27,27,,,,,,,,,,,,,,,,,,,,,,,,,,,
R0096,GFAP,0,29.49,,,0,77,R0077,48,N,N 48 HR,Control 2,28.46,28.46,35.65,36.06,35.56,,,,35.75666667,7.296666667,7.296666667,7.296666667,0.006360401,0.006360401,,0.006360401,0.006360401,,0.00709086,0.441853764,,,,,,,,,
R0096,IL-1B,0.1,30.79,,,0.1,77,R0077,48,N,N 48 HR,Control 2,28.46,28.46,35.65,35.65,35.65,,,,35.65,7.19,7.19,7.19,0.006848482,0.006848482,,0.006848482,0.006848482,,0.007634995,0.475760547,,,,,,,,,
R0096,IL-1B,0.2,30.46,,,0.2,77,R0077,48,N,N 48 HR,Control 2,28.46,28.46,36.06,36.06,36.06,,,,36.06,7.6,7.6,7.6,0.005154328,0.005154328,,0.005154328,0.005154328,,0.005746276,0.358068508,,,,,,,,,
R0096,IL-1B,0.3,32.20,,,0.3,77,R0077,48,N,N 48 HR,Control 2,28.46,28.46,35.56,35.56,35.56,,,,35.56,7.1,7.1,7.1,0.00728932,0.00728932,,0.00728932,0.00728932,,0.008126461,0.506385341,,,,,,,,,
R0097,GFAP,0,30.30,,,0.4,77,R0077,48,N,N 48 HR,Control 2,28.46,28.46,,,,,,,,,,,,,,,,,,,,,,,,,,,
R0097,IL-1B,0.1,32.33,,,0,78,R0078,24,L/H,L/H 24 HR,Treatment 1,28.46,28.46,35.19,34.15,35.09,,,,34.81,6.35,6.008890333,6.048901475,0.01552901,0.015104252,,0.012259127,0.012259127,,1.183934628,1.03628014,,,,,,,,,
R0097,IL-1B,0.2,31.63,,,0.1,78,R0078,24,L/H,L/H 24 HR,Treatment 1,28.46,28.46,35.19,35.19,35.19,,,,35.19,6.73,6.388890333,6.428901475,0.011933075,0.011606675,,0.009420374,0.009420374,,0.909779873,0.796316614,,,,,,,,,
R0097,IL-1B,0.3,32.28,,,0.2,78,R0078,24,L/H,L/H 24 HR,Treatment 1,28.46,28.46,34.15,34.15,34.15,,,,34.15,5.69,5.348890333,5.388901475,0.024537119,0.023865966,,0.019370433,0.019370433,,1.870714533,1.637408242,,,,,,,,,
R0098,GFAP,0,29.45,,,0.3,78,R0078,24,L/H,L/H 24 HR,Treatment 1,28.46,28.46,35.09,35.09,35.09,,,,35.09,6.63,6.288890333,6.328901475,0.012789553,0.012439726,,0.010096506,0.010096506,,0.975077924,0.853471015,,,,,,,,,
R0098,IL-1B,0.1,30.68,,,0.4,78,R0078,24,L/H,L/H 24 HR,Treatment 1,28.46,28.46,,,,,,,,,,,,,,,,,,,,,,,,,,,
R0098,IL-1B,0.2,30.28,,,0,79,R0079,24,L/H,L/H 24 HR,Treatment 1,28.54,28.54,35.48,35.11,35.28,,,,35.29,6.75,6.408890333,6.448901475,0.011768789,0.011446882,,0.009290681,0.009290681,,0.897254664,0.785353488,,,,,,,,,
R0098,IL-1B,0.3,30.12,,,0.1,79,R0079,24,L/H,L/H 24 HR,Treatment 1,28.54,28.54,35.48,35.48,35.48,,,,35.48,6.94,6.598890333,6.638901475,0.010316588,0.010034403,,0.008144264,0.008144264,,0.786538572,0.688445361,,,,,,,,,
R0099,GFAP,0,31.43,,,0.2,79,R0079,24,L/H,L/H 24 HR,Treatment 1,28.54,28.54,35.11,35.11,35.11,,,,35.11,6.57,6.228890333,6.268901475,0.013332671,0.012967988,,0.010525262,0.010525262,,1.01648535,0.889714311,,,,,,,,,
R0099,IL-1B,0.1,33.29,,,0.3,79,R0079,24,L/H,L/H 24 HR,Treatment 1,28.54,28.54,35.28,35.28,35.28,,,,35.28,6.74,6.398890333,6.438901475,0.011850647,0.011526502,,0.009355302,0.009355302,,0.903495564,0.790816053,,,,,,,,,
R0099,IL-1B,0.2,33.18,,,0.4,79,R0079,24,L/H,L/H 24 HR,Treatment 1,28.54,28.54,,,,,,,,,,,,,,,,,,,,,,,,,,,
R0099,IL-1B,0.3,33.65,,,0,80,R0080,24,S/H,S/H 24 HR,Treatment 1,28.38,28.38,35.19,35.01,34.45,,,,34.88333333,6.503333333,6.162223667,6.202234808,0.013963228,0.013581298,,0.011023045,0.011023045,,1.064559133,0.931792568,,,,,,,,,
,,,,,,0.1,80,R0080,24,S/H,S/H 24 HR,Treatment 1,28.38,28.38,35.19,35.19,35.19,,,,35.19,6.81,6.468890333,6.508901475,0.011289377,0.010980583,,0.008912217,0.008912217,,0.860704205,0.753361422,,,,,,,,,
,,,,,,0.2,80,R0080,24,S/H,S/H 24 HR,Treatment 1,28.38,28.38,35.01,35.01,35.01,,,,35.01,6.63,6.288890333,6.328901475,0.012789553,0.012439726,,0.010096506,0.010096506,,0.975077924,0.853471015,,,,,,,,,
,,,,,,0.3,80,R0080,24,S/H,S/H 24 HR,Treatment 1,28.38,28.38,34.45,34.45,34.45,,,,34.45,6.07,5.728890333,5.768901475,0.018855244,0.018339505,,0.014884969,0.014884969,,1.437527368,1.258246045,,,,,,,,,
,,0,,,,0.4,80,R0080,24,S/H,S/H 24 HR,Treatment 1,28.38,28.38,,,,,,,,,,,,,,,,,,,,,,,,,,,
,,,,,,0,81,R0081,48,S/H,S/H 48 HR,Treatment 2,28.29,28.29,35.56,35.23,35,,,,35.26333333,6.973333333,6.973333333,6.973333333,0.007958249,0.007958249,,0.007958249,0.007958249,,0.008872212,0.552855444,,,,,,,,,
,,,,,,0.1,81,R0081,48,S/H,S/H 48 HR,Treatment 2,28.29,28.29,35.56,35.56,35.56,,,,35.56,7.27,7.27,7.27,0.006479059,0.006479059,,0.006479059,0.006479059,,0.007223145,0.450096904,,,,,,,,,
,,,,,,0.2,81,R0081,48,S/H,S/H 48 HR,Treatment 2,28.29,28.29,35.23,35.23,35.23,,,,35.23,6.94,6.94,6.94,0.008144264,0.008144264,,0.008144264,0.008144264,,0.00907959,0.565777828,,,,,,,,,
,,,,,,0.3,81,R0081,48,S/H,S/H 48 HR,Treatment 2,28.29,28.29,35,35,35,,,,35,6.71,6.71,6.71,0.009551877,0.009551877,,0.009551877,0.009551877,,0.010648861,0.66356401,,,,,,,,,
,GFAP,0,,,,0.4,81,R0081,48,S/H,S/H 48 HR,Treatment 2,28.29,28.29,,,,,,,,,,,,,,,,,,,,,,,,,,,
,GFAP,0.1,,,,0,82,R0082,48,L/H,L/H 48 HR,Treatment 2,28.17,28.17,35.19,35.37,35.3,,,,35.28666667,7.116666667,7.116666667,7.116666667,0.007205595,0.007205595,,0.007205595,0.007205595,,0.008033121,0.500569009,,,,,,,,,
,GFAP,0.2,,,,0.1,82,R0082,48,L/H,L/H 48 HR,Treatment 2,28.17,28.17,35.19,35.19,35.19,,,,35.19,7.02,7.02,7.02,0.007704943,0.007704943,,0.007704943,0.007704943,,0.008589816,0.53525844,,,,,,,,,
,GFAP,0.3,,,,0.2,82,R0082,48,L/H,L/H 48 HR,Treatment 2,28.17,28.17,35.37,35.37,35.37,,,,35.37,7.2,7.2,7.2,0.006801176,0.006801176,,0.006801176,0.006801176,,0.007582256,0.472474229,,,,,,,,,
,GFAP,0.4,,,,0.3,82,R0082,48,L/H,L/H 48 HR,Treatment 2,28.17,28.17,35.3,35.3,35.3,,,,35.3,7.13,7.13,7.13,0.007139308,0.007139308,,0.007139308,0.007139308,,0.007959221,0.495964081,,,,,,,,,
,,0.5,,,,0.4,82,R0082,48,L/H,L/H 48 HR,Treatment 2,28.17,28.17,,,,,,,,,,,,,,,,,,,,,,,,,,,
,,0.6,,,,0,83,R0083,96,L/H,L/H 96 HR,Treatment 3,28.06,28.06,34.15,33.65,34.29,,,,34.03,5.97,5.97,5.97,0.015953314,0.015953314,,0.015953314,0.015953314,,0.014079172,0.693779766,,,,,,,,,
,,0.7,,,,0.1,83,R0083,96,L/H,L/H 96 HR,Treatment 3,28.06,28.06,34.15,34.15,34.15,,,,34.15,6.09,6.09,6.09,0.014680043,0.014680043,,0.014680043,0.014680043,,0.01295548,0.638407573,,,,,,,,,
,,0.8,,,,0.2,83,R0083,96,L/H,L/H 96 HR,Treatment 3,28.06,28.06,33.65,33.65,33.65,,,,33.65,5.59,5.59,5.59,0.020760716,0.020760716,,0.020760716,0.020760716,,0.018321815,0.902844648,,,,,,,,,
,,0.9,,,,0.3,83,R0083,96,L/H,L/H 96 HR,Treatment 3,28.06,28.06,34.29,34.29,34.29,,,,34.29,6.23,6.23,6.23,0.01332242,0.01332242,,0.01332242,0.01332242,,0.011757346,0.579367102,,,,,,,,,
,,1,,,,0.4,83,R0083,96,L/H,L/H 96 HR,Treatment 3,28.06,28.06,,,,,,,,,,,,,,,,,,,,,,,,,,,
,,1.1,,,,0,84,R0084,48,L/H,L/H 48 HR,Treatment 2,27.91,27.91,34.46,34.96,34.78,,,,34.73333333,6.823333333,6.823333333,6.823333333,0.00883023,0.00883023,,0.00883023,0.00883023,,0.009844336,0.613431524,,,,,,,,,
,,1.2,,,,0.1,84,R0084,48,L/H,L/H 48 HR,Treatment 2,27.91,27.91,34.46,34.46,34.46,,,,34.46,6.55,6.55,6.55,0.01067219,0.01067219,,0.01067219,0.01067219,,0.011897835,0.741391534,,,,,,,,,
,,1.3,,,,0.2,84,R0084,48,L/H,L/H 48 HR,Treatment 2,27.91,27.91,34.96,34.96,34.96,,,,34.96,7.05,7.05,7.05,0.007546378,0.007546378,,0.007546378,0.007546378,,0.00841304,0.524242981,,,,,,,,,
,,1.4,,,,0.3,84,R0084,48,L/H,L/H 48 HR,Treatment 2,27.91,27.91,34.78,34.78,34.78,,,,34.78,6.87,6.87,6.87,0.00854917,0.00854917,,0.00854917,0.00854917,,0.009530997,0.593906425,,,,,,,,,
,,1.5,,,,0.4,84,R0084,48,L/H,L/H 48 HR,Treatment 2,27.91,27.91,,,,,,,,,,,,,,,,,,,,,,,,,,,
,,1.6,,,,0,85,R0085,48,L/H,L/H 48 HR,Treatment 2,28.65,28.65,35.21,34.26,35.16,,,,34.87666667,6.226666667,6.226666667,6.226666667,0.013353237,0.013353237,,0.013353237,0.013353237,,0.014886787,0.927642535,,,,,,,,,
,,1.7,,,,0.1,85,R0085,48,L/H,L/H 48 HR,Treatment 2,28.65,28.65,35.21,35.21,35.21,,,,35.21,6.56,6.56,6.56,0.010598471,0.010598471,,0.010598471,0.010598471,,0.011815651,0.736270368,,,,,,,,,
,,1.8,,,,0.2,85,R0085,48,L/H,L/H 48 HR,Treatment 2,28.65,28.65,34.26,34.26,34.26,,,,34.26,5.61,5.61,5.61,0.020474897,0.020474897,,0.020474897,0.020474897,,0.022826333,1.422380593,,,,,,,,,
,,1.9,,,,0.3,85,R0085,48,L/H,L/H 48 HR,Treatment 2,28.65,28.65,35.16,35.16,35.16,,,,35.16,6.51,6.51,6.51,0.010972226,0.010972226,,0.010972226,0.010972226,,0.012232329,0.762234887,,,,,,,,,
,,2,,,,0.4,85,R0085,48,L/H,L/H 48 HR,Treatment 2,28.65,28.65,,,,,,,,,,,,,,,,,,,,,,,,,,,
,,2.1,,,,0,86,R0086,96,L/H,L/H 96 HR,Treatment 3,28.65,28.65,34.68,35.76,35.15,,,,35.19666667,6.546666667,6.546666667,6.546666667,0.010696876,0.010696876,,0.010696876,0.010696876,,0.009440242,0.465187103,,,,,,,,,
,,2.2,,,,0.1,86,R0086,96,L/H,L/H 96 HR,Treatment 3,28.65,28.65,34.68,34.68,34.68,,,,34.68,6.03,6.03,6.03,0.015303442,0.015303442,,0.015303442,0.015303442,,0.013505644,0.665518036,,,,,,,,,
,,2.3,,,,0.2,86,R0086,96,L/H,L/H 96 HR,Treatment 3,28.65,28.65,35.76,35.76,35.76,,,,35.76,7.11,7.11,7.11,0.007238969,0.007238969,,0.007238969,0.007238969,,0.006388559,0.314809214,,,,,,,,,
,,2.4,,,,0.3,86,R0086,96,L/H,L/H 96 HR,Treatment 3,28.65,28.65,35.15,35.15,35.15,,,,35.15,6.5,6.5,6.5,0.011048543,0.011048543,,0.011048543,0.011048543,,0.009750597,0.480480462,,,,,,,,,
,,2.5,,,,0.4,86,R0086,96,L/H,L/H 96 HR,Treatment 3,28.65,28.65,,,,,,,,,,,,,,,,,,,,,,,,,,,
,,2.6,,,,0,87,R0087,24,L/H,L/H 24 HR,Treatment 1,28.25,28.25,34.75,35.25,35.27,,,,35.09,6.84,6.498890333,6.538901475,0.011057045,0.010754606,,0.008728806,0.008728806,,0.842991169,0.737857468,,,,,,,,,
,,2.7,,,,0.1,87,R0087,24,L/H,L/H 24 HR,Treatment 1,28.25,28.25,34.75,34.75,34.75,,,,34.75,6.5,6.158890333,6.198901475,0.013995527,0.013612714,,0.011048543,0.011048543,,1.067021631,0.933947955,,,,,,,,,
,,2.8,,,,0.2,87,R0087,24,L/H,L/H 24 HR,Treatment 1,28.25,28.25,35.25,35.25,35.25,,,,35.25,7,6.658890333,6.698901475,0.009896332,0.009625642,,0.0078125,0.0078125,,0.754498231,0.660400933,,,,,,,,,
,,2.9,,,,0.3,87,R0087,24,L/H,L/H 24 HR,Treatment 1,28.25,28.25,35.27,35.27,35.27,,,,35.27,7.02,6.678890333,6.718901475,0.009760087,0.009493123,,0.007704943,0.007704943,,0.744110831,0.651308998,,,,,,,,,
,,3,,,,0.4,87,R0087,24,L/H,L/H 24 HR,Treatment 1,28.25,28.25,,,,,,,,,,,,,,,,,,,,,,,,,,,
,,3.1,,,,0,88,R0088,24,L/H,L/H 24 HR,Treatment 1,28.53,28.53,34.3,34.12,34.54,,,,34.32,5.79,5.448890333,5.488901475,0.022893941,0.022267733,,0.018073253,0.018073253,,1.745438377,1.527755911,,,,,,,,,
,,3.2,,,,0.1,88,R0088,24,L/H,L/H 24 HR,Treatment 1,28.53,28.53,34.3,34.3,34.3,,,,34.3,5.77,5.428890333,5.468901475,0.023213529,0.022578579,,0.018325546,0.018325546,,1.769803789,1.549082588,,,,,,,,,
,,3.3,,,,0.2,88,R0088,24,L/H,L/H 24 HR,Treatment 1,28.53,28.53,34.12,34.12,34.12,,,,34.12,5.59,5.248890333,5.288901475,0.026298233,0.025578909,,0.020760716,0.020760716,,2.004982192,1.754930701,,,,,,,,,
,,3.4,,,,0.3,88,R0088,24,L/H,L/H 24 HR,Treatment 1,28.53,28.53,34.54,34.54,34.54,,,,34.54,6.01,5.668890333,5.708901475,0.019655947,0.019118306,,0.01551707,0.01551707,,1.498573062,1.31167842,,,,,,,,,
,,3.5,,,,0.4,88,R0088,24,L/H,L/H 24 HR,Treatment 1,28.53,28.53,,,,,,,,,,,,,,,,,,,,,,,,,,,
,,3.6,,,,0,89,R0089,48,N,N 48 HR,Control 2,27.45,27.45,33.65,33.81,34.45,,,,33.97,6.52,6.52,6.52,0.010896435,0.010896435,,0.010896435,0.010896435,,0.012147834,0.756969746,,,,,,,,,
,,3.7,,,,0.1,89,R0089,48,N,N 48 HR,Control 2,27.45,27.45,33.65,33.65,33.65,,,,33.65,6.2,6.2,6.2,0.013602353,0.013602353,,0.013602353,0.013602353,,0.015164512,0.944948458,,,,,,,,,
,,3.8,,,,0.2,89,R0089,48,N,N 48 HR,Control 2,27.45,27.45,33.81,33.81,33.81,,,,33.81,6.36,6.36,6.36,0.012174447,0.012174447,,0.012174447,0.012174447,,0.013572619,0.845752561,,,,,,,,,
,,3.9,,,,0.3,89,R0089,48,N,N 48 HR,Control 2,27.45,27.45,34.45,34.45,34.45,,,,34.45,7,7,7,0.0078125,0.0078125,,0.0078125,0.0078125,,0.008709725,0.54273037,,,,,,,,,
,,4,,,,0.4,89,R0089,48,N,N 48 HR,Control 2,27.45,27.45,,,,,,,,,,,,,,,,,,,,,,,,,,,
,,4.1,,,,0,90,R0090,96,RV (P10),RV (P10) 96 HR,Treatment 3,27.69,27.69,35.12,34.83,34.1,,,,34.68333333,6.993333333,6.993333333,6.993333333,0.007848685,0.007848685,,0.007848685,0.007848685,,0.006926647,0.341324609,,,,,,,,,
,,4.2,,,,0.1,90,R0090,96,RV (P10),RV (P10) 96 HR,Treatment 3,27.69,27.69,35.12,35.12,35.12,,,,35.12,7.43,7.43,7.43,0.00579892,0.00579892,,0.00579892,0.00579892,,0.005117682,0.252184178,,,,,,,,,
,,4.3,,,,0.2,90,R0090,96,RV (P10),RV (P10) 96 HR,Treatment 3,27.69,27.69,34.83,34.83,34.83,,,,34.83,7.14,7.14,7.14,0.007089993,0.007089993,,0.007089993,0.007089993,,0.006257084,0.308330534,,,,,,,,,
,,4.4,,,,0.3,90,R0090,96,RV (P10),RV (P10) 96 HR,Treatment 3,27.69,27.69,34.1,34.1,34.1,,,,34.1,6.41,6.41,6.41,0.01175974,0.01175974,,0.01175974,0.01175974,,0.010378245,0.511409076,,,,,,,,,
,,4.5,,,,0.4,90,R0090,96,RV (P10),RV (P10) 96 HR,Treatment 3,27.69,27.69,,,,,,,,,,,,,,,,,,,,,,,,,,,
,,4.6,,,,0,91,R0091,96,RV (P10),RV (P10) 96 HR,Treatment 3,27.28,27.28,33.8,34.14,34.65,,,,34.19666667,6.916666667,6.916666667,6.916666667,0.008277055,0.008277055,,0.008277055,0.008277055,,0.007304694,0.359953638,,,,,,,,,
,,4.7,,,,0.1,91,R0091,96,RV (P10),RV (P10) 96 HR,Treatment 3,27.28,27.28,33.8,33.8,33.8,,,,33.8,6.52,6.52,6.52,0.010896435,0.010896435,,0.010896435,0.010896435,,0.009616358,0.473865545,,,,,,,,,
,,4.8,,,,0.2,91,R0091,96,RV (P10),RV (P10) 96 HR,Treatment 3,27.28,27.28,34.14,34.14,34.14,,,,34.14,6.86,6.86,6.86,0.008608634,0.008608634,,0.008608634,0.008608634,,0.00759732,0.374373357,,,,,,,,,
,,4.9,,,,0.3,91,R0091,96,RV (P10),RV (P10) 96 HR,Treatment 3,27.28,27.28,34.65,34.65,34.65,,,,34.65,7.37,7.37,7.37,0.006045176,0.006045176,,0.006045176,0.006045176,,0.005335008,0.262893371,,,,,,,,,
,,5,,,,0.4,91,R0091,96,RV (P10),RV (P10) 96 HR,Treatment 3,27.28,27.28,,,,,,,,,,,,,,,,,,,,,,,,,,,
,,5.1,,,,0,92,R0092,24,RV (P10),RV (P10) 24 HR,Treatment 1,29.4135311,29.4135311,29.58657642,30.61990781,31.17575007,,,,30.46074477,1.047213669,0.706104002,0.746115144,0.61297324,0.59620685,,0.48390184,0.48390184,,46.73319455,40.904861,,,,,,,,,
,,5.2,,,,0.1,92,R0092,24,RV (P10),RV (P10) 24 HR,Treatment 1,29.4135311,29.4135311,29.58657642,29.58657642,29.58657642,,,,29.58657642,0.173045322,-0.168064345,-0.128053203,1.123550013,1.092818039,,0.886968441,0.886968441,,85.65966328,74.97661252,,,,,,,,,
,,5.3,,,,0.2,92,R0092,24,RV (P10),RV (P10) 24 HR,Treatment 1,29.4135311,29.4135311,30.61990781,30.61990781,30.61990781,,,,30.61990781,1.206376713,0.865267046,0.905278188,0.548944786,0.533929739,,0.43335561,0.43335561,,41.85165328,36.63212148,,,,,,,,,
,,5.4,,,,0.3,92,R0092,24,RV (P10),RV (P10) 24 HR,Treatment 1,29.4135311,29.4135311,31.17575007,31.17575007,31.17575007,,,,31.17575007,1.762218972,1.421109305,1.461120447,0.373425071,0.363210937,,0.294794401,0.294794401,,28.46999729,24.91935964,,,,,,,,,
,,5.5,,,,0.4,92,R0092,24,RV (P10),RV (P10) 24 HR,Treatment 1,29.4135311,29.4135311,,,,,,,,,,,,,,,,,,,,,,,,,,,
,,5.6,,,,0,93,R0093,48,S/H,S/H 48 HR,Treatment 2,32.10706124,32.10706124,29.51875098,32.01333652,30.28699806,,,,,,,,,,,,,,,,,,,,,,,,
,,5.7,,,,0.1,93,R0093,48,S/H,S/H 48 HR,Treatment 2,32.10706124,32.10706124,29.51875098,29.51875098,29.51875098,,,,,,,,,,,,,,,,,,,,,,,,
,,5.8,,,,0.2,93,R0093,48,S/H,S/H 48 HR,Treatment 2,32.10706124,32.10706124,32.01333652,32.01333652,32.01333652,,,,,,,,,,,,,,,,,,,,,,,,
,,5.9,,,,0.3,93,R0093,48,S/H,S/H 48 HR,Treatment 2,32.10706124,32.10706124,30.28699806,30.28699806,30.28699806,,,,,,,,,,,,,,,,,,,,,,,,
,,6,,,,0.4,93,R0093,48,S/H,S/H 48 HR,Treatment 2,32.10706124,32.10706124,,,,,,,,,,,,,,,,,,,,,,,,,,,
,,6.1,,,,0,94,R0094,24,L/H,L/H 24 HR,Treatment 1,32.20553182,32.20553182,31.43017281,30.95202262,29.81065878,,,,30.73095141,-1.474580412,-1.815690079,-1.775678937,3.520279742,3.423991064,,2.77902808,2.77902808,,268.3867865,234.9149101,,,,,,,,,
,,6.2,,,,0.1,94,R0094,24,L/H,L/H 24 HR,Treatment 1,32.20553182,32.20553182,31.43017281,31.43017281,31.43017281,,,,31.43017281,-0.775359006,-1.116468672,-1.07645753,2.168156164,2.108851533,,1.711615923,1.711615923,,165.3006318,144.6851522,,,,,,,,,
,,6.3,,,,0.2,94,R0094,24,L/H,L/H 24 HR,Treatment 1,32.20553182,32.20553182,30.95202262,30.95202262,30.95202262,,,,30.95202262,-1.253509194,-1.59461886,-1.554607719,3.020147186,2.937538415,,2.384206497,2.384206497,,230.2565868,201.5401208,,,,,,,,,
,,6.4,,,,0.3,94,R0094,24,L/H,L/H 24 HR,Treatment 1,32.20553182,32.20553182,29.81065878,29.81065878,29.81065878,,,,29.81065878,-2.394873036,-2.735982703,-2.695971561,6.662126291,6.479900053,,5.259308177,5.259308177,,507.9217555,444.5762591,,,,,,,,,
,,6.5,,,,0.4,94,R0094,24,L/H,L/H 24 HR,Treatment 1,32.20553182,32.20553182,,,,,,,,,,,,,,,,,,,,,,,,,,,
,,6.6,,,,0,95,R0095,24,L/H,L/H 24 HR,Treatment 1,29.93160021,29.93160021,29.95876179,31.74007989,38.56673676,,,,33.42185948,3.490259267,3.1491496,3.189160742,0.112722733,0.109639477,,0.088987144,0.088987144,,8.59400226,7.522200682,,,,,,,,,
,,6.7,,,,0.1,95,R0095,24,L/H,L/H 24 HR,Treatment 1,29.93160021,29.93160021,29.95876179,29.95876179,29.95876179,,,,29.95876179,0.027161579,-0.313948088,-0.273936946,1.243104938,1.20910283,,0.981349149,0.981349149,,94.77455316,82.95473829,,,,,,,,,
,,6.8,,,,0.2,95,R0095,24,L/H,L/H 24 HR,Treatment 1,29.93160021,29.93160021,31.74007989,31.74007989,31.74007989,,,,31.74007989,1.808479678,1.467370011,1.507381153,0.361640959,0.351749151,,0.285491624,0.285491624,,27.57157439,24.13298361,,,,,,,,,
,,6.9,,,,0.3,95,R0095,24,L/H,L/H 24 HR,Treatment 1,29.93160021,29.93160021,38.56673676,38.56673676,38.56673676,,,,38.56673676,8.635136543,8.294026876,8.334038018,0.003186025,0.003098879,,0.002515156,0.002515156,,0.242903112,0.212609434,,,,,,,,,
,,7,,,,0.4,95,R0095,24,L/H,L/H 24 HR,Treatment 1,29.93160021,29.93160021,,,,,,,,,,,,,,,,,,,,,,,,,,,
,,7.1,,,,0,96,R0096,48,L/H,L/H 48 HR,Treatment 2,29.4861728,29.4861728,30.79483763,30.46404867,32.20170297,,,,31.15352976,1.667356961,1.667356961,1.667356961,0.314829588,0.314829588,,0.314829588,0.314829588,,0.350986136,21.87105008,,,,,,,,,
,,7.2,,,,0.1,96,R0096,48,L/H,L/H 48 HR,Treatment 2,29.4861728,29.4861728,30.79483763,30.79483763,30.79483763,,,,30.79483763,1.308664834,1.308664834,1.308664834,0.403694312,0.403694312,,0.403694312,0.403694312,,0.450056514,28.04443691,,,,,,,,,
,,7.3,,,,0.2,96,R0096,48,L/H,L/H 48 HR,Treatment 2,29.4861728,29.4861728,30.46404867,30.46404867,30.46404867,,,,30.46404867,0.977875873,0.977875873,0.977875873,0.507726732,0.507726732,,0.507726732,0.507726732,,0.566036518,35.27151581,,,,,,,,,
,,7.4,,,,0.3,96,R0096,48,L/H,L/H 48 HR,Treatment 2,29.4861728,29.4861728,32.20170297,32.20170297,32.20170297,,,,32.20170297,2.715530177,2.715530177,2.715530177,0.152245324,0.152245324,,0.152245324,0.152245324,,0.169729911,10.5764046,,,,,,,,,
,,7.5,,,,0.4,96,R0096,48,L/H,L/H 48 HR,Treatment 2,29.4861728,29.4861728,,,,,,,,,,,,,,,,,,,,,,,,,,,
,,7.6,,,,0,97,R0097,48,L/H,L/H 48 HR,Treatment 2,30.29623588,30.29623588,32.33314623,31.63042402,32.28144269,,,,32.08167098,1.785435103,1.785435103,1.785435103,0.290088477,0.290088477,,0.290088477,0.290088477,,0.323403637,20.15229781,,,,,,,,,
,,7.7,,,,0.1,97,R0097,48,L/H,L/H 48 HR,Treatment 2,30.29623588,30.29623588,32.33314623,32.33314623,32.33314623,,,,32.33314623,2.036910355,2.036910355,2.036910355,0.243685049,0.243685049,,0.243685049,0.243685049,,0.271671015,16.92867544,,,,,,,,,
,,7.8,,,,0.2,97,R0097,48,L/H,L/H 48 HR,Treatment 2,30.29623588,30.29623588,31.63042402,31.63042402,31.63042402,,,,31.63042402,1.334188147,1.334188147,1.334188147,0.396615194,0.396615194,,0.396615194,0.396615194,,0.442164396,27.55265422,,,,,,,,,
,,7.9,,,,0.3,97,R0097,48,L/H,L/H 48 HR,Treatment 2,30.29623588,30.29623588,32.28144269,32.28144269,32.28144269,,,,32.28144269,1.985206809,1.985206809,1.985206809,0.252576652,0.252576652,,0.252576652,0.252576652,,0.281583773,17.54637055,,,,,,,,,
,,8,,,,0.4,97,R0097,48,L/H,L/H 48 HR,Treatment 2,30.29623588,30.29623588,,,,,,,,,,,,,,,,,,,,,,,,,,,
,,8.1,,,,0,98,R0098,96,L/H,L/H 96 HR,Treatment 3,29.45122802,29.45122802,30.68242284,30.27623915,30.12310252,,,,30.36058817,0.909360146,0.909360146,0.909360146,0.532421175,0.532421175,,0.532421175,0.532421175,,0.469874085,23.15399968,,,,,,,,,
,,8.2,,,,0.1,98,R0098,96,L/H,L/H 96 HR,Treatment 3,29.45122802,29.45122802,30.68242284,30.68242284,30.68242284,,,,30.68242284,1.231194817,1.231194817,1.231194817,0.425964523,0.425964523,,0.425964523,0.425964523,,0.37592361,18.52439929,,,,,,,,,
,,8.3,,,,0.2,98,R0098,96,L/H,L/H 96 HR,Treatment 3,29.45122802,29.45122802,30.27623915,30.27623915,30.27623915,,,,30.27623915,0.825011124,0.825011124,0.825011124,0.56447785,0.56447785,,0.56447785,0.56447785,,0.498164847,24.54808446,,,,,,,,,
,,8.4,,,,0.3,98,R0098,96,L/H,L/H 96 HR,Treatment 3,29.45122802,29.45122802,30.12310252,30.12310252,30.12310252,,,,30.12310252,0.671874497,0.671874497,0.671874497,0.627690597,0.627690597,,0.627690597,0.627690597,,0.553951569,27.29708844,,,,,,,,,
,,8.5,,,,0.4,98,R0098,96,L/H,L/H 96 HR,Treatment 3,29.45122802,29.45122802,,,,,,,,,,,,,,,,,,,,,,,,,,,
,,8.6,,,,0,99,R0099,96,L/H,L/H 96 HR,Treatment 3,31.42722645,31.42722645,33.28709565,33.18275192,33.65288926,,,,33.37424561,1.947019159,1.947019159,1.947019159,0.25935154,0.25935154,,0.25935154,0.25935154,,0.228883773,11.27871272,,,,,,,,,
,,8.7,,,,0.1,99,R0099,96,L/H,L/H 96 HR,Treatment 3,31.42722645,31.42722645,33.28709565,33.28709565,33.28709565,,,,33.28709565,1.859869195,1.859869195,1.859869195,0.275501257,0.275501257,,0.275501257,0.275501257,,0.243136274,11.98103365,,,,,,,,,
,,8.8,,,,0.2,99,R0099,96,L/H,L/H 96 HR,Treatment 3,31.42722645,31.42722645,33.18275192,33.18275192,33.18275192,,,,33.18275192,1.755525471,1.755525471,1.755525471,0.296165301,0.296165301,,0.296165301,0.296165301,,0.261372775,12.87967425,,,,,,,,,
,,8.9,,,,0.3,99,R0099,96,L/H,L/H 96 HR,Treatment 3,31.42722645,31.42722645,33.65288926,33.65288926,33.65288926,,,,33.65288926,2.225662811,2.225662811,2.225662811,0.213800508,0.213800508,,0.213800508,0.213800508,,0.188683927,9.297783671,,,,,,,,,
,,9,,,,0.4,99,R0099,96,L/H,L/H 96 HR,Treatment 3,31.42722645,31.42722645,,,,,,,,,,,,,,,,,,,,,,,,,,,
,,9.1,,,,,,,,,,,,,,,,,,,,,,,,,,,,,,,,,,,,,,,
,,9.2,,,,,,,,,,,,,,,,,,,,,,,,,,,,,,,,,,,,,,,
,,9.3,,,,,,,,,,,,,,,,,,,,,,,,,,,,,,,,,,,,,,,
,,9.4,,,,,,,,,,,,,,,,,,,,,,,,,,,,,,,,,,,,,,,
,,9.5,,,,,,,,,,,,,,,,,,,,,,,,,,,,,,,,,,,,,,,
,,9.6,,,,,,,,,,,,,,,,,,,,,,,,,,,,,,,,,,,,,,,
,,9.7,,,,,,,,,,,,,,,,,,,,,,,,,,,,,,,,,,,,,,,
,,9.8,,,,,,,,,,,,,,,,,,,,,,,,,,,,,,,,,,,,,,,
,,9.9,,,,,,,,,,,,,,,,,,,,,,,,,,,,,,,,,,,,,,,
,,10,,,,,,,,,,,,,,,,,,,,,,,,,,,,,,,,,,,,,,,
,,10.1,,,,,,,,,,,,,,,,,,,,,,,,,,,,,,,,,,,,,,,
,,,,,,,,,,,,,,,,,,,,,,,,,,,,,,,,,,,,,,,,,
,,,,,,,,,,,,,,,,,,,,,,,,,,,,,,,,,,,,,,,,,
,,,,,,,,,,,,,,,,,,,,,,,,,,,,,,,,,,,,,,,,,
,,,,,,,,,,,,,,,,,,,,,,,,,,,,,,,,,,,,,,,,,
,,,,,,,,,,,,,,,,,,,,,,,,,,,,,,,,,,,,,,,,,
,,,,,,,,,,,,,,,,,,,,,,,,,,,,,,,,,,,,,,,,,
,,,,,,,,,,,,,,,,,,,,,,,,,,,,,,,,,,,,,,,,,
,,,,,,,,,,,,,,,,,,,,,,,,,,,,,,,,,,,,,,,,,
,,,,,,,,,,,,,,,,,,,,,,,,,,,,,,,,,,,,,,,,,
,,,,,,,,,,,,,,,,,,,,,,,,,,,,,,,,,,,,,,,,,
,,,,,,,,,,,,,,,,,,,,,,,,,,,,,,,,,,,,,,,,,
,,,,,,,,,,,,,,,,,,,,,,,,,,,,,,,,,,,,,,,,,
,,,,,,,,,,,,,,,,,,,,,,,,,,,,,,,,,,,,,,,,,
,,,,,,,,,,,,,,,,,,,,,,,,,,,,,,,,,,,,,,,,,
,,,,,,,,,,,,,,,,,,,,,,,,,,,,,,,,,,,,,,,,,
,,,,,,,,,,,,,,,,,,,,,,,,,,,,,,,,,,,,,,,,,
,,,,,,,,,,,,,,,,,,,,,,,,,,,,,,,,,,,,,,,,,
,,,,,,,,,,,,,,,,,,,,,,,,,,,,,,,,,,,,,,,,,
,,,,,,,,,,,,,,,,,,,,,,,,,,,,,,,,,,,,,,,,,
,,,,,,,,,,,,,,,,,,,,,,,,,,,,,,,,,,,,,,,,,
,,,,,,,,,,,,,,,,,,,,,,,,,,,,,,,,,,,,,,,,,
,,,,,,,,,,,,,,,,,,,,,,,,,,,,,,,,,,,,,,,,,
,,,,,,,,,,,,,,,,,,,,,,,,,,,,,,,,,,,,,,,,,
,,,,,,,,,,,,,,,,,,,,,,,,,,,,,,,,,,,,,,,,,
,,,,,,,,,,,,,,,,,,,,,,,,,,,,,,,,,,,,,,,,,
,,,,,,,,,,,,,,,,,,,,,,,,,,,,,,,,,,,,,,,,,
,,,,,,,,,,,,,,,,,,,,,,,,,,,,,,,,,,,,,,,,,
,,,,,,,,,,,,,,,,,,,,,,,,,,,,,,,,,,,,,,,,,
,,,,,,,,,,,,,,,,,,,,,,,,,,,,,,,,,,,,,,,,,
,,,,,,,,,,,,,,,,,,,,,,,,,,,,,,,,,,,,,,,,,
,,,,,,,,,,,,,,,,,,,,,,,,,,,,,,,,,,,,,,,,,
,,,,,,,,,,,,,,,,,,,,,,,,,,,,,,,,,,,,,,,,,
,,,,,,,,,,,,,,,,,,,,,,,,,,,,,,,,,,,,,,,,,
,,,,,,,,,,,,,,,,,,,,,,,,,,,,,,,,,,,,,,,,,
,,,,,,,,,,,,,,,,,,,,,,,,,,,,,,,,,,,,,,,,,
,,,,,,,,,,,,,,,,,,,,,,,,,,,,,,,,,,,,,,,,,
,,,,,,,,,,,,,,,,,,,,,,,,,,,,,,,,,,,,,,,,,
,,,,,,,,,,,,,,,,,,,,,,,,,,,,,,,,,,,,,,,,,
,,,,,,,,,,,,,,,,,,,,,,,,,,,,,,,,,,,,,,,,,
,,,,,,,,,,,,,,,,,,,,,,,,,,,,,,,,,,,,,,,,,
,,,,,,,,,,,,,,,,,,,,,,,,,,,,,,,,,,,,,,,,,
,,,,,,,,,,,,,,,,,,,,,,,,,,,,,,,,,,,,,,,,,
,,,,,,,,,,,,,,,,,,,,,,,,,,,,,,,,,,,,,,,,,
,,,,,,,,,,,,,,,,,,,,,,,,,,,,,,,,,,,,,,,,,
,,,,,,,,,,,,,,,,,,,,,,,,,,,,,,,,,,,,,,,,,
,,,,,,,,,,,,,,,,,,,,,,,,,,,,,,,,,,,,,,,,,
,,,,,,,,,,,,,,,,,,,,,,,,,,,,,,,,,,,,,,,,,
,,,,,,,,,,,,,,,,,,,,,,,,,,,,,,,,,,,,,,,,,
,,,,,,,,,,,,,,,,,,,,,,,,,,,,,,,,,,,,,,,,,
,,,,,,,,,,,,,,,,,,,,,,,,,,,,,,,,,,,,,,,,,
,,,,,,,,,,,,,,,,,,,,,,,,,,,,,,,,,,,,,,,,,
,,,,,,,,,,,,,,,,,,,,,,,,,,,,,,,,,,,,,,,,,
,,,,,,,,,,,,,,,,,,,,,,,,,,,,,,,,,,,,,,,,,
,,,,,,,,,,,,,,,,,,,,,,,,,,,,,,,,,,,,,,,,,
,,,,,,,,,,,,,,,,,,,,,,,,,,,,,,,,,,,,,,,,,
,,,,,,,,,,,,,,,,,,,,,,,,,,,,,,,,,,,,,,,,,
,,,,,,,,,,,,,,,,,,,,,,,,,,,,,,,,,,,,,,,,,
,,,,,,,,,,,,,,,,,,,,,,,,,,,,,,,,,,,,,,,,,
,,,,,,,,,,,,,,,,,,,,,,,,,,,,,,,,,,,,,,,,,
,,,,,,,,,,,,,,,,,,,,,,,,,,,,,,,,,,,,,,,,,
,,,,,,,,,,,,,,,,,,,,,,,,,,,,,,,,,,,,,,,,,
,,,,,,,,,,,,,,,,,,,,,,,,,,,,,,,,,,,,,,,,,
,,,,,,,,,,,,,,,,,,,,,,,,,,,,,,,,,,,,,,,,,
,,,,,,,,,,,,,,,,,,,,,,,,,,,,,,,,,,,,,,,,,
,,,,,,,,,,,,,,,,,,,,,,,,,,,,,,,,,,,,,,,,,
,,,,,,,,,,,,,,,,,,,,,,,,,,,,,,,,,,,,,,,,,
,,,,,,,,,,,,,,,,,,,,,,,,,,,,,,,,,,,,,,,,,
,,,,,,,,,,,,,,,,,,,,,,,,,,,,,,,,,,,,,,,,,
,,,,,,,,,,,,,,,,,,,,,,,,,,,,,,,,,,,,,,,,,
,,,,,,,,,,,,,,,,,,,,,,,,,,,,,,,,,,,,,,,,,
,,,,,,,,,,,,,,,,,,,,,,,,,,,,,,,,,,,,,,,,,
,,,,,,,,,,,,,,,,,,,,,,,,,,,,,,,,,,,,,,,,,
,,,,,,,,,,,,,,,,,,,,,,,,,,,,,,,,,,,,,,,,,
,,,,,,,,,,,,,,,,,,,,,,,,,,,,,,,,,,,,,,,,,
,,,,,,,,,,,,,,,,,,,,,,,,,,,,,,,,,,,,,,,,,
,,,,,,,,,,,,,,,,,,,,,,,,,,,,,,,,,,,,,,,,,
,,,,,,,,,,,,,,,,,,,,,,,,,,,,,,,,,,,,,,,,,
,,,,,,,,,,,,,,,,,,,,,,,,,,,,,,,,,,,,,,,,,
,,,,,,,,,,,,,,,,,,,,,,,,,,,,,,,,,,,,,,,,,
,,,,,,,,,,,,,,,,,,,,,,,,,,,,,,,,,,,,,,,,,
,,,,,,,,,,,,,,,,,,,,,,,,,,,,,,,,,,,,,,,,,
,,,,,,,,,,,,,,,,,,,,,,,,,,,,,,,,,,,,,,,,,
,,,,,,,,,,,,,,,,,,,,,,,,,,,,,,,,,,,,,,,,,
,,,,,,,,,,,,,,,,,,,,,,,,,,,,,,,,,,,,,,,,,
,,,,,,,,,,,,,,,,,,,,,,,,,,,,,,,,,,,,,,,,,
,,,,,,,,,,,,,,,,,,,,,,,,,,,,,,,,,,,,,,,,,
,,,,,,,,,,,,,,,,,,,,,,,,,,,,,,,,,,,,,,,,,
,,,,,,,,,,,,,,,,,,,,,,,,,,,,,,,,,,,,,,,,,
,,,,,,,,,,,,,,,,,,,,,,,,,,,,,,,,,,,,,,,,,
,,,,,,,,,,,,,,,,,,,,,,,,,,,,,,,,,,,,,,,,,
,,,,,,,,,,,,,,,,,,,,,,,,,,,,,,,,,,,,,,,,,
,,,,,,,,,,,,,,,,,,,,,,,,,,,,,,,,,,,,,,,,,
,,,,,,,,,,,,,,,,,,,,,,,,,,,,,,,,,,,,,,,,,
,,,,,,,,,,,,,,,,,,,,,,,,,,,,,,,,,,,,,,,,,
,,,,,,,,,,,,,,,,,,,,,,,,,,,,,,,,,,,,,,,,,
,,,,,,,,,,,,,,,,,,,,,,,,,,,,,,,,,,,,,,,,,
,,,,,,,,,,,,,,,,,,,,,,,,,,,,,,,,,,,,,,,,,
,,,,,,,,,,,,,,,,,,,,,,,,,,,,,,,,,,,,,,,,,
,,,,,,,,,,,,,,,,,,,,,,,,,,,,,,,,,,,,,,,,,
,,,,,,,,,,,,,,,,,,,,,,,,,,,,,,,,,,,,,,,,,
,,,,,,,,,,,,,,,,,,,,,,,,,,,,,,,,,,,,,,,,,
,,,,,,,,,,,,,,,,,,,,,,,,,,,,,,,,,,,,,,,,,
,,,,,,,,,,,,,,,,,,,,,,,,,,,,,,,,,,,,,,,,,
,,,,,,,,,,,,,,,,,,,,,,,,,,,,,,,,,,,,,,,,,
,,,,,,,,,,,,,,,,,,,,,,,,,,,,,,,,,,,,,,,,,
,,,,,,,,,,,,,,,,,,,,,,,,,,,,,,,,,,,,,,,,,
,,,,,,,,,,,,,,,,,,,,,,,,,,,,,,,,,,,,,,,,,
,,,,,,,,,,,,,,,,,,,,,,,,,,,,,,,,,,,,,,,,,
,,,,,,,,,,,,,,,,,,,,,,,,,,,,,,,,,,,,,,,,,
,,,,,,,,,,,,,,,,,,,,,,,,,,,,,,,,,,,,,,,,,
,,,,,,,,,,,,,,,,,,,,,,,,,,,,,,,,,,,,,,,,,
,,,,,,,,,,,,,,,,,,,,,,,,,,,,,,,,,,,,,,,,,
,,,,,,,,,,,,,,,,,,,,,,,,,,,,,,,,,,,,,,,,,
,,,,,,,,,,,,,,,,,,,,,,,,,,,,,,,,,,,,,,,,,
,,,,,,,,,,,,,,,,,,,,,,,,,,,,,,,,,,,,,,,,,
,,,,,,,,,,,,,,,,,,,,,,,,,,,,,,,,,,,,,,,,,
,,,,,,,,,,,,,,,,,,,,,,,,,,,,,,,,,,,,,,,,,
,,,,,,,,,,,,,,,,,,,,,,,,,,,,,,,,,,,,,,,,,
,,,,,,,,,,,,,,,,,,,,,,,,,,,,,,,,,,,,,,,,,
,,,,,,,,,,,,,,,,,,,,,,,,,,,,,,,,,,,,,,,,,
,,,,,,,,,,,,,,,,,,,,,,,,,,,,,,,,,,,,,,,,,
,,,,,,,,,,,,,,,,,,,,,,,,,,,,,,,,,,,,,,,,,
,,,,,,,,,,,,,,,,,,,,,,,,,,,,,,,,,,,,,,,,,
,,,,,,,,,,,,,,,,,,,,,,,,,,,,,,,,,,,,,,,,,
,,,,,,,,,,,,,,,,,,,,,,,,,,,,,,,,,,,,,,,,,
,,,,,,,,,,,,,,,,,,,,,,,,,,,,,,,,,,,,,,,,,
,,,,,,,,,,,,,,,,,,,,,,,,,,,,,,,,,,,,,,,,,
,,,,,,,,,,,,,,,,,,,,,,,,,,,,,,,,,,,,,,,,,
,,,,,,,,,,,,,,,,,,,,,,,,,,,,,,,,,,,,,,,,,
,,,,,,,,,,,,,,,,,,,,,,,,,,,,,,,,,,,,,,,,,
,,,,,,,,,,,,,,,,,,,,,,,,,,,,,,,,,,,,,,,,,
,,,,,,,,,,,,,,,,,,,,,,,,,,,,,,,,,,,,,,,,,
,,,,,,,,,,,,,,,,,,,,,,,,,,,,,,,,,,,,,,,,,
,,,,,,,,,,,,,,,,,,,,,,,,,,,,,,,,,,,,,,,,,
,,,,,,,,,,,,,,,,,,,,,,,,,,,,,,,,,,,,,,,,,
,,,,,,,,,,,,,,,,,,,,,,,,,,,,,,,,,,,,,,,,,
,,,,,,,,,,,,,,,,,,,,,,,,,,,,,,,,,,,,,,,,,
,,,,,,,,,,,,,,,,,,,,,,,,,,,,,,,,,,,,,,,,,
,,,,,,,,,,,,,,,,,,,,,,,,,,,,,,,,,,,,,,,,,
,,,,,,,,,,,,,,,,,,,,,,,,,,,,,,,,,,,,,,,,,
,,,,,,,,,,,,,,,,,,,,,,,,,,,,,,,,,,,,,,,,,
,,,,,,,,,,,,,,,,,,,,,,,,,,,,,,,,,,,,,,,,,
,,,,,,,,,,,,,,,,,,,,,,,,,,,,,,,,,,,,,,,,,
,,,,,,,,,,,,,,,,,,,,,,,,,,,,,,,,,,,,,,,,,
,,,,,,,,,,,,,,,,,,,,,,,,,,,,,,,,,,,,,,,,,
,,,,,,,,,,,,,,,,,,,,,,,,,,,,,,,,,,,,,,,,,
,,,,,,,,,,,,,,,,,,,,,,,,,,,,,,,,,,,,,,,,,
,,,,,,,,,,,,,,,,,,,,,,,,,,,,,,,,,,,,,,,,,
,,,,,,,,,,,,,,,,,,,,,,,,,,,,,,,,,,,,,,,,,
,,,,,,,,,,,,,,,,,,,,,,,,,,,,,,,,,,,,,,,,,
,,,,,,,,,,,,,,,,,,,,,,,,,,,,,,,,,,,,,,,,,
,,,,,,,,,,,,,,,,,,,,,,,,,,,,,,,,,,,,,,,,,
,,,,,,,,,,,,,,,,,,,,,,,,,,,,,,,,,,,,,,,,,
,,,,,,,,,,,,,,,,,,,,,,,,,,,,,,,,,,,,,,,,,
,,,,,,,,,,,,,,,,,,,,,,,,,,,,,,,,,,,,,,,,,
,,,,,,,,,,,,,,,,,,,,,,,,,,,,,,,,,,,,,,,,,
,,,,,,,,,,,,,,,,,,,,,,,,,,,,,,,,,,,,,,,,,
,,,,,,,,,,,,,,,,,,,,,,,,,,,,,,,,,,,,,,,,,
,,,,,,,,,,,,,,,,,,,,,,,,,,,,,,,,,,,,,,,,,
,,,,,,,,,,,,,,,,,,,,,,,,,,,,,,,,,,,,,,,,,
,,,,,,,,,,,,,,,,,,,,,,,,,,,,,,,,,,,,,,,,,
,,,,,,,,,,,,,,,,,,,,,,,,,,,,,,,,,,,,,,,,,
,,,,,,,,,,,,,,,,,,,,,,,,,,,,,,,,,,,,,,,,,
,,,,,,,,,,,,,,,,,,,,,,,,,,,,,,,,,,,,,,,,,
,,,,,,,,,,,,,,,,,,,,,,,,,,,,,,,,,,,,,,,,,
,,,,,,,,,,,,,,,,,,,,,,,,,,,,,,,,,,,,,,,,,
,,,,,,,,,,,,,,,,,,,,,,,,,,,,,,,,,,,,,,,,,
,,,,,,,,,,,,,,,,,,,,,,,,,,,,,,,,,,,,,,,,,
,,,,,,,,,,,,,,,,,,,,,,,,,,,,,,,,,,,,,,,,,
,,,,,,,,,,,,,,,,,,,,,,,,,,,,,,,,,,,,,,,,,
,,,,,,,,,,,,,,,,,,,,,,,,,,,,,,,,,,,,,,,,,
,,,,,,,,,,,,,,,,,,,,,,,,,,,,,,,,,,,,,,,,,
,,,,,,,,,,,,,,,,,,,,,,,,,,,,,,,,,,,,,,,,,
,,,,,,,,,,,,,,,,,,,,,,,,,,,,,,,,,,,,,,,,,
,,,,,,,,,,,,,,,,,,,,,,,,,,,,,,,,,,,,,,,,,
,,,,,,,,,,,,,,,,,,,,,,,,,,,,,,,,,,,,,,,,,
,,,,,,,,,,,,,,,,,,,,,,,,,,,,,,,,,,,,,,,,,
,,,,,,,,,,,,,,,,,,,,,,,,,,,,,,,,,,,,,,,,,
,,,,,,,,,,,,,,,,,,,,,,,,,,,,,,,,,,,,,,,,,
,,,,,,,,,,,,,,,,,,,,,,,,,,,,,,,,,,,,,,,,,
,,,,,,,,,,,,,,,,,,,,,,,,,,,,,,,,,,,,,,,,,
,,,,,,,,,,,,,,,,,,,,,,,,,,,,,,,,,,,,,,,,,
,,,,,,,,,,,,,,,,,,,,,,,,,,,,,,,,,,,,,,,,,
,,,,,,,,,,,,,,,,,,,,,,,,,,,,,,,,,,,,,,,,,
,,,,,,,,,,,,,,,,,,,,,,,,,,,,,,,,,,,,,,,,,
,,,,,,,,,,,,,,,,,,,,,,,,,,,,,,,,,,,,,,,,,
