Pup_ID,Slide_Number,SlideNumber,Surg_Grp,PerfusionPoint,PhysioTime,RV-Rel-Time,Post-Natal_Age,MatchGrp,MatchTime,Index,Match,Sample_TYP,GRP_NUM,Cage,Wgt,Lngth_cm,UG_lng_mm,Stomach_content,Stomach_Num,Sex,Sex_Num,Pinchresponse,Pinch_Response/Activity,Response_Num,CompBook,Behavioral_Blinder,FileName,Behavioral_Blinder,FileName,Behavioral_Blinder,FileName,Behavioral_Blinder,FileName,Behavioral_Blinder,FileName,Behavioral_Blinder,FileName,Gestational_Age,Weight_0,Lng_0,UG_0,,Gestational_Age,Weight_24,Lng_24,UG_24,,Gestational_Age,Weight_48,Lng_48,UG_48,,Gestational_Age,Weight_96,Lng_96,UG_96,,,,,,,,,,
05.21.012.,05.21.012.,,L/N,48 HR,48,,11,4,8,11,Pass,,3,NA,NA,NA,NA,NA,NA,NA,NA,NA,NA,NA,NA,NA,NA,,,,,,,,,,,,,,,,,,,,,,,,,,,,,,,,,,,,,,,
06.08.009.,06.08.009.,,L/N,48 HR,48,,11,4,8,11,Pass,,3,NA,NA,NA,NA,NA,NA,NA,NA,NA,NA,NA,NA,NA,NA,,,,,,,,,,,,,,,,,,,,,,,,,,,,,,,,,,,,,,,
07.10.20.18.,07.10.20.18.,,L/N,48 HR,48,,11,4,8,11,Pass,,3,NA,NA,NA,NA,NA,NA,NA,NA,NA,NA,NA,NA,NA,NA,,,,,,,,,,,,,,,,,,,,,,,,,,,,,,,,,,,,,,,
07.10.20.15.,07.10.20.15.,,L/N,48 HR,48,,11,4,8,11,Pass,,3,NA,NA,NA,NA,NA,NA,NA,NA,NA,NA,NA,NA,NA,NA,,,,,,,,,,,,,,,,,,,,,,,,,,,,,,,,,,,,,,,
07.29.20.,07.29.20.,,DBX,48 HR,48,,11,11,8,12,Fail,,SpeciesError,NA,NA,NA,NA,NA,NA,NA,NA,NA,NA,NA,NA,NA,NA,,,,,,,,,,,,,,,,,,,,,,,,,,,,,,,,,,,,,,,
08.24.20.,08.24.20.,,DBX,48 HR,48,,11,11,8,12,Fail,,SpeciesError,NA,NA,NA,NA,NA,NA,NA,NA,NA,NA,NA,NA,NA,NA,,,,,,,,,,,,,,,,,,,,,,,,,,,,,,,,,,,,,,,
MH003,1003,3,S/N,48 HR,48,,11,5,8,11,Pass,,1,NA,NA,NA,NA,NA,NA,NA,NA,NA,NA,NA,NA,NA,NA,,,,,,,,,,,,,,,,,,,,,,,,,,,,,,,,,,,,,,,
MH005,1005,5,S/N,48 HR,48,,11,5,8,11,Pass,,1,NA,NA,NA,NA,NA,NA,NA,NA,NA,NA,NA,NA,NA,NA,,,,,,,,,,,,,,,,,,,,,,,,,,,,,,,,,,,,,,,
MH001,1001,1,S/N,48 HR,48,,11,5,8,11,Pass,,1,NA,NA,NA,NA,NA,NA,NA,NA,NA,NA,NA,NA,NA,NA,,,,,,,,,,,,,,,,,,,,,,,,,,,,,,,,,,,,,,,
MH022,1022,22,S/N,48 HR,48,,11,5,8,11,Pass,,1,NA,NA,NA,NA,NA,NA,NA,NA,NA,NA,NA,NA,NA,NA,,,,,,,,,,,,,,,,,,,,,,,,,,,,,,,,,,,,,,,
MH025,1025,25,S/N,48 HR,48,,11,5,8,11,Pass,,1,NA,NA,NA,NA,NA,NA,NA,NA,NA,NA,NA,NA,NA,NA,,,,,,,,,,,,,,,,,,,,,,,,,,,,,,,,,,,,,,,
MH027,1027,27,S/N,48 HR,48,,11,5,8,11,Pass,,1,NA,NA,NA,NA,NA,NA,NA,NA,NA,NA,NA,NA,NA,NA,,,,,,,,,,,,,,,,,,,,,,,,,,,,,,,,,,,,,,,
MH046,1046,46,S/H,48 HR,48,,11,3,8,11,Pass,,2,NA,NA,NA,NA,NA,NA,NA,NA,NA,NA,NA,NA,NA,NA,,,,,,,,,,,,,,,,,,,,,,,,,,,,,,,,,,,,,,,
MH049,1049,49,S/H,48 HR,48,,11,3,8,11,Pass,,2,NA,NA,NA,NA,NA,NA,NA,NA,NA,NA,NA,NA,NA,NA,,,,,,,,,,,,,,,,,,,,,,,,,,,,,,,,,,,,,,,
MH053,1053,53,S/H,48 HR,48,,11,3,8,11,Pass,,2,NA,NA,NA,NA,NA,NA,NA,NA,NA,NA,NA,NA,NA,NA,,,,,,,,,,,,,,,,,,,,,,,,,,,,,,,,,,,,,,,
MH058,1058,58,S/H,48 HR,48,,11,3,8,11,Pass,,2,NA,NA,NA,NA,NA,NA,NA,NA,NA,NA,NA,NA,NA,NA,,,,,,,,,,,,,,,,,,,,,,,,,,,,,,,,,,,,,,,
MH061,1061,61,L/H,48 HR,48,,11,2,8,11,Pass,,4,NA,NA,NA,NA,NA,NA,NA,NA,NA,NA,NA,NA,NA,NA,,,,,,,,,,,,,,,,,,,,,,,,,,,,,,,,,,,,,,,
MH063,1063,63,L/H,48 HR,48,,11,2,8,11,Pass,,4,NA,NA,NA,NA,NA,NA,NA,NA,NA,NA,NA,NA,NA,NA,,,,,,,,,,,,,,,,,,,,,,,,,,,,,,,,,,,,,,,
MH064,1064,64,L/H,48 HR,48,,11,2,8,11,Pass,,4,NA,NA,NA,NA,NA,NA,NA,NA,NA,NA,NA,NA,NA,NA,,,,,,,,,,,,,,,,,,,,,,,,,,,,,,,,,,,,,,,
MH065,1065,65,L/H,48 HR,48,,11,2,8,11,Pass,,4,NA,NA,NA,NA,NA,NA,NA,NA,NA,NA,NA,NA,NA,NA,,,,,,,,,,,,,,,,,,,,,,,,,,,,,,,,,,,,,,,
MH073,1073,73,L/H,48 HR,48,,11,2,8,11,Pass,,4,NA,NA,NA,NA,NA,NA,NA,NA,NA,NA,NA,NA,NA,NA,,,,,,,,,,,,,,,,,,,,,,,,,,,,,,,,,,,,,,,
MH074,1074,74,L/H,48 HR,48,,11,2,8,11,Pass,,4,NA,NA,NA,NA,NA,NA,NA,NA,NA,NA,NA,NA,NA,NA,,,,,,,,,,,,,,,,,,,,,,,,,,,,,,,,,,,,,,,
MH075,1075,75,L/H,48 HR,48,,11,2,8,11,Pass,,4,NA,NA,NA,NA,NA,NA,NA,NA,NA,NA,NA,NA,NA,NA,,,,,,,,,,,,,,,,,,,,,,,,,,,,,,,,,,,,,,,
MH078,1078,78,S/H,48 HR,48,,11,3,8,11,Pass,,2,NA,NA,NA,NA,NA,NA,NA,NA,NA,NA,NA,NA,NA,NA,,,,,,,,,,,,,,,,,,,,,,,,,,,,,,,,,,,,,,,
MH085,1085,85,S/H,48 HR,48,,11,3,8,11,Pass,,2,NA,NA,NA,NA,NA,NA,NA,NA,NA,NA,NA,NA,NA,NA,,,,,,,,,,,,,,,,,,,,,,,,,,,,,,,,,,,,,,,
MH095,1095,95,L/N,48 HR,48,,11,4,8,11,Pass,,3,NA,NA,NA,NA,NA,NA,NA,NA,NA,NA,NA,NA,NA,NA,,,,,,,,,,,,,,,,,,,,,,,,,,,,,,,,,,,,,,,
MH097,1097,97,L/N,48 HR,48,,11,4,8,11,Pass,,3,NA,NA,NA,NA,NA,NA,NA,NA,NA,NA,NA,NA,NA,NA,,,,,,,,,,,,,,,,,,,,,,,,,,,,,,,,,,,,,,,
MH101,1101,101,L/N,48 HR,48,,11,4,8,11,Pass,,3,NA,NA,NA,NA,NA,NA,NA,NA,NA,NA,NA,NA,NA,NA,,,,,,,,,,,,,,,,,,,,,,,,,,,,,,,,,,,,,,,
MH130,1130,130,N,48 HR,48,,12,8,8,11,Fail,,0,11,6.09,9,3,Y,1,M,0,R,Rapid,5,TH03.022-023,1516,BH1516,,,0,,,,,,,,,,,,,,,,,,,,,,,,,,,,,,,,,,,,
MH131,1131,131,N,48 HR,48,,12,8,8,11,Fail,,0,11,6.19,8.9,4,Y,1,M,0,R,Rapid,5,TH03.022-023,1958,BH1958,,,,,,,,,,,,,,,,,,,,,,,,,,,,,,,,,,,,,,,
MH132,1132,132,N,48 HR,48,,12,8,8,11,Fail,,0,11,6.18,8.8,4,Y,1,M,0,R,Rapid,5,TH03.022-023,1425,BH1425,,,,,,,,,,,,,,,,,,,,,,,,,,,,,,,,,,,,,,,
MH133,1133,133,N,48 HR,48,,12,8,8,11,Fail,,0,11,5.94,9.1,3,N,0,M,0,R,Rapid,5,TH03.022-023,1939,BH1939,,,,,,,,,,,,,,,,,,,,,,,,,,,,,,,,,,,,,,,
MH134,1134,134,N,48 HR,48,,12,8,8,11,Fail,,0,11,5.75,8.9,4,N,0,M,0,L,Lathargic,1,TH03.022-023,1113,BH1113,,,,,,,,,,,,,,,,,,,,,,,,,,,,,,,,,,,,,,,
MH135,1135,135,N,48 HR,48,,12,8,8,11,Fail,,0,11,5.8,8.8,4,N,0,M,0,R,Rapid,5,TH03.022-023,1397,BH1397,,,,,,,,,,,,,,,,,,,,,,,,,,,,,,,,,,,,,,,
MH136,1136,136,N,48 HR,48,,12,8,8,11,Fail,,0,11,6.48,9,2,Y,1,F,1,R,Rapid,5,TH03.022-023,1402,BH1402,,,,,,,,,,,,,,,,,,,,,,,,,,,,,,,,,,,,,,,
MH137,1137,137,N,48 HR,48,,12,8,8,11,Fail,,0,11,5.75,8,2,N,0,F,1,R,Rapid,5,TH03.022-023,1871,BH1871,,,,,,,,,,,,,,,,,,,,,,,,,,,,,,,,,,,,,,,
MH138,1138,138,N,48 HR,48,,12,8,8,11,Fail,,0,11,6.7,8.9,2,Y,1,F,1,M,Moderate,3,TH03.022-023,1999,BH1999,,,,,,,,,,,,,,,,,,,,,,,,,,,,,,,,,,,,,,,
MH139,1139,139,N,48 HR,48,,12,8,8,11,Fail,,0,11,6.8,9,4,Y,1,M,0,R,Rapid,5,TH03.022-023,1501,BH1501,,,,,,,,,,,,,,,,,,,,,,,,,,,,,,,,,,,,,,,
MH140,1140,140,N,48 HR,48,,12,8,8,11,Fail,,0,11,6.28,9.1,4,N,0,M,0,L,Lathargic,1,TH03.022-023,1564,BH1564,,,,,,,,,,,,,,,,,,,,,,,,,,,,,,,,,,,,,,,
MH141,1141,141,N,48 HR,48,,12,8,8,11,Fail,,0,11,5,8.2,2,N,0,F,1,R,Rapid,5,TH03.022-023,1095,BH1095,,,,,,,,,,,,,,,,,,,,,,,,,,,,,,,,,,,,,,,
MH142,1142,142,N,48 HR,48,,12,8,8,11,Fail,,0,11,5.96,8.5,4,N,0,M,0,L,Lathargic,1,TH03.022-023,1204,BH1204,,,,,,,,,,,,,,,,,,,,,,,,,,,,,,,,,,,,,,,
MH144,1144,144,L/H,48 HR,48,,11,2,8,11,Pass,,4,12,4.72,7.8,2,N,0,F,1,R,Jerky,5,TH03.022-023,1325,BH1325,,,,,,,,,,,,,,,,,,,,,,,,,,,,,,,,,,,,,,,
MH145,1145,145,L/H,48 HR,48,,11,2,8,11,Pass,,4,12,3.88,7.6,1.5,N,0,F,1,R,Jumpy,5,TH03.022-023,1369,BH1369,,,,,,,,,,,,,,,,,,,,,,,,,,,,,,,,,,,,,,,
MH146,1146,146,L/H,48 HR,48,,11,2,8,11,Pass,,4,12,3.74,7.3,,N,0,M,0,L,Lathargic,1,TH03.022-023,1646,BH1646,,,,,,,,,,,,,,,,,,,,,,,,,,,,,,,,,,,,,,,
MH147,1147,147,L/H,48 HR,48,,11,2,8,11,Pass,,4,12,4.35,7.7,3,N,0,M,0,L,Lathargic,1,TH03.022-023,1546,BH1546,,,,,,,,,,,,,,,,,,,,,,,,,,,,,,,,,,,,,,,
MH148,1148,148,L/N,48 HR,48,,11,4,8,11,Pass,,3,13,1.92,5.5,1,N,0,F,1,R,Rapid,5,TH03.022-023,1508,BH1508,,,,,,,,,,,,,,,,,,,,,,,,,,,,,,,,,,,,,,,
MH150,1150,150,L/H,48 HR,48,,11,2,8,11,Pass,,4,20,N/A,N/A,N/A,N,0,M,0,N/A,N/A,0,TH03.041,1653,BH1653,,,,,,,,,,,,,,,,,,,,,,,,,,,,,,,,,,,,,,,
MH151,1151,151,L/H,48 HR,48,,11,2,8,11,Pass,,4,20,2.87,6.6,3,N,0,M,0,R,Hyper,5,TH03.041,1010,BH1010,,,,,,,,,,,,,,,,,,,,,,,,,,,,,,,,,,,,,,,
MH152,1152,152,S/N,48 HR,48,,11,5,8,11,Pass,,1,19,7.42,10.1,5,N,0,M,0,L,Lathargic,1,TH03.041,1353,BH1353,,,,,,,,,,,,,,,,,,,,,,,,,,,,,,,,,,,,,,,
MH153,1153,153,S/N,48 HR,48,,11,5,8,11,Pass,,1,19,6.92,9.6,2.5,N,0,F,1,M,Norm,3,TH03.041,1889,BH1889,,,,,,,,,,,,,,,,,,,,,,,,,,,,,,,,,,,,,,,
MH154,1154,154,S/N,48 HR,48,,11,5,8,11,Pass,,1,19,7.88,10.1,3,N,0,M,0,M,Norm,3,TH03.041,1459,BH1459,,,,,,,,,,,,,,,,,,,,,,,,,,,,,,,,,,,,,,,
MH155,1155,155,S/N,48 HR,48,,11,5,8,11,Pass,,1,19,7.57,9.9,4,N,0,M,0,M,Norm,3,TH03.041,1162,BH1162,,,,,,,,,,,,,,,,,,,,,,,,,,,,,,,,,,,,,,,
MH156,1156,156,S/N,48 HR,48,,11,5,8,11,Pass,,1,19,7.54,10,2,N,0,F,1,R,Hyper,5,TH03.041,1682,BH1682,,,,,,,,,,,,,,,,,,,,,,,,,,,,,,,,,,,,,,,
MH157,1157,157,S/N,48 HR,48,,11,5,8,11,Pass,,1,19,6.55,9.6,4,N,0,M,0,M,Norm,3,TH03.041,1819,BH1819,,,,,,,,,,,,,,,,,,,,,,,,,,,,,,,,,,,,,,,
MH158,1158,158,S/N,48 HR,48,,11,5,8,11,Pass,,1,19,6.45,9.6,2,N,0,F,1,M,Norm,3,TH03.041,1305,BH1305,,,,,,,,,,,,,,,,,,,,,,,,,,,,,,,,,,,,,,,
MH159,1159,159,S/N,48 HR,48,,11,5,8,11,Pass,,1,19,8.14,10.2,4,N,0,M,0,M,Norm,3,TH03.041,1800,BH1800,,,,,,,,,,,,,,,,,,,,,,,,,,,,,,,,,,,,,,,
MH160,1160,160,S/N,48 HR,48,,11,5,8,11,Pass,,1,19,6.35,8.6,2.5,Y,1,F,1,L,Lathargic,1,TH03.041,1703,BH1703,,,,,,,,,,,,,,,,,,,,,,,,,,,,,,,,,,,,,,,
MH161,1161,161,S/N,48 HR,48,,11,5,8,11,Pass,,1,19,8.04,10.4,5,Y,1,M,0,R,Hyper,5,TH03.041,1590,BH1590,,,,,,,,,,,,,,,,,,,,,,,,,,,,,,,,,,,,,,,
MH162,1162,162,S/N,48 HR,48,,11,5,8,11,Pass,,1,19,8.81,10.8,4,Y,1,M,0,R,Hyper,5,TH03.041,1551,BH1551,,,,,,,,,,,,,,,,,,,,,,,,,,,,,,,,,,,,,,,
MH163,1163,163,S/N,48 HR,48,,11,5,8,11,Pass,,1,19,8.66,10.6,4,N,0,M,0,M,Norm,3,TH03.041,1208,BH1208,,,,,,,,,,,,,,,,,,,,,,,,,,,,,,,,,,,,,,,
MH164,1164,164,L/N,96 HR,96,,13,4,10,13,Pass,,3,24,7.637,8.9,4,N,0,M,0,L,Low,1,TH03.046,1355,BH1355,,,,,,,,,,,,,,,,,,,,,,,,,,,,,,,,,,,,,,,
MH165,1165,165,L/N,96 HR,96,,13,4,10,13,Pass,,3,24,6.958,9,2,Y,1,F,1,R,High,5,TH03.046,1556,BH1556,,,,,,,,,,,,,,,,,,,,,,,,,,,,,,,,,,,,,,,
MH166,1166,166,L/N,96 HR,96,,13,4,10,13,Pass,,3,24,7.018,9.2,4,Y,1,M,0,M,Med,3,TH03.046,1161,BH1161,,,,,,,,,,,,,,,,,,,,,,,,,,,,,,,,,,,,,,,
MH167,1167,167,L/N,96 HR,96,,13,4,10,13,Pass,,3,24,6.24,8.8,4,Y,1,M,0,R,High,5,TH03.046,1009,BH1009,,,,,,,,,,,,,,,,,,,,,,,,,,,,,,,,,,,,,,,
MH168,1168,168,L/N,96 HR,96,,13,4,10,13,Pass,,3,24,6.809,9.2,2,Y,1,F,1,L,Low,1,TH03.046,1114,BH1114,,,,,,,,,,,,,,,,,,,,,,,,,,,,,,,,,,,,,,,
MH169,1169,169,L/N,96 HR,96,,13,4,10,13,Pass,,3,24,6.396,8.7,2,Y,1,F,1,M,Med,3,TH03.046,1786,BH1786,,,,,,,,,,,,,,,,,,,,,,,,,,,,,,,,,,,,,,,
MH170,1170,170,L/N,96 HR,96,,13,4,10,13,Pass,,3,24,7.116,9.3,4,N,0,M,0,M,Med,3,TH03.046,1915,BH1915,,,,,,,,,,,,,,,,,,,,,,,,,,,,,,,,,,,,,,,
MH171,1171,171,L/N,96 HR,96,,13,4,10,13,Pass,,3,24,7.083,9.5,5,N,0,M,0,R,High,5,TH03.046,1435,BH1435,,,,,,,,,,,,,,,,,,,,,,,,,,,,,,,,,,,,,,,
MH172,1172,172,L/N,96 HR,96,,13,4,10,13,Pass,,3,24,7.644,9.6,2.5,Y,1,F,1,M,Med,3,TH03.046,1493,BH1493,,,,,,,,,,,,,,,,,,,,,,,,,,,,,,,,,,,,,,,
MH173,1173,173,L/N,96 HR,96,,13,4,10,13,Pass,,3,24,6.591,9.1,3,Y,1,M,0,L,Low,1,TH03.046,1465,BH1465,,,,,,,,,,,,,,,,,,,,,,,,,,,,,,,,,,,,,,,
MH174,1174,174,L/N,96 HR,96,,13,4,10,13,Pass,,3,24,6.454,8.8,4,Y,1,M,0,L,Low,1,TH03.046,1835,BH1835,,,,,,,,,,,,,,,,,,,,,,,,,,,,,,,,,,,,,,,
MH175,1175,175,L/N,96 HR,96,,13,4,10,13,Pass,,3,24,7.33,9.4,2,N,0,F,1,M,Med,3,TH03.046,1713,BH1713,,,,,,,,,,,,,,,,,,,,,,,,,,,,,,,,,,,,,,,
MH180,1180,180,S/H,48 HR,48,,11,3,8,11,Pass,,2,26,3.433,6.8,2,Y,1,M,0,R,Hyper,5,TH03.064,1408,BH1408,,,,,,,,,,,,,,,,,,,,,,,,,,,,,,,,,,,,,,,
MH181,1181,181,S/H,48 HR,48,,11,3,8,11,Pass,,2,26,3.66,7.3,3,Y,1,M,0,M,Mid,3,TH03.064,1212,BH1212,,,,,,,,,,,,,,,,,,,,,,,,,,,,,,,,,,,,,,,
MH182,1182,182,S/H,48 HR,48,,11,3,8,11,Pass,,2,26,3.328,7.4,3,Y,1,M,0,M,Mid,3,TH03.064,1145,BH1145,,,,,,,,,,,,,,,,,,,,,,,,,,,,,,,,,,,,,,,
MH183,1183,183,S/H,48 HR,48,,11,3,8,11,Pass,,2,26,2.649,6.6,2,Y,1,F,1,R,Hyper,5,TH03.064,1220,BH1220,,,,,,,,,,,,,,,,,,,,,,,,,,,,,,,,,,,,,,,
MH184,1184,184,S/H,48 HR,48,,11,3,8,11,Pass,,2,26,1.954,6.4,1,N,0,M,0,M,Mid,3,TH03.064,1049,BH1049,,,,,,,,,,,,,,,,,,,,,,,,,,,,,,,,,,,,,,,
MH185,1185,185,S/H,48 HR,48,,11,3,8,11,Pass,,2,26,3.849,7.4,1.5,Y,1,F,1,M,Mid,3,TH03.064,1423,BH1423,,,,,,,,,,,,,,,,,,,,,,,,,,,,,,,,,,,,,,,
MH186,1186,186,S/H,48 HR,48,,11,3,8,11,Pass,,2,26,4,7.6,3,Y,1,M,0,L,Sadate,1,TH03.064,1511,BH1511,,,,,,,,,,,,,,,,,,,,,,,,,,,,,,,,,,,,,,,
MH187,1187,187,S/H,48 HR,48,,11,3,8,11,Pass,,2,26,2.92,6.8,2.5,Y,1,M,0,R,Hyper,5,TH03.064,1735,BH1735,,,,,,,,,,,,,,,,,,,,,,,,,,,,,,,,,,,,,,,
MH188,1188,188,S/H,48 HR,48,,11,3,8,11,Pass,,2,26,3.506,7.3,1,Y,1,F,1,L,Sadate,1,TH03.064,1789,BH1789,,,,,,,,,,,,,,,,,,,,,,,,,,,,,,,,,,,,,,,
MH189,1189,189,S/H,48 HR,48,,11,3,8,11,Pass,,2,26,3.523,7.1,1.5,Y,1,F,1,M,Mid,3,TH03.064,1253,BH1253,,,,,,,,,,,,,,,,,,,,,,,,,,,,,,,,,,,,,,,
MH190,1190,190,S/H,48 HR,48,,11,3,8,11,Pass,,2,26,3.987,7.6,3.5,Y,1,M,0,R,Hyper,5,TH03.064,1267,BH1267,,,,,,,,,,,,,,,,,,,,,,,,,,,,,,,,,,,,,,,
MH191,1191,191,S/H,48 HR,48,,11,3,8,11,Pass,,2,26,3.898,7.6,2,Y,1,F,1,R,Hyper,5,TH03.064,1898,BH1898,,,,,,,,,,,,,,,,,,,,,,,,,,,,,,,,,,,,,,,
MH192,1192,192,S/H,48 HR,48,,11,3,8,11,Pass,,2,26,3.442,7.3,3,Y,1,M,0,M,Mid,3,TH03.064,1023,BH1023,,,,,,,,,,,,,,,,,,,,,,,,,,,,,,,,,,,,,,,
MH193,1193,193,L/H,48 HR,48,,11,2,8,11,Pass,,4,27,3.87,6.5,3,Y,1,M,0,L,Sadate,1,TH03.064,1470,BH1470,,,,,,,,,,,,,,,,,,,,,,,,,,,,,,,,,,,,,,,
MH194,1194,194,L/H,48 HR,48,,11,2,8,11,Pass,,4,27,3.407,6.9,2,Y,1,F,1,L,Sadate,1,TH03.064,1686,BH1686,,,,,,,,,,,,,,,,,,,,,,,,,,,,,,,,,,,,,,,
MH195,1195,195,L/H,48 HR,48,,11,2,8,11,Pass,,4,27,2.737,5.4,1,N,0,F,1,L,Sadate,1,TH03.064,1387,BH1387,,,,,,,,,,,,,,,,,,,,,,,,,,,,,,,,,,,,,,,
MH196,1196,196,L/H,48 HR,48,,11,2,8,11,Pass,,4,27,2.209,6.1,0.75,N,0,M,0,M,Mid,3,TH03.064,1150,BH1150,,,,,,,,,,,,,,,,,,,,,,,,,,,,,,,,,,,,,,,
MH197,1197,197,L/H,48 HR,48,,11,2,8,11,Pass,,4,27,3.611,7.4,3,Y,1,M,0,L,Sadate,1,TH03.064,1815,BH1815,,,,,,,,,,,,,,,,,,,,,,,,,,,,,,,,,,,,,,,
MH198,1198,198,L/H,48 HR,48,,11,2,8,11,Pass,,4,27,2.983,6.8,3,Y,1,M,0,L,Sadate,1,TH03.064,1485,BH1485,,,,,,,,,,,,,,,,,,,,,,,,,,,,,,,,,,,,,,,
MH199,1199,199,L/H,48 HR,48,,11,2,8,11,Pass,,4,27,3.537,7.5,4,Y,1,M,0,L,Sadate,1,TH03.064,1549,BH1549,,,,,,,,,,,,,,,,,,,,,,,,,,,,,,,,,,,,,,,
MH200,1200,200,L/H,48 HR,48,,11,2,8,11,Pass,,4,27,3.935,7.6,4,Y,1,M,0,L,Sadate,1,TH03.064,1532,BH1532,,,,,,,,,,,,,,,,,,,,,,,,,,,,,,,,,,,,,,,
MH201,1201,201,S/H,48 HR,48,,11,3,8,11,Pass,,2,27,2.35,6.5,1,Y,1,F,1,L,Sadate,1,TH03.064,1271,BH1271,,,,,,,,,,,,,,,,,,,,,,,,,,,,,,,,,,,,,,,
MH202,1202,202,S/H,48 HR,48,,11,3,8,11,Pass,,2,27,1.899,5.5,0.5,N,0,M,0,M,Mid,3,TH03.064,1312,BH1312,,,,,,,,,,,,,,,,,,,,,,,,,,,,,,,,,,,,,,,
MH205,1205,205,N,48 HR,48,,12,8,8,11,Fail,,0,31,1.845,5.4,1,N,0,F,1,L,Lathargic,1,TH03.070,1000,BH1000,,,,,,,,,,,,,,,,,,,,,,,,,,,,,,,,,,,,,,,
MH206,1206,206,N,48 HR,48,,12,8,8,11,Fail,,0,31,1.797,5.6,2,N,0,M,0,L,Lathargic,1,TH03.070,1012,BH1012,,,,,,,,,,,,,,,,,,,,,,,,,,,,,,,,,,,,,,,
MH207,1207,207,N,48 HR,48,,12,8,8,11,Fail,,0,31,1.801,5.8,0.5,N,0,F,1,L,Lathargic,1,TH03.070,1041,BH1041,,,,,,,,,,,,,,,,,,,,,,,,,,,,,,,,,,,,,,,
MH208,1208,208,N,48 HR,48,,12,8,8,11,Fail,,0,31,1.669,5.5,2,N,0,M,0,N/A,Died in weigh boat,0,TH03.070,1321,BH1321,,,,,,,,,,,,,,,,,,,,,,,,,,,,,,,,,,,,,,,
MH215,1215,215,L/H,48 HR,48,,11,2,8,11,Pass,,4,30,4.393,7.2,3,Y,1,M,0,R,Active,5,TH03.070,1763,BH1763,,,,,,,,,,,,,,,,,,,,,,,,,,,,,,,,,,,,,,,
MH216,1216,216,L/H,48 HR,48,,11,2,8,11,Pass,,4,30,4.979,8,2,Y,1,F,1,R,Active,5,TH03.070,1207,BH1207,,,,,,,,,,,,,,,,,,,,,,,,,,,,,,,,,,,,,,,
MH217,1217,217,L/H,48 HR,48,,11,2,8,11,Pass,,4,30,5.273,8.2,3,Y,1,M,0,R,Active,5,TH03.070,1605,BH1605,,,,,,,,,,,,,,,,,,,,,,,,,,,,,,,,,,,,,,,
MH218,1218,218,L/H,48 HR,48,,11,2,8,11,Pass,,4,30,5.494,8.2,2,Y,1,F,1,R,Active,5,TH03.070,1457,BH1457,,,,,,,,,,,,,,,,,,,,,,,,,,,,,,,,,,,,,,,
MH219,1219,219,L/H,48 HR,48,,11,2,8,11,Pass,,4,30,4.873,7.9,2,Y,1,F,1,R,Active,5,TH03.070,1585,BH1585,,,,,,,,,,,,,,,,,,,,,,,,,,,,,,,,,,,,,,,
MH210,1210,210,L/H,48 HR,48,,11,2,8,11,Pass,,4,30,3.997,7.5,1.5,Y,1,F,1,R,Active,5,TH03.070,1147,BH1147,,,,,,,,,,,,,,,,,,,,,,,,,,,,,,,,,,,,,,,
MH211,1211,211,L/H,48 HR,48,,11,2,8,11,Pass,,4,30,4.426,7.7,3,Y,1,M,0,R,Active,5,TH03.070,1244,BH1244,,,,,,,,,,,,,,,,,,,,,,,,,,,,,,,,,,,,,,,
MH220,1220,220,L/H,48 HR,48,,11,2,8,11,Pass,,4,34,2.394,6.2,3,Y,1,M,0,L,Lathargic,1,TH03.078,1904,BH1904,,,,,,,,,,,,,,,,,,,,,,,,,,,,,,,,,,,,,,,
MH221,1221,221,L/H,48 HR,48,,11,2,8,11,Pass,,4,34,2.67,6.1,2,N,0,M,0,L,Lathargic,1,TH03.078,1371,BH1371,,,,,,,,,,,,,,,,,,,,,,,,,,,,,,,,,,,,,,,
MH222,1222,222,L/H,48 HR,48,,11,2,8,11,Pass,,4,34,2.316,6.2,2,Y,1,M,0,L,Lathargic,1,TH03.078,1935,BH1935,,,,,,,,,,,,,,,,,,,,,,,,,,,,,,,,,,,,,,,
MH223,1223,223,L/H,48 HR,48,,11,2,8,11,Pass,,4,34,2.703,7.3,2.5,N,0,M,0,L,Lathargic,1,TH03.078,1836,BH1836,,,,,,,,,,,,,,,,,,,,,,,,,,,,,,,,,,,,,,,
MH224,1224,224,L/H,48 HR,48,,11,2,8,11,Pass,,4,34,2.578,6.5,3,N,0,M,0,M,Mid,3,TH03.078,1828,BH1828,,,,,,,,,,,,,,,,,,,,,,,,,,,,,,,,,,,,,,,
MH225,1225,225,S/H,48 HR,48,,11,3,8,11,Pass,,2,35,2.943,6.6,1.5,N,0,F,1,R,High,5,TH03.078,1867,BH1867,,,,,,,,,,,,,,,,,,,,,,,,,,,,,,,,,,,,,,,
MH226,1226,226,S/H,48 HR,48,,11,3,8,11,Pass,,2,35,3.147,6.3,1,Y,1,F,1,R,High,5,TH03.078,1705,BH1705,,,,,,,,,,,,,,,,,,,,,,,,,,,,,,,,,,,,,,,
MH227,1227,227,S/H,48 HR,48,,11,3,8,11,Pass,,2,35,3.376,6.9,1.5,Y,1,F,1,R,High,5,TH03.078,1775,BH1775,,,,,,,,,,,,,,,,,,,,,,,,,,,,,,,,,,,,,,,
MH228,1228,228,S/H,48 HR,48,,11,3,8,11,Pass,,2,35,3.585,6.4,3,Y,1,M,0,M,Mid,3,TH03.078,1087,BH1087,,,,,,,,,,,,,,,,,,,,,,,,,,,,,,,,,,,,,,,
MH229,1229,229,S/H,48 HR,48,,11,3,8,11,Pass,,2,35,3.75,6.9,1,Y,1,F,1,R,High,5,TH03.078,1812,BH1812,,,,,,,,,,,,,,,,,,,,,,,,,,,,,,,,,,,,,,,
MH230,1230,230,L/H,48 HR,48,,11,2,8,11,Pass,,4,36,2.583,6.2,3,Y,1,M,0,L,Lathargic,1,TH03.096,1900,BH1900,,,,,,,,,,,,,,,,,,,,,,,,,,,,,,,,,,,,,,,
MH231,1231,231,L/H,48 HR,48,,11,2,8,11,Pass,,4,36,3.374,6.7,2,Y,1,F,1,M,Mid,3,TH03.096,1543,BH1543,,,,,,,,,,,,,,,,,,,,,,,,,,,,,,,,,,,,,,,
MH232,1232,232,L/H,48 HR,48,,11,2,8,11,Pass,,4,36,2.645,6.7,3,N,0,M,0,L,Lathargic,1,TH03.096,1729,BH1729,,,,,,,,,,,,,,,,,,,,,,,,,,,,,,,,,,,,,,,
MH233,1233,233,L/H,48 HR,48,,11,2,8,11,Pass,,4,36,3.58,7.1,3,Y,1,M,0,R,Acive,5,TH03.096,1443,BH1443,,,,,,,,,,,,,,,,,,,,,,,,,,,,,,,,,,,,,,,
MH234,1234,234,L/H,48 HR,48,,11,2,8,11,Pass,,4,36,2.907,6.8,4,Y,1,M,0,M,Mid,3,TH03.096,1033,BH1033,,,,,,,,,,,,,,,,,,,,,,,,,,,,,,,,,,,,,,,
MH235,1235,235,L/H,48 HR,48,,11,2,8,11,Pass,,4,36,3.933,7.2,3,Y,1,M,0,M,Mid/Hyper,3,TH03.096,1081,BH1081,,,,,,,,,,,,,,,,,,,,,,,,,,,,,,,,,,,,,,,
MH236,1236,236,L/H,48 HR,48,,11,2,8,11,Pass,,4,36,2.927,6.9,1.5,N,0,F,1,,,,TH03.096,1189,BH1189,,,,,,,,,,,,,,,,,,,,,,,,,,,,,,,,,,,,,,,
MH237,1237,237,L/H,48 HR,48,,11,2,8,11,Pass,,4,36,1.706,3.3,2,N,0,F,1,L,Lathargic,1,TH03.096,1396,BH1396,,,,,,,,,,,,,,,,,,,,,,,,,,,,,,,,,,,,,,,
MH238,1238,238,N,48 HR,48,,12,8,8,11,Fail,,0,37,6.863,8.8,2,Y,1,F,1,R,Active,5,TH03.096,1547,BH1547,,,,,,,,,,,,,,,,,,,,,,,,,,,,,,,,,,,,,,,
MH239,1239,239,N,48 HR,48,,12,8,8,11,Fail,,0,37,7.29,9.2,4,Y,1,M,0,R,Hyper,5,TH03.096,1074,BH1074,,,,,,,,,,,,,,,,,,,,,,,,,,,,,,,,,,,,,,,
MH240,1240,240,N,48 HR,48,,12,8,8,11,Fail,,0,37,6.901,9.2,4,Y,1,M,0,R,Hyper,5,TH03.096,1444,BH1444,,,,,,,,,,,,,,,,,,,,,,,,,,,,,,,,,,,,,,,
MH241,1241,241,N,48 HR,48,,12,8,8,11,Fail,,0,37,6.771,8.9,2,Y,1,F,1,M,Mid,3,TH03.096,1772,BH1772,,,,,,,,,,,,,,,,,,,,,,,,,,,,,,,,,,,,,,,
MH242,1242,242,N,48 HR,48,,12,8,8,11,Fail,,0,37,6.838,8.7,4,Y,1,M,0,R,Hyper,5,TH03.096,1460,BH1460,,,,,,,,,,,,,,,,,,,,,,,,,,,,,,,,,,,,,,,
MH243,1243,243,N,48 HR,48,,12,8,8,11,Fail,,0,43,6.382,8.6,3,Y,1,F,1,L,Lathargic,1,TH03.096,1718,BH1718,,,,,,,,,,,,,,,,,,,,,,,,,,,,,,,,,,,,,,,
MH244,1244,244,N,48 HR,48,,12,8,8,11,Fail,,0,43,6.292,8.4,4,Y,1,M,0,R,Hyper,5,TH03.096,1816,BH1816,,,,,,,,,,,,,,,,,,,,,,,,,,,,,,,,,,,,,,,
MH245,1245,245,N,48 HR,48,,12,8,8,11,Fail,,0,43,6.775,9.2,4,Y,1,M,0,R,Active,5,TH03.096,1955,BH1955,,,,,,,,,,,,,,,,,,,,,,,,,,,,,,,,,,,,,,,
MH246,1246,246,N,48 HR,48,,12,8,8,11,Fail,,0,43,6.95,9.5,5,Y,1,M,0,R,Acitve,5,TH03.096,1429,BH1429,,,,,,,,,,,,,,,,,,,,,,,,,,,,,,,,,,,,,,,
MH247,1247,247,N,48 HR,48,,12,8,8,11,Fail,,0,43,6.029,8.9,4,Y,1,M,0,M,Mid,3,TH03.096,1700,BH1700,,,,,,,,,,,,,,,,,,,,,,,,,,,,,,,,,,,,,,,
MH248,1248,248,N,48 HR,48,,12,8,8,11,Fail,,0,43,6.627,8.9,4,Y,1,M,0,R,Active,5,TH03.096,1304,BH1304,,,,,,,,,,,,,,,,,,,,,,,,,,,,,,,,,,,,,,,
MH249,1249,249,N,48 HR,48,,12,8,8,11,Fail,,0,43,6.63,8.9,2,Y,1,F,1,R,Active,5,TH03.096,1601,BH1601,,,,,,,,,,,,,,,,,,,,,,,,,,,,,,,,,,,,,,,
MH250,1250,250,N,48 HR,48,,12,8,8,11,Fail,,0,43,5.614,8.8,2,Y,1,F,1,R,Active,5,TH03.096,1829,BH1829,,,,,,,,,,,,,,,,,,,,,,,,,,,,,,,,,,,,,,,
MH251,1251,251,N,48 HR,48,,12,8,8,11,Fail,,0,43,6.503,9.5,5,Y,1,M,0,M,Mid,3,TH03.096,1984,BH1984,,,,,,,,,,,,,,,,,,,,,,,,,,,,,,,,,,,,,,,
MH252,1252,252,N,48 HR,48,,12,8,8,11,Fail,,0,44,3.592,6.9,3,Y,1,M,0,R,Active,5,TH03.096,1503,BH1503,,,,,,,,,,,,,,,,,,,,,,,,,,,,,,,,,,,,,,,
MH253,1253,253,S/H,48 HR,48,,11,3,8,11,Pass,,2,44,4.029,7.5,4,Y,1,M,0,R,Hyper,5,TH03.096,1746,BH1746,,,,,,,,,,,,,,,,,,,,,,,,,,,,,,,,,,,,,,,
MH254,1254,254,S/H,48 HR,48,,11,3,8,11,Pass,,2,44,3.637,7.3,2,Y,1,F,1,M,Mid,3,TH03.096,1964,BH1964,,,,,,,,,,,,,,,,,,,,,,,,,,,,,,,,,,,,,,,
MH255,1255,255,S/H,48 HR,48,,11,3,8,11,Pass,,2,44,3.657,6.7,1,Y,1,M,0,L,Lathargic,1,TH03.096,1621,BH1621,,,,,,,,,,,,,,,,,,,,,,,,,,,,,,,,,,,,,,,
MH256,1256,256,S/H,48 HR,48,,11,3,8,11,Pass,,2,44,3.129,6.6,3,N,0,M,0,L,Lathargic,1,TH03.096,1512,BH1512,,,,,,,,,,,,,,,,,,,,,,,,,,,,,,,,,,,,,,,
MH257,1257,257,S/H,48 HR,48,,11,3,8,11,Pass,,2,44,2.851,6,2,N,0,M,0,L,Lathargic,1,TH03.096,1656,BH1656,,,,,,,,,,,,,,,,,,,,,,,,,,,,,,,,,,,,,,,
MH260,1260,260,N,48 HR,48,,12,8,8,11,Fail,,0,39,8.149,9.3,2.5,Y,1,F,1,R,Active,5,TH03.109,1676,BH1676,,,,,,,,,,,,,,,,,,,,,,,,,,,,,,,,,,,,,,,
MH261,1261,261,N,48 HR,48,,12,8,8,11,Fail,,0,39,7.215,9.7,2,Y,1,F,1,L,Lathargic,1,TH03.109,1155,BH1155,,,,,,,,,,,,,,,,,,,,,,,,,,,,,,,,,,,,,,,
MH262,1262,262,N,48 HR,48,,12,8,8,11,Fail,,0,39,6.391,8.9,4,Y,1,M,0,R,Active,5,TH03.109,1677,BH1677,,,,,,,,,,,,,,,,,,,,,,,,,,,,,,,,,,,,,,,
MH263,1263,263,N,48 HR,48,,12,8,8,11,Fail,,0,39,6.714,8.7,3,Y,1,F,1,R,Active,5,TH03.109,1198,BH1198,,,,,,,,,,,,,,,,,,,,,,,,,,,,,,,,,,,,,,,
MH264,1264,264,N,48 HR,48,,12,8,8,11,Fail,,0,39,6.787,8.8,4,Y,1,M,0,R,Active,5,TH03.109,1495,BH1495,,,,,,,,,,,,,,,,,,,,,,,,,,,,,,,,,,,,,,,
MH265,1265,265,N,48 HR,48,,12,8,8,11,Fail,,0,39,7.83,8.7,2.5,Y,1,F,1,R,Active,5,TH03.109,1441,BH1441,,,,,,,,,,,,,,,,,,,,,,,,,,,,,,,,,,,,,,,
MH266,1266,266,N,48 HR,48,,12,8,8,11,Fail,,0,39,7.149,9.3,2,Y,1,F,1,L,Lethargic,1,TH03.109,1603,BH1603,,,,,,,,,,,,,,,,,,,,,,,,,,,,,,,,,,,,,,,
MH267,1267,267,N,48 HR,48,,12,8,8,11,Fail,,0,39,6.984,8.9,2,Y,1,F,1,R,Active,5,TH03.109,1715,BH1715,,,,,,,,,,,,,,,,,,,,,,,,,,,,,,,,,,,,,,,
MH268,1268,268,N,48 HR,48,,12,8,8,11,Fail,,0,39,6.564,8.9,5,Y,1,M,0,R,Active,5,TH03.109,1753,BH1753,,,,,,,,,,,,,,,,,,,,,,,,,,,,,,,,,,,,,,,
MH269,1269,269,N,48 HR,48,,12,8,8,11,Fail,,0,39,6.758,8.1,4,N,0,M,0,L,Lethargic,1,TH03.109,1047,BH1047,,,,,,,,,,,,,,,,,,,,,,,,,,,,,,,,,,,,,,,
MH270,1270,270,N,48 HR,48,,12,8,8,11,Fail,,0,39,6.294,8.4,3,Y,1,M,0,R,Active,5,TH03.109,1744,BH1744,,,,,,,,,,,,,,,,,,,,,,,,,,,,,,,,,,,,,,,
MH271,1271,271,N,48 HR,48,,12,8,8,11,Fail,,0,39,7.164,9.2,3,Y,1,F,1,R,Active,5,TH03.109,1159,BH1159,,,,,,,,,,,,,,,,,,,,,,,,,,,,,,,,,,,,,,,
MH272,1272,272,N,48 HR,48,,12,8,8,11,Fail,,0,39,6.74,9.1,3,Y,1,F,1,R,Active,5,TH03.109,1098,BH1098,,,,,,,,,,,,,,,,,,,,,,,,,,,,,,,,,,,,,,,
MH273,1273,273,L/H,48 HR,48,,11,2,8,11,Pass,,4,41,3.482,7.8,2.5,Y,1,M,0,R,Hyper Active,5,TH03.109,1540,BH1540,,,,,,,,,,,,,,,,,,,,,,,,,,,,,,,,,,,,,,,
MH274,1274,274,L/H,48 HR,48,,11,2,8,11,Pass,,4,41,3.859,7.2,2,Y,1,F,1,R,Hyper Active,5,TH03.109,1858,BH1858,,,,,,,,,,,,,,,,,,,,,,,,,,,,,,,,,,,,,,,
MH275,1275,275,L/H,48 HR,48,,11,2,8,11,Pass,,4,41,4.939,7.6,3,Y,1,M,0,L,Lethargic,1,TH03.109,1956,BH1956,,,,,,,,,,,,,,,,,,,,,,,,,,,,,,,,,,,,,,,
MH276,1276,276,L/H,48 HR,48,,11,2,8,11,Pass,,4,41,4.009,7.2,2.5,Y,1,M,0,R,Active,5,TH03.109,1250,BH1250,,,,,,,,,,,,,,,,,,,,,,,,,,,,,,,,,,,,,,,
MH277,1277,277,L/H,48 HR,48,,11,2,8,11,Pass,,4,41,3.715,6.9,2,N,0,M,0,L,Lethargic,1,TH03.109,1352,BH1352,,,,,,,,,,,,,,,,,,,,,,,,,,,,,,,,,,,,,,,
MH278,1278,278,L/H,48 HR,48,,11,2,8,11,Pass,,4,41,4.563,7.4,2,Y,1,M,0,L,Lethargic,1,TH03.109,1892,BH1892,,,,,,,,,,,,,,,,,,,,,,,,,,,,,,,,,,,,,,,
MH279,1279,279,L/H,48 HR,48,,11,2,8,11,Pass,,4,41,3.918,6.9,3,Y,1,M,0,L,Lethargic,1,TH03.109,1242,BH1242,,,,,,,,,,,,,,,,,,,,,,,,,,,,,,,,,,,,,,,
MH280,1280,280,L/H,48 HR,48,,11,2,8,11,Pass,,4,41,3.049,6.4,2,N,0,M,0,L,Sedate,1,TH03.109,1784,BH1784,,,,,,,,,,,,,,,,,,,,,,,,,,,,,,,,,,,,,,,
MH282,1282,282,N,48 HR,48,,12,8,8,11,Check,,0,39,7.15,9.2,3,Y,1,F,1,R,Active,5,TH03.109,1612,BH1612,,,,,,,,,,,,,,,,,,,,,,,,,,,,,,,,,,,,,,,
RV501,1501,501,RV 10,48 HR,48,,12,6,8,12,Pass,,5,50,6.4311,8.4,4,Y,1,M,0,R,Reactive,5,TH03.132,1627,BH1627,,,,,,,,,,,,,,,,,,,,,,,,,,,,,,,,,,,,,,,
MH290,1290,290,RV 10,48 HR,48,,12,6,8,12,Pass,,5,50,5.7257,7.4,3,Y,1,M,0,R,Reactive,5,TH03.132,1167,BH1167,RV502,,,,,,,,,,,,,,,,,,,,,,,,,,,,,,,,,,,,,,
RV503,1503,503,RV 10,48 HR,48,,12,6,8,12,Pass,,5,50,6.233,N/A,N/A,Y,1,M,0,R,Reactive,5,TH03.132,1382,BH1382,,,,,,,,,,,,,,,,,,,,,,,,,,,,,,,,,,,,,,,
RV504,1504,504,RV 10,48 HR,48,,12,6,8,12,Pass,,5,50,6.4696,N/A,N/A,Y,1,M,0,R,Reactive,5,TH03.132,1491,BH1491,,,,,,,,,,,,,,,,,,,,,,,,,,,,,,,,,,,,,,,
RV505,1505,505,RV 10,48 HR,48,,12,6,8,12,Pass,,5,50,6.161,N/A,N/A,Y,1,M,0,R,Reactive,5,TH03.132,1920,BH1920,,,,,,,,,,,,,,,,,,,,,,,,,,,,,,,,,,,,,,,
MH292,1292,292,RV 10,48 HR,48,,12,6,8,12,Pass,,5,50,5.6655,7.2,3,Y,1,M,0,R,Reactive,5,TH03.132,1949,BH1949,RV506,,,,,,,,,,,,,,,,,,,,,,,,,,,,,,,,,,,,,,
RV507,1507,507,RV 10,48 HR,48,,12,6,8,12,Pass,,5,50,5.7762,N/A,N/A,Y,1,F,1,R,Reactive,5,TH03.132,1201,BH1201,,,,,,,,,,,,,,,,,,,,,,,,,,,,,,,,,,,,,,,
MH291,1291,291,RV 10,48 HR,48,,12,6,8,12,Pass,,5,50,6.4001,8,2,Y,1,F,1,R,Reactive,5,TH03.132,1765,BH1765,RV508,,,,,,,,,,,,,,,,,,,,,,,,,,,,,,,,,,,,,,
MH296,1296,296,RV 10,48 HR,48,,12,6,8,12,Pass,,5,51,6.0106,8.2,2,Y,1,F,1,R,Reactive,5,TH03.132,1576,BH1576,RV511,,,,,,,,,,,,,,,,,,,,,,,,,,,,,,,,,,,,,,
MH297,1297,297,RV 10,48 HR,48,,12,6,8,12,Pass,,5,51,6.71,8.9,4,Y,1,M,0,R,Reactive,5,TH03.132,1662,BH1662,RV512,,,,,,,,,,,,,,,,,,,,,,,,,,,,,,,,,,,,,,
MH295,1295,295,RV 10,48 HR,48,,12,6,8,12,Pass,,5,51,6.21293,8.3,4,Y,1,M,0,R,Reactive,5,TH03.132,1837,BH1837,RV513,,,,,,,,,,,,,,,,,,,,,,,,,,,,,,,,,,,,,,
RV514,1514,514,RV 10,48 HR,48,,12,6,8,12,Pass,,5,51,5.9557,8.5,2,Y,1,F,1,R,Reactive,5,TH03.132,1903,BH1903,,,,,,,,,,,,,,,,,,,,,,,,,,,,,,,,,,,,,,,
MH293,1293,293,RV 10,48 HR,48,,12,6,8,12,Pass,,5,51,6.2219,8.2,3,Y,1,F,1,R,Reactive,5,TH03.132,1707,BH1707,RV515,,,,,,,,,,,,,,,,,,,,,,,,,,,,,,,,,,,,,,
MH294,1294,294,RV 10,48 HR,48,,12,6,8,12,Pass,,5,51,5.8959,7.9,2,Y,1,F,1,R,Reactive,5,TH03.132,1966,BH1966,RV516,,,,,,,,,,,,,,,,,,,,,,,,,,,,,,,,,,,,,,
MH299,1299,299,RV 10,48 HR,48,,12,6,8,12,Pass,,5,52,5.7869,7.8,2,Y,1,F,1,R,Reactive,5,TH03.132,1133,BH1133,RV521,,,,,,,,,,,,,,,,,,,,,,,,,,,,,,,,,,,,,,
MH298,1298,298,RV 10,48 HR,48,,12,6,8,12,Pass,,5,52,5.4336,7.6,3,Y,1,M,0,R,Reactive,5,TH03.132,1777,BH1777,RV522,,,,,,,,,,,,,,,,,,,,,,,,,,,,,,,,,,,,,,
MH300,1300,300,RV 10,48 HR,48,,12,6,8,12,Pass,,5,52,6.1229,7.6,2,Y,1,F,1,R,Reactive,5,TH03.132,1896,BH1896,RV523,,,,,,,,,,,,,,,,,,,,,,,,,,,,,,,,,,,,,,
MH310,1310,310,L/H,48 HR,48,,11,2,8,11,Pass,,4,58,1.9128,5.5,2,Y,1,M,0,N/A,NR,0,TH03.139,1756,BH1756,,,,,,,,,,,,,,,,,,,,,,,,,,,,,,,,,,,,,,,
MH311,1311,311,L/H,48 HR,48,,11,2,8,11,Pass,,4,58,1.57,5.2,1,N,0,F,1,N/A,NR,0,TH03.139,1563,BH1563,,,,,,,,,,,,,,,,,,,,,,,,,,,,,,,,,,,,,,,
MH312,1312,312,L/H,48 HR,48,,11,2,8,11,Pass,,4,58,2.58,6.3,2,Y,1,M,0,N/A,NR,0,TH03.139,1679,BH1679,,,,,,,,,,,,,,,,,,,,,,,,,,,,,,,,,,,,,,,
MH313,1313,313,L/H,48 HR,48,,11,2,8,11,Pass,,4,58,2.149,5.9,1.5,Y,1,M,0,N/A,NR,0,TH03.139,1734,BH1734,,,,,,,,,,,,,,,,,,,,,,,,,,,,,,,,,,,,,,,
MH314,1314,314,L/H,48 HR,48,,11,2,8,11,Pass,,4,58,2.549,5.9,3,Y,1,M,0,N/A,NR,0,TH03.139,1723,BH1723,,,,,,,,,,,,,,,,,,,,,,,,,,,,,,,,,,,,,,,
MH315,1315,315,L/H,48 HR,48,,11,2,8,11,Pass,,4,58,2.333,5.4,1,Y,1,F,1,N/A,NR,0,TH03.139,1494,BH1494,,,,,,,,,,,,,,,,,,,,,,,,,,,,,,,,,,,,,,,
MH316,1316,316,L/H,48 HR,48,,11,2,8,11,Pass,,4,58,2.213,5.9,3,,,M,0,N/A,NR,0,TH03.139,1893,BH1893,,,,,,,,,,,,,,,,,,,,,,,,,,,,,,,,,,,,,,,
MH317,1317,317,L/H,48 HR,48,,11,2,8,11,Pass,,4,58,2.273,6,3,,,M,0,N/A,NR,0,TH03.139,1328,BH1328,,,,,,,,,,,,,,,,,,,,,,,,,,,,,,,,,,,,,,,
MH318,1318,318,L/H,48 HR,48,,11,2,8,11,Pass,,4,58,2.029,5.9,2,,,F,1,N/A,NR,0,TH03.139,1751,BH1751,,,,,,,,,,,,,,,,,,,,,,,,,,,,,,,,,,,,,,,
MH319,1319,319,L/H,48 HR,48,,11,2,8,11,Pass,,4,58,1.998,5.8,3,,,M,0,N/A,NR,0,TH03.139,1231,BH1231,,,,,,,,,,,,,,,,,,,,,,,,,,,,,,,,,,,,,,,
MH325,1325,325,S/H,48 HR,48,,11,3,8,11,Pass,,2,60,3.116,6.8,2,N,0,F,1,N/A,NR,0,TH03.139,1561,BH1561,,,,,,,,,,,,,,,,,,,,,,,,,,,,,,,,,,,,,,,
MH326,1326,326,S/H,48 HR,48,,11,3,8,11,Pass,,2,60,3.889,7.1,2.5,N,0,M,0,N/A,NR,0,TH03.139,1883,BH1883,,,,,,,,,,,,,,,,,,,,,,,,,,,,,,,,,,,,,,,
MH327,1327,327,S/H,48 HR,48,,11,3,8,11,Pass,,2,60,3.55,6.8,2,N,0,F,1,N/A,NR,0,TH03.139,1921,BH1921,,,,,,,,,,,,,,,,,,,,,,,,,,,,,,,,,,,,,,,
MH328,1328,328,S/H,48 HR,48,,11,3,8,11,Pass,,2,60,2.856,7,3,N,0,M,0,N/A,NR,0,TH03.139,1609,BH1609,,,,,,,,,,,,,,,,,,,,,,,,,,,,,,,,,,,,,,,
MH329,1329,329,S/H,48 HR,48,,11,3,8,11,Pass,,2,60,2.928,6.5,3,N,0,M,0,N/A,NR,0,TH03.139,1238,BH1238,,,,,,,,,,,,,,,,,,,,,,,,,,,,,,,,,,,,,,,
MH330,1330,330,S/H,48 HR,48,,11,3,8,11,Pass,,2,60,2.742,6.4,1,N,0,F,1,N/A,NR,0,TH03.139,1179,BH1179,,,,,,,,,,,,,,,,,,,,,,,,,,,,,,,,,,,,,,,
MH331,1331,331,S/H,48 HR,48,,11,3,8,11,Pass,,2,60,3.001,6.75,2,,,M,0,N/A,NR,0,TH03.139,1909,BH1909,,,,,,,,,,,,,,,,,,,,,,,,,,,,,,,,,,,,,,,
MH333,1333,333,S/H,48 HR,48,,11,3,8,11,Pass,,2,60,2.858,7,2,,,M,0,N/A,NR,0,TH03.139,1916,BH1916,,,,,,,,,,,,,,,,,,,,,,,,,,,,,,,,,,,,,,,
MH334,1334,334,S/H,48 HR,48,,11,3,8,11,Pass,,2,60,2.122,6.3,2,,,M/F,1,N/A,NR,0,TH03.139,1320,BH1320,,,,,,,,,,,,,,,,,,,,,,,,,,,,,,,,,,,,,,,
MH340,1340,340,L/H,96 HR,96,,13,2,10,13,Pass,,4,61,3.233,6.75,3,Y,1,F,1,L,Lethargic,1,TH03.143-144,1545,BH1545,,,,,,,,,,,,,,,,,,,,,,,,,,,,,,,,,,,,,,,
MH341,1341,341,L/H,96 HR,96,,13,2,10,13,Pass,,4,61,2.968,6.8,3,Y,1,M,0,M,Moderate,3,TH03.143-144,1683,BH1683,,,,,,,,,,,,,,,,,,,,,,,,,,,,,,,,,,,,,,,
MH342,1342,342,L/H,96 HR,96,,13,2,10,13,Pass,,4,61,3.211,6.95,3,N,0,M,0,M,Moderate,3,TH03.143-144,1638,BH1638,,,,,,,,,,,,,,,,,,,,,,,,,,,,,,,,,,,,,,,
MH343,1343,343,L/H,96 HR,96,,13,2,10,13,Pass,,4,61,3.306,7.1,2,N,0,F,1,R,Active,5,TH03.143-144,1629,BH1629,,,,,,,,,,,,,,,,,,,,,,,,,,,,,,,,,,,,,,,
MH344,1344,344,L/H,96 HR,96,,13,2,10,13,Pass,,4,61,1.6832,5.7,1,,,M,0,,,,TH03.143-144,1806,BH1806,,,,,,,,,,,,,,,,,,,,,,,,,,,,,,,,,,,,,,,
MH345,1345,345,L/H,96 HR,96,,13,2,10,13,Pass,,4,61,2.2162,6.2,1,,,M,0,,,,TH03.143-144,1128,BH1128,,,,,,,,,,,,,,,,,,,,,,,,,,,,,,,,,,,,,,,
MH346,1346,346,L/H,96 HR,96,,13,2,10,13,Pass,,4,61,2.5154,6.1,2,,,M,0,,,,TH03.143-144,1164,BH1164,,,,,,,,,,,,,,,,,,,,,,,,,,,,,,,,,,,,,,,
MH347,1347,347,L/H,96 HR,96,,13,2,10,13,Pass,,4,61,2.4106,6.2,1,,,F,1,,,,TH03.143-144,1003,BH1003,,,,,,,,,,,,,,,,,,,,,,,,,,,,,,,,,,,,,,,
MH348,1348,348,L/H,96 HR,96,,13,2,10,13,Pass,,4,61,2.32,6.4,1,,,M,0,,,,TH03.143-144,1554,BH1554,,,,,,,,,,,,,,,,,,,,,,,,,,,,,,,,,,,,,,,
MH349,1349,349,N,96 HR,96,,14,8,10,13,Fail,,0,63,7.01,9.4,2.5,Y,1,F,1,R,Active,5,TH03.143-144,1799,BH1799,,,,,,,,,,,,,,,,,,,,,,,,,,,,,,,,,,,,,,,
MH350,1350,350,N,96 HR,96,,14,8,10,13,Fail,,0,63,7.978,9.6,5,Y,1,M,0,R,Active,5,TH03.143-144,1934,BH1934,,,,,,,,,,,,,,,,,,,,,,,,,,,,,,,,,,,,,,,
MH351,1351,351,N,96 HR,96,,14,8,10,13,Fail,,0,63,6.98,9.3,3,Y,1,F,1,R,Active,5,TH03.143-144,1261,BH1261,,,,,,,,,,,,,,,,,,,,,,,,,,,,,,,,,,,,,,,
MH352,1352,352,N,96 HR,96,,14,8,10,13,Fail,,0,63,7.805,9.7,5,Y,1,M,0,R,Active,5,TH03.143-144,1620,BH1620,,,,,,,,,,,,,,,,,,,,,,,,,,,,,,,,,,,,,,,
MH353,1353,353,N,96 HR,96,,14,8,10,13,Fail,,0,63,6.5459,9.3,5,,,M,0,,,,TH03.143-144,1021,BH1021,,,,,,,,,,,,,,,,,,,,,,,,,,,,,,,,,,,,,,,
MH354,1354,354,N,96 HR,96,,14,8,10,13,Fail,,0,63,7.4571,10.3,5,,,F,1,,,,TH03.143-144,1583,BH1583,,,,,,,,,,,,,,,,,,,,,,,,,,,,,,,,,,,,,,,
MH355,1355,355,N,96 HR,96,,14,8,10,13,Fail,,0,63,6.7505,9.3,3,,,F,1,,,,TH03.143-144,1606,BH1606,,,,,,,,,,,,,,,,,,,,,,,,,,,,,,,,,,,,,,,
MH356,1356,356,S/H,96 HR,96,,13,3,10,13,Pass,,2,64,4.655,7.3,3,Y,1,M,0,R,Active,5,TH03.143-144,1013,BH1013,,,,,,,,,,,,,,,,,,,,,,,,,,,,,,,,,,,,,,,
MH357,1357,357,S/H,96 HR,96,,13,3,10,13,Pass,,2,64,3.814,7.2,2,Y,1,F,1,R,Active,5,TH03.143-144,1213,BH1213,,,,,,,,,,,,,,,,,,,,,,,,,,,,,,,,,,,,,,,
MH358,1358,358,S/H,96 HR,96,,13,3,10,13,Pass,,2,64,3.998,6.8,3,Y,1,M,0,R,Active,5,TH03.143-144,1331,BH1331,,,,,,,,,,,,,,,,,,,,,,,,,,,,,,,,,,,,,,,
MH359,1359,359,S/H,96 HR,96,,13,3,10,13,Pass,,2,64,3.172,6.4,1,N,0,F,1,R,Active,5,TH03.143-144,1072,BH1072,,,,,,,,,,,,,,,,,,,,,,,,,,,,,,,,,,,,,,,
MH360,1360,360,S/H,96 HR,96,,13,3,10,13,Pass,,2,64,3.8125,7.5,2,,,M,0,L,Lethargic,1,TH03.143-144,1278,BH1278,,,,,,,,,,,,,,,,,,,,,,,,,,,,,,,,,,,,,,,
MH361,1361,361,S/H,96 HR,96,,13,3,10,13,Pass,,2,64,4.3073,7.3,2,,,M,0,L,Lethargic,1,TH03.143-144,1781,BH1781,,,,,,,,,,,,,,,,,,,,,,,,,,,,,,,,,,,,,,,
MH362,1362,362,S/H,96 HR,96,,13,3,10,13,Pass,,2,64,4.0906,7.4,2,,,M,0,L,Lethargic,1,TH03.143-144,1652,BH1652,,,,,,,,,,,,,,,,,,,,,,,,,,,,,,,,,,,,,,,
MH363,1363,363,S/H,96 HR,96,,13,3,10,13,Pass,,2,64,2.5626,6.5,1,,,M,0,L,Lethargic,1,TH03.143-144,1591,BH1591,,,,,,,,,,,,,,,,,,,,,,,,,,,,,,,,,,,,,,,
MH364,1364,364,S/H,96 HR,96,,13,3,10,13,Pass,,2,64,3.1518,6.8,1,,,M,0,L,Lethargic,1,TH03.143-144,1666,BH1666,,,,,,,,,,,,,,,,,,,,,,,,,,,,,,,,,,,,,,,
MH365,1365,365,L-S/N,96 HR,96,,13,10,10,13,Pass,,?,62,3.7593,6.5,2,,,M,0,R,Active,5,TH03.143-144,1342,BH1342,,,,,,,,,,,,,,,,,,,,,,,,,,,,,,,,,,,,,,,
MH366,1366,366,L-S/N,96 HR,96,,13,10,10,13,Pass,,?,62,3.8017,6.6,1,,,M,0,R,Active,5,TH03.143-144,1702,BH1702,,,,,,,,,,,,,,,,,,,,,,,,,,,,,,,,,,,,,,,
MH367,1367,367,L-S/N,96 HR,96,,13,10,10,13,Pass,,?,62,3.3996,6.9,2,,,M,0,R,Active,5,TH03.143-144,1237,BH1237,,,,,,,,,,,,,,,,,,,,,,,,,,,,,,,,,,,,,,,
MH368,1368,368,L-S/N,96 HR,96,,13,10,10,13,Pass,,?,62,3.3747,6,1,,,M,0,R,Active,5,TH03.143-144,1399,BH1399,,,,,,,,,,,,,,,,,,,,,,,,,,,,,,,,,,,,,,,
MH369,1369,369,L-S/N,96 HR,96,,13,10,10,13,Pass,,?,62,3.4571,6.1,2,,,M,0,R,Active,5,TH03.143-144,1832,BH1832,,,,,,,,,,,,,,,,,,,,,,,,,,,,,,,,,,,,,,,
MH370,1370,370,L-S/N,96 HR,96,,13,10,10,13,Pass,,?,62,3.8012,6.5,2,,,M,0,R,Active,5,TH03.143-144,1309,BH1309,,,,,,,,,,,,,,,,,,,,,,,,,,,,,,,,,,,,,,,
MH371,1371,371,L-S/N,96 HR,96,,13,10,10,13,Pass,,?,62,3.5591,6.4,2,,,M,0,R,Active,5,TH03.143-144,1640,BH1640,,,,,,,,,,,,,,,,,,,,,,,,,,,,,,,,,,,,,,,
MH372,1372,372,L-S/N,96 HR,96,,13,10,10,13,Pass,,?,62,3.6463,6.4,2,,,M,0,R,Active,5,TH03.143-144,1215,BH1215,,,,,,,,,,,,,,,,,,,,,,,,,,,,,,,,,,,,,,,
MH373,1373,373,L-S/N,96 HR,96,,13,10,10,13,Pass,,?,62,3.9176,6.6,3,,,M,0,R,Active,5,TH03.143-144,1391,BH1391,,,,,,,,,,,,,,,,,,,,,,,,,,,,,,,,,,,,,,,
MH374,1374,374,L-S/N,96 HR,96,,13,10,10,13,Pass,,?,62,3.6194,6.4,2,,,M,0,R,Active,5,TH03.143-144,1031,BH1031,,,,,,,,,,,,,,,,,,,,,,,,,,,,,,,,,,,,,,,
MH375,1375,375,L-S/N,96 HR,96,,13,10,10,13,Pass,,?,62,4.2178,6.7,3,,,M,0,R,Active,5,TH03.143-144,1235,BH1235,,,,,,,,,,,,,,,,,,,,,,,,,,,,,,,,,,,,,,,
MH376,1376,376,L-S/N,96 HR,96,,13,10,10,13,Pass,,?,62,3.7785,6.3,2,,,M,0,R,Active,5,TH03.143-144,1254,BH1254,,,,,,,,,,,,,,,,,,,,,,,,,,,,,,,,,,,,,,,
MH377,1377,377,L-S/N,96 HR,96,,13,10,10,13,Pass,,?,62,4.1109,6.7,2,,,M,0,R,Active,5,TH03.143-144,1522,BH1522,,,,,,,,,,,,,,,,,,,,,,,,,,,,,,,,,,,,,,,
MH378,1378,378,L-S/N,96 HR,96,,13,10,10,13,Pass,,?,62,3.6974,6.2,2,,,M,0,R,Active,5,TH03.143-144,1105,BH1105,,,,,,,,,,,,,,,,,,,,,,,,,,,,,,,,,,,,,,,
,1,,,#N/A,,,,#N/A,#N/A,#N/A,#N/A,,,,,,2,,,,,,,,,1326,BH1326,,,,,,,,,,,,,,,,,,,,,,,,,,,,,,,,,,,,,,,
MH380,1380,380,L/N,48 HR,48,,11,4,8,11,Pass,,3,66,5.0528,7.2,4,Y (1/2),0,M,0,R,Active,5,TH03.145,1118,BH1118,,,,,,,,,,,,,,,,,,,,,,,,,,,,,,,,,,,,,,,
MH381,1381,381,L/N,48 HR,48,,11,4,8,11,Pass,,3,66,4.8018,7.5,3,Y (1/2),0,M,0,R,Active,5,TH03.145,1039,BH1039,,,,,,,,,,,,,,,,,,,,,,,,,,,,,,,,,,,,,,,
MH382,1382,382,L/N,48 HR,48,,11,4,8,11,Pass,,3,66,4.8875,7.2,3,N,0,M,0,R,Active,5,TH03.145,1654,BH1654,,,,,,,,,,,,,,,,,,,,,,,,,,,,,,,,,,,,,,,
MH383,1383,383,L/N,48 HR,48,,11,4,8,11,Pass,,3,66,4.889,7.2,4,Y,1,M,0,R,Active,5,TH03.145,1249,BH1249,,,,,,,,,,,,,,,,,,,,,,,,,,,,,,,,,,,,,,,
MH384,1384,384,L/N,48 HR,48,,11,4,8,11,Pass,,3,66,5.3337,7.6,3,Y,1,M,0,R,Active,5,TH03.145,1502,BH1502,,,,,,,,,,,,,,,,,,,,,,,,,,,,,,,,,,,,,,,
MH385,1385,385,L/N,48 HR,48,,11,4,8,11,Pass,,3,66,4.7588,7.1,3,Y,1,M,0,R,Active,5,TH03.145,1301,BH1301,,,,,,,,,,,,,,,,,,,,,,,,,,,,,,,,,,,,,,,
MH386,1386,386,L/N,48 HR,48,,11,4,8,11,Pass,IHC,3,66,4.71,7.4,4,N,0,M,0,R,Active,5,TH03.145,1450,BH1450,,,,,,,,,,,,,,,,,,,,,,,,,,,,,,,,,,,,,,,
,1,,,#N/A,,,,#N/A,#N/A,#N/A,#N/A,,,,,,,,,,,,,,,1875,BH1875,,,,,,,,,,,,,,,,,,,,,,,,,,,,,,,,,,,,,,,
MH390,1390,390,N,48 HR,48,,12,8,8,12,Pass,,0,17,6.147,8.4,2,Y,1,F,1,R,Active,5,TH03.147,1064,BH1064,,,,,,,,,,,,,,,,,,,,,,,,,,,,,,,,,,,,,,,
MH391,1391,391,N,48 HR,48,,12,8,8,12,Pass,,0,17,6.5424,8.5,2,Y,1,F,1,R,Active,5,TH03.147,1386,BH1386,,,,,,,,,,,,,,,,,,,,,,,,,,,,,,,,,,,,,,,
MH392,1392,392,RV 10,48 HR,48,,12,6,8,12,Pass,,5,18,5.9092,9.2,3,Y,1,M,0,R,Active,5,TH03.147,1572,BH1572,,,,,,,,,,,,,,,,,,,,,,,,,,,,,,,,,,,,,,,
MH393,1393,393,RV 10,48 HR,48,,12,6,8,12,Pass,,5,18,5.1936,8.8,2,Y,1,F,1,R,Active,5,TH03.147,1618,BH1618,,,,,,,,,,,,,,,,,,,,,,,,,,,,,,,,,,,,,,,
MH394,1394,394,N,48 HR,48,,12,8,8,12,Pass,,0,18,7.3645,9.4,2,N,0,F,1,R,Active,5,TH03.147,1675,BH1675,,,,,,,,,,,,,,,,,,,,,,,,,,,,,,,,,,,,,,,
MH395,1395,395,N,48 HR,48,,12,8,8,12,Pass,,0,18,7.122,9.1,2,N,0,F,1,R,Active,5,TH03.147,1210,BH1210,,,,,,,,,,,,,,,,,,,,,,,,,,,,,,,,,,,,,,,
,1,,,#N/A,,,,#N/A,#N/A,#N/A,#N/A,,,,,,,,,,,,,,,1706,BH1706,,,,,,,,,,,,,,,,,,,,,,,,,,,,,,,,,,,,,,,
MH400,1400,400,L/H,24 HR,24,,10,2,7,10,Pass,,4,2,2.4667,6.3,2,Y (1/2),0,M,0,M,Moderate,3,TH04.005,1077,BH1077,,,,,,,,,,,,,,,,,,,,,,,,,,,,,,,,,,,,,,,
MH401,1401,401,L/H,24 HR,24,,10,2,7,10,Pass,,4,2,2.5743,6.8,2,Y,1,F,1,M,Moderate,3,TH04.005,1448,BH1448,,,,,,,,,,,,,,,,,,,,,,,,,,,,,,,,,,,,,,,
MH402,1402,402,S/H,24 HR,24,,10,3,7,10,Pass,,2,3,2.9639,6.9,3,Y (1/2),0,M,0,M,Moderate,3,TH04.005,1018,BH1018,,,,,,,,,,,,,,,,,,,,,,,,,,,,,,,,,,,,,,,
MH403,1403,403,L/N,24 HR,24,,10,4,7,10,Pass,,3,4,6.0295,7.8,2,Y,1,F,1,R,Active,5,TH04.005,1859,BH1859,,,,,,,,,,,,,,,,,,,,,,,,,,,,,,,,,,,,,,,
MH405,1405,405,L/N,24 HR,24,,10,4,7,10,Pass,,3,4,6.2504,8.5,4,Y (1/2),0,M,0,M,Moderate,3,TH04.005,1971,BH1971,,,,,,,,,,,,,,,,,,,,,,,,,,,,,,,,,,,,,,,
MH406,1406,406,L/H,48 HR,48,,11,2,8,11,Pass,,4,2,2.7433,6.4,2,Y (1/2),0,M,0,R,Active,5,TH04.005,1974,BH1974,,,,,,,,,,,,,,,,,,,,,,,,,,,,,,,,,,,,,,,
MH407,1407,407,L/H,48 HR,48,,11,2,8,11,Pass,,4,2,2.1707,6.2,3,N,0,M,0,R,Active,5,TH04.005,1986,BH1986,,,,,,,,,,,,,,,,,,,,,,,,,,,,,,,,,,,,,,,
MH408,1408,408,L/H,48 HR,48,,11,2,8,11,Pass,,4,2,2.8715,6.7,3,Y,1,M,0,R,Active,5,TH04.005,1392,BH1392,,,,,,,,,,,,,,,,,,,,,,,,,,,,,,,,,,,,,,,
MH409,1409,409,L/H,48 HR,48,,11,2,8,11,Pass,,4,2,2.456,6.4,2,Y,1,M,0,R,Active,5,TH04.005,1542,BH1542,,,,,,,,,,,,,,,,,,,,,,,,,,,,,,,,,,,,,,,
MH410,1410,410,L/H,48 HR,48,,11,2,8,11,Pass,,4,2,2.2987,6.3,2,N,0,M,0,R,Active,5,TH04.005,1520,BH1520,,,,,,,,,,,,,,,,,,,,,,,,,,,,,,,,,,,,,,,
MH411,1411,411,S/H,48 HR,48,,11,3,8,11,Pass,,2,3,2.1672,5.8,1,Y,1,M,0,R,Active,5,TH04.005,1022,BH1022,,,,,,,,,,,,,,,,,,,,,,,,,,,,,,,,,,,,,,,
MH412,1412,412,S/H,48 HR,48,,11,3,8,11,Pass,,2,3,3.082,6.5,3,Y,1,M,0,R,Active,5,TH04.005,1102,BH1102,,,,,,,,,,,,,,,,,,,,,,,,,,,,,,,,,,,,,,,
MH413,1413,413,S/H,48 HR,48,,11,3,8,11,Pass,,2,3,3.7192,6.8,4,Y,1,M,0,R,Active,5,TH04.005,1026,BH1026,,,,,,,,,,,,,,,,,,,,,,,,,,,,,,,,,,,,,,,
MH414,1414,414,S/H,48 HR,48,,11,3,8,11,Pass,,2,3,2.6674,8,1,Y,1,M,0,R,Active,5,TH04.005,1453,BH1453,,,,,,,,,,,,,,,,,,,,,,,,,,,,,,,,,,,,,,,
MH415,1415,415,S/H,48 HR,48,,11,3,8,11,Pass,,2,3,2.3904,6.2,3,Y,1,M,0,R,Active,5,TH04.005,1245,BH1245,,,,,,,,,,,,,,,,,,,,,,,,,,,,,,,,,,,,,,,
MH416,1416,416,L/N,48 HR,48,,11,4,8,11,Pass,,3,4,7.154,8.4,4,Y,1,M,0,R,Active,5,TH04.005,1060,BH1060,,,,,,,,,,,,,,,,,,,,,,,,,,,,,,,,,,,,,,,
MH417,1417,417,L/N,48 HR,48,,11,4,8,11,Pass,,3,4,6.9885,8.3,4,Y,1,M,0,R,Active,5,TH04.005,1481,BH1481,,,,,,,,,,,,,,,,,,,,,,,,,,,,,,,,,,,,,,,
MH418,1418,418,L/N,48 HR,48,,11,4,8,11,Pass,,3,4,6.8478,8.4,2.5,Y,1,F,1,R,Active,5,TH04.005,1498,BH1498,,,,,,,,,,,,,,,,,,,,,,,,,,,,,,,,,,,,,,,
,1,,,#N/A,,,,#N/A,#N/A,#N/A,#N/A,,,,,,,,,,,,,,,1625,BH1625,,,,,,,,,,,,,,,,,,,,,,,,,,,,,,,,,,,,,,,
MH420,1420,420,S/N,24 HR,24,,10,5,7,10,Pass,,1,21,6.78,8.6,4,Y,1,M,0,R,Active,5,TH04.007,1166,BH1166,,,,,,,,,,,,,,,,,,,,,,,,,,,,,,,,,,,,,,,
MH421,1421,421,S/N,24 HR,24,,10,5,7,10,Pass,,1,21,6.228,8.3,2,Y,1,F,1,R,Active,5,TH04.007,1327,BH1327,,,,,,,,,,,,,,,,,,,,,,,,,,,,,,,,,,,,,,,
MH422,1422,422,S/N,48 HR,48,,11,5,8,11,Pass,,1,21,7.0092,8.2,2,Y,1,F,1,R,Active,5,TH04.007,1877,BH1877,,,,,,,,,,,,,,,,,,,,,,,,,,,,,,,,,,,,,,,
MH423,1423,423,S/N,48 HR,48,,11,5,8,11,Pass,,1,21,7.5331,8.5,3.5,Y,1,M,0,R,Active,5,TH04.007,1960,BH1960,,,,,,,,,,,,,,,,,,,,,,,,,,,,,,,,,,,,,,,
MH424,1424,424,L/N,24 HR,24,,10,4,7,10,Pass,,3,22,6.101,8.6,4,Y,1,M,0,R,Active,5,TH04.007,1042,BH1042,,,,,,,,,,,,,,,,,,,,,,,,,,,,,,,,,,,,,,,
MH425,1425,425,L/N,24 HR,24,,10,4,7,10,Pass,,3,22,5.73,7.9,2,Y,1,F,1,L,Lethargic,1,TH04.007,1350,BH1350,,,,,,,,,,,,,,,,,,,,,,,,,,,,,,,,,,,,,,,
MH426,1426,426,L/N,48 HR,48,,11,4,8,11,Pass,,3,22,6.3633,8.1,3,Y,1,M,0,R,Active,5,TH04.007,1233,BH1233,,,,,,,,,,,,,,,,,,,,,,,,,,,,,,,,,,,,,,,
MH427,1427,427,L/N,48 HR,48,,11,4,8,11,Pass,,3,22,6.3622,8.3,4,Y,1,M,0,R,Active,5,TH04.007,1750,BH1750,,,,,,,,,,,,,,,,,,,,,,,,,,,,,,,,,,,,,,,
MH428,1428,428,L/N,48 HR,48,,11,4,8,11,Pass,,3,22,5.9536,8,4,Y,1,M,0,R,Active,5,TH04.007,1303,BH1303,,,,,,,,,,,,,,,,,,,,,,,,,,,,,,,,,,,,,,,
MH429,1429,429,L/N,48 HR,48,,11,4,8,11,Pass,,3,22,6.4659,8.2,3,Y,1,M,0,R,Active,5,TH04.007,1518,BH1518,,,,,,,,,,,,,,,,,,,,,,,,,,,,,,,,,,,,,,,
MH430,1430,430,L/N,48 HR,48,,11,4,8,11,Pass,,3,22,5.6362,7.7,3,Y,1,M,0,R,Active,5,TH04.007,1509,BH1509,,,,,,,,,,,,,,,,,,,,,,,,,,,,,,,,,,,,,,,
MH431,1431,431,L/N,48 HR,48,,11,4,8,11,Pass,,3,22,6.4628,7.9,3,Y,1,M,0,R,Active,5,TH04.007,1845,BH1845,,,,,,,,,,,,,,,,,,,,,,,,,,,,,,,,,,,,,,,
MH432,1432,432,L/N,48 HR,48,,11,4,8,11,Pass,,3,22,6.956,8.1,4,Y,1,M,0,R,Active,5,TH04.007,1818,BH1818,,,,,,,,,,,,,,,,,,,,,,,,,,,,,,,,,,,,,,,
MH433,1433,433,L/N,48 HR,48,,11,4,8,11,Pass,,3,22,5.5982,7.4,2,Y,1,F,1,R,Active,5,TH04.007,1461,BH1461,,,,,,,,,,,,,,,,,,,,,,,,,,,,,,,,,,,,,,,
MH434,1434,434,L/N,96 HR,96,,13,4,10,13,Pass,,3,22,8.368,9.6,4,Y,1,M,0,R,Active,5,TH04.007,1558,BH1558,,,,,,,,,,,,,,,,,,,,,,,,,,,,,,,,,,,,,,,
MH435,1435,435,L/N,96 HR,96,,13,4,10,13,Pass,,3,22,8.351,9.8,5,Y,1,M,0,M,Moderate,3,TH04.007,1398,BH1398,,,,,,,,,,,,,,,,,,,,,,,,,,,,,,,,,,,,,,,
MH436,1436,436,L/N,96 HR,96,,13,4,10,13,Pass,,3,22,8.265,9.3,2,N,0,F,1,R,Active,5,TH04.007,1978,BH1978,,,,,,,,,,,,,,,,,,,,,,,,,,,,,,,,,,,,,,,
,1,,,#N/A,,,,#N/A,#N/A,#N/A,#N/A,,,,,,,,,,,,,,,1191,BH1191,,,,,,,,,,,,,,,,,,,,,,,,,,,,,,,,,,,,,,,
MH442,1442,442,RV 10,48 HR,48,,12,6,8,12,Pass,,5,14,4.6851,7.7,3,Y,1,M,0,R,Active,5,TH04.009,1510,BH1510,,,,,,,,,,,,,,,,,,,,,,,,,,,,,,,,,,,,,,,
MH443,1443,443,RV 10,48 HR,48,,12,6,8,12,Pass,,5,14,4.7397,7.8,4,Y,1,M,0,R,Hyper Active,5,TH04.009,1300,BH1300,,,,,,,,,,,,,,,,,,,,,,,,,,,,,,,,,,,,,,,
MH444,1444,444,RV 10,48 HR,48,,12,6,8,12,Pass,,5,14,5.0435,7.7,3,Y,1,M,0,R,Hyper Active,5,TH04.009,1085,BH1085,,,,,,,,,,,,,,,,,,,,,,,,,,,,,,,,,,,,,,,
MH446,1446,446,RV 10,48 HR,48,,12,6,8,12,Pass,,5,14,4.8756,7.7,2,Y,1,F,1,R,Hyper Active,5,TH04.009,1507,BH1507,,,,,,,,,,,,,,,,,,,,,,,,,,,,,,,,,,,,,,,
,1,,,#N/A,,,,#N/A,#N/A,#N/A,#N/A,,,,,,,,,,,,,,,1330,BH1330,,,,,,,,,,,,,,,,,,,,,,,,,,,,,,,,,,,,,,,
MH450,1450,450,S/H,24 HR,24,,10,3,7,10,Pass,,2,6,2.7862,6.25,3,N,0,M,0,A,Active,3,TH04.014,1236,BH1236,,,,,,,,,,,,,,,,,,,,,,,,,,,,,,,,,,,,,,,
MH451,1451,451,S/H,24 HR,24,,10,3,7,10,Pass,,2,6,2.2305,6.4,2,N,0,M,0,A,Active,3,TH04.014,1515,BH1515,,,,,,,,,,,,,,,,,,,,,,,,,,,,,,,,,,,,,,,
MH452,1452,452,S/H,48 HR,48,,11,3,8,11,Pass,,2,6,2.8492,6.2,3,N,0,M,0,A,Active,3,TH04.014,1976,BH1976,,,,,,,,,,,,,,,,,,,,,,,,,,,,,,,,,,,,,,,
MH453,1453,453,S/H,48 HR,48,,11,3,8,11,Pass,,2,6,1.8359,5.3,2,N,0,M/F,1,M,Moderate,3,TH04.014,1153,BH1153,,,,,,,,,,,,,,,,,,,,,,,,,,,,,,,,,,,,,,,
MH454,1454,454,S/H,24 HR,24,,10,3,7,10,Pass,,2,8,2.1739,6.7,2,N,0,F,1,A,Active,3,TH04.014,1884,BH1884,,,,,,,,,,,,,,,,,,,,,,,,,,,,,,,,,,,,,,,
MH455,1455,455,S/H,24 HR,24,,10,3,7,10,Pass,,2,8,1.9975,6.6,1,N,0,M,0,A,Active,3,TH04.014,1637,BH1637,,,,,,,,,,,,,,,,,,,,,,,,,,,,,,,,,,,,,,,
MH456,1456,456,S/H,48 HR,48,,11,3,8,11,Pass,,2,8,1.7484,6,2,N,0,M,0,A,Active,3,TH04.014,1863,BH1863,,,,,,,,,,,,,,,,,,,,,,,,,,,,,,,,,,,,,,,
MH457,1457,457,S/H,48 HR,48,,11,3,8,11,Pass,,2,8,1.7353,6.1,3,N,0,M,0,A,Active,3,TH04.014,1336,BH1336,,,,,,,,,,,,,,,,,,,,,,,,,,,,,,,,,,,,,,,
MH458,1458,458,S/H,48 HR,48,,11,3,8,11,Pass,,2,8,2.3259,6.4,3,Y,1,F,1,A,Active,3,TH04.014,1633,BH1633,,,,,,,,,,,,,,,,,,,,,,,,,,,,,,,,,,,,,,,
,1,,,#N/A,,,,#N/A,#N/A,#N/A,#N/A,,,,,,,,,,,,,,,1061,BH1061,,,,,,,,,,,,,,,,,,,,,,,,,,,,,,,,,,,,,,,
MH460,1460,460,L/H,48 HR,48,,11,2,8,11,Pass,,4,,2.145,6.6,1.5,N,0,F,1,L,Lethargic,1,TH04.017,1596,BH1596,,,,,,,,,,,,,,,,,,,,,,,,,,,,,,,,,,,,,,,
,1,,,#N/A,,,,#N/A,#N/A,#N/A,#N/A,,,,,,,,,,,,,,,1689,BH1689,,,,,,,,,,,,,,,,,,,,,,,,,,,,,,,,,,,,,,,
MH465,1465,465,L/N,24 HR,24,,10,4,7,10,Pass,,3,9,6.0921,8.05,2,Y,1,F,1,A,Active,3,TH04.018,1001,BH1001,,,,,,,,,,,,,,,,,,,,,,,,,,,,,,,,,,,,,,,
MH466,1466,466,L/N,24 HR,24,,10,4,7,10,Pass,,3,9,4.9318,7.9,4,Y,1,M,0,A,Active,3,TH04.018,1594,BH1594,,,,,,,,,,,,,,,,,,,,,,,,,,,,,,,,,,,,,,,
MH467,1467,467,L/N,24 HR,24,,10,4,7,10,Pass,,3,9,5.8084,8,3,Y,1,F,1,A,Active,3,TH04.018,1794,BH1794,,,,,,,,,,,,,,,,,,,,,,,,,,,,,,,,,,,,,,,
MH468,1468,468,L/N,24 HR,24,,10,4,7,10,Pass,,3,9,5.5648,7.7,4,Y,1,M,0,A,Active,3,TH04.018,1838,BH1838,,,,,,,,,,,,,,,,,,,,,,,,,,,,,,,,,,,,,,,
MH469,1469,469,L/N,48 HR,48,,11,4,8,11,Pass,,3,9,5.6173,8.2,4,Y,1,M,0,A,Active,3,TH04.019,1308,BH1308,,,,,,,,,,,,,,,,,,,,,,,,,,,,,,,,,,,,,,,
MH470,1470,470,L/N,48 HR,48,,11,4,8,11,Pass,,3,9,6.2795,8.75,4,Y,1,M,0,A,Active,3,TH04.019,1228,BH1228,,,,,,,,,,,,,,,,,,,,,,,,,,,,,,,,,,,,,,,
MH471,1471,471,L/N,48 HR,48,,11,4,8,11,Pass,,3,9,6.6483,8.9,3,Y,1,F,1,A,Active,3,TH04.019,1225,BH1225,,,,,,,,,,,,,,,,,,,,,,,,,,,,,,,,,,,,,,,
MH472,1472,472,L/N,48 HR,48,,11,4,8,11,Pass,,3,9,5.82,8.1,2,Y,1,F,1,A,Active,3,TH04.019,1234,BH1234,,,,,,,,,,,,,,,,,,,,,,,,,,,,,,,,,,,,,,,
MH473,1473,473,L/N,48 HR,48,,11,4,8,11,Pass,,3,9,5.3742,8.1,4,Y,1,M,0,A,Active,3,TH04.019,1985,BH1985,,,,,,,,,,,,,,,,,,,,,,,,,,,,,,,,,,,,,,,
MH474,1474,474,L/N,48 HR,48,,11,4,8,11,Pass,,3,9,6.2826,8.1,2,Y,1,F,1,A,Active,3,TH04.019,1990,BH1990,,,,,,,,,,,,,,,,,,,,,,,,,,,,,,,,,,,,,,,
MH475,1475,475,L/N,96 HR,96,,13,4,10,13,Pass,,3,9,6.5825,8.9,3.5,N,0,M,0,A,Active,3,TH04.021-22,1480,BH1480,,,,,,,,,,,,,,,,,,,,,,,,,,,,,,,,,,,,,,,
MH476,1476,476,L/N,96 HR,96,,13,4,10,13,Pass,,3,9,6.43001,9.3,3.5,N,0,M,0,A,Active,3,TH04.021-22,1385,BH1385,,,,,,,,,,,,,,,,,,,,,,,,,,,,,,,,,,,,,,,
MH477,1477,477,L/N,96 HR,96,,13,4,10,13,Pass,,3,9,7.4907,9.5,3,Y (1/4),0,F,1,A,Active,3,TH04.021-22,1973,BH1973,,,,,,,,,,,,,,,,,,,,,,,,,,,,,,,,,,,,,,,
MH478,1478,478,L/N,96 HR,96,,13,4,10,13,Pass,,3,9,8.7216,10,4,N,0,M,0,A,Active,3,TH04.021-22,1004,BH1004,,,,,,,,,,,,,,,,,,,,,,,,,,,,,,,,,,,,,,,
MH479,1479,479,L/N,96 HR,96,,13,4,10,13,Pass,,3,9,6.1561,8.5,3.5,N,0,M,0,A,Active,3,TH04.021-22,1045,BH1045,,,,,,,,,,,,,,,,,,,,,,,,,,,,,,,,,,,,,,,
MH480,1480,480,L/H,24 HR,24,,10,2,7,10,Pass,,4,10,3.7276,7.2,3,Y,1,F,1,R,Hyper Active,5,TH04.018,1248,BH1248,,,,,,,,,,,,,,,,,,,,,,,,,,,,,,,,,,,,,,,
MH481,1481,481,L/H,24 HR,24,,10,2,7,10,Pass,,4,10,1.6381,5.4,1,N,0,M,0,L,Lethargic,1,TH04.018,1989,BH1989,,,,,,,,,,,,,,,,,,,,,,,,,,,,,,,,,,,,,,,
MH482,1482,482,L/H,24 HR,24,,10,2,7,10,Pass,,4,10,3.7192,7.2,2.5,Y,1,F,1,A,Active,3,TH04.018,1262,BH1262,,,,,,,,,,,,,,,,,,,,,,,,,,,,,,,,,,,,,,,
MH483,1483,483,L/H,48 HR,48,,11,2,8,11,Pass,,4,10,4.1644,7.4,3,Y (1/2),0,M,0,R,Hyper Active,5,TH04.019,1783,BH1783,,,,,,,,,,,,,,,,,,,,,,,,,,,,,,,,,,,,,,,
MH484,1484,484,L/H,48 HR,48,,11,2,8,11,Pass,,4,10,4.8607,7.7,2,Y (1/2),0,F,1,R,Hyper Active,5,TH04.019,1982,BH1982,,,,,,,,,,,,,,,,,,,,,,,,,,,,,,,,,,,,,,,
MH485,1485,485,L/H,48 HR,48,,11,2,8,11,Pass,,4,10,4.4907,8,2,Y,1,F,1,A,Active,3,TH04.019,1075,BH1075,"Animal Dropped, Visual infarct",,,,,,,,,,,,,,,,,,,,,,,,,,,,,,,,,,,,,,
MH487,1487,487,L/H,96 HR,96,,13,2,10,13,Pass,,4,10,6.152,8.3,3.5,Y,1,M,0,L,Lethargic,1,TH04.021-22,1319,BH1319,,,,,,,,,,,,,,,,,,,,,,,,,,,,,,,,,,,,,,,
MH488,1488,488,L/H,96 HR,96,,13,2,10,13,Pass,,4,10,3.7089,7.3,1.5,Y (1/2),0,F,1,R,Hyper Active,5,TH04.021-22,1690,BH1690,,,,,,,,,,,,,,,,,,,,,,,,,,,,,,,,,,,,,,,
MH489,1489,489,L/H,96 HR,96,,13,2,10,13,Pass,,4,10,3.6684,7.5,1.5,N,0,F,1,L,Lethargic,1,TH04.021-22,1141,BH1141,,,,,,,,,,,,,,,,,,,,,,,,,,,,,,,,,,,,,,,
MH490,1490,490,S/N,48 HR,24,,10,5,7,10,Pass,,1,11,6.519,8.6,5,Y (1/2),0,M,0,R,Hyper Active,5,TH04.018,1699,BH1699,,,,,,,,,,,,,,,,,,,,,,,,,,,,,,,,,,,,,,,
MH491,1491,491,S/N,48 HR,24,,10,5,7,10,Pass,,1,11,6.2747,8.2,3,Y,1,M,0,L,Active,1,TH04.018,1084,BH1084,,,,,,,,,,,,,,,,,,,,,,,,,,,,,,,,,,,,,,,
MH492,1492,492,S/N,48 HR,24,,10,5,7,10,Pass,,1,11,4.8529,7.7,2.5,Y,1,F,1,A,Lethargic,3,TH04.018,1500,BH1500,,,,,,,,,,,,,,,,,,,,,,,,,,,,,,,,,,,,,,,
MH493,1493,493,S/N,48 HR,48,,11,5,8,11,Pass,,1,11,6.4812,9,4,Y (1/4),0,M,0,R,Hyper Active,5,TH04.019,1925,BH1925,,,,,,,,,,,,,,,,,,,,,,,,,,,,,,,,,,,,,,,
MH494,1494,494,S/N,48 HR,48,,11,5,8,11,Pass,,1,11,6.179,8.4,4,Y,1,M,0,A,Active,3,TH04.019,1378,BH1378,,,,,,,,,,,,,,,,,,,,,,,,,,,,,,,,,,,,,,,
MH495,1495,495,S/N,48 HR,48,,11,5,8,11,Pass,,1,11,7.5903,9.1,5,Y (1/4),0,M,0,R,Hyper Active,5,TH04.019,1297,BH1297,,,,,,,,,,,,,,,,,,,,,,,,,,,,,,,,,,,,,,,
MH496,1496,496,S/N,48 HR,48,,11,5,8,11,Pass,,1,11,7.0786,8.9,4,Y,1,M,0,R,Hyper Active,5,TH04.019,1559,BH1559,,,,,,,,,,,,,,,,,,,,,,,,,,,,,,,,,,,,,,,
MH486,1486,486,S/N,48 HR,48,,11,5,8,11,Pass,,1,11,6.288,8,2,Y,1,F,1,R,Hyper Active,5,TH04.019,1306,BH1306,,,,,,,,,,,,,,,,,,,,,,,,,,,,,,,,,,,,,,,
MH498,1498,498,S/N,96 HR,96,,13,5,10,13,Pass,,1,11,7.715,10.1,4,Y (1/2),0,M,0,A,Active,3,TH04.021-22,1375,BH1375,,,,,,,,,,,,,,,,,,,,,,,,,,,,,,,,,,,,,,,
MH499,1499,499,S/N,96 HR,96,,13,5,10,13,Pass,,1,11,7.9884,9.9,3.5,N,0,F,1,A,Active,3,TH04.021-22,1199,BH1199,,,,,,,,,,,,,,,,,,,,,,,,,,,,,,,,,,,,,,,
MH500,1500,500,S/N,96 HR,96,,13,5,10,13,Pass,,1,11,8.6916,10.3,4,N,0,M,0,R,Hyper Active,5,TH04.021-22,1697,BH1697,,,,,,,,,,,,,,,,,,,,,,,,,,,,,,,,,,,,,,,
MH501,1501,501,S/N,96 HR,96,,13,5,10,13,Pass,,1,11,8.339,10.1,3,N,0,M,0,A,Active,3,TH04.021-22,1286,BH1286,,,,,,,,,,,,,,,,,,,,,,,,,,,,,,,,,,,,,,,
MH502,1502,502,S/H,24 HR,24,,10,3,7,10,Pass,,2,12,1.6402,6.1,1,Y,1,M,0,R,Hyper Active,5,TH04.018,1482,BH1482,,,,,,,,,,,,,,,,,,,,,,,,,,,,,,,,,,,,,,,
MH503,1503,503,S/H,24 HR,24,,10,3,7,10,Pass,,2,12,3.68,6.9,3,Y (1/2),0,M,0,R,Hyper Active,5,TH04.018,1849,BH1849,,,,,,,,,,,,,,,,,,,,,,,,,,,,,,,,,,,,,,,
MH504,1504,504,S/H,24 HR,24,,10,3,7,10,Pass,,2,12,2.0221,6.6,2,N,0,F,1,R,Hyper Active,5,TH04.018,1908,BH1908,,,,,,,,,,,,,,,,,,,,,,,,,,,,,,,,,,,,,,,
MH505,1505,505,S/H,48 HR,48,,11,3,8,11,Pass,,2,12,4.1255,7.5,3,Y,1,M,0,A,Active,3,TH04.019,1486,BH1486,,,,,,,,,,,,,,,,,,,,,,,,,,,,,,,,,,,,,,,
MH506,1506,506,S/H,48 HR,48,,11,3,8,11,Pass,,2,12,1.811,6.1,2,N,0,F,1,A,Active,3,TH04.019,1651,BH1651,,,,,,,,,,,,,,,,,,,,,,,,,,,,,,,,,,,,,,,
MH507,1507,507,S/H,48 HR,48,,11,3,8,11,Pass,,2,12,2.4554,6.8,2,N,0,F,1,A,Active,3,TH04.019,1770,BH1770,,,,,,,,,,,,,,,,,,,,,,,,,,,,,,,,,,,,,,,
MH508,1508,508,S/H,48 HR,48,,11,3,8,11,Pass,,2,12,3.1156,7.3,3,Y (1/4),0,M,0,A,Active,3,TH04.019,1456,BH1456,,,,,,,,,,,,,,,,,,,,,,,,,,,,,,,,,,,,,,,
MH509,1509,509,S/H,48 HR,48,,11,3,8,11,Pass,,2,12,3.6746,7.4,3,Y,1,M,0,A,Active,3,TH04.019,1773,BH1773,,,,,,,,,,,,,,,,,,,,,,,,,,,,,,,,,,,,,,,
MH510,1510,510,S/H,96 HR,96,,13,3,10,13,Pass,,2,12,3.0486,7,2,N,0,F,1,L,Lethargic,1,TH04.021-22,1091,BH1091,,,,,,,,,,,,,,,,,,,,,,,,,,,,,,,,,,,,,,,
MH511,1511,511,S/H,96 HR,96,,13,3,10,13,Pass,,2,12,4.5605,7.4,3,N,0,M,0,L,Lethargic,1,TH04.021-22,1414,BH1414,,,,,,,,,,,,,,,,,,,,,,,,,,,,,,,,,,,,,,,
MH512,1512,512,S/H,96 HR,96,,13,3,10,13,Pass,,2,12,3.5431,7.6,1.5,N,0,F,1,L,Lethargic,1,TH04.021-22,1619,BH1619,,,,,,,,,,,,,,,,,,,,,,,,,,,,,,,,,,,,,,,
MH513,1513,513,S/H,96 HR,96,,13,3,10,13,Pass,,2,12,3.1785,7.6,2.5,N,0,M,0,L,Lethargic,1,TH04.021-22,1692,BH1692,,,,,,,,,,,,,,,,,,,,,,,,,,,,,,,,,,,,,,,
MH514,1514,514,S/H,96 HR,96,,13,3,10,13,Pass,,2,12,3.0061,7.5,1.5,N,0,F,1,L,Lethargic,1,TH04.021-22,1055,BH1055,,,,,,,,,,,,,,,,,,,,,,,,,,,,,,,,,,,,,,,
MH515,1515,515,RV 7,48 HR,48,,9,7,8,9,Pass,,6,32,5.9081,7.6,2,Y,1,F,1,A,Active,3,TH04.25,1311,BH1311,,,,,,,,,,,,,,,,,,,,,,,,,,,,,,,,,,,,,,,
MH516,1516,516,RV 7,48 HR,48,,9,7,8,9,Pass,,6,32,5.8736,7.38,2,Y (1/2),0,F,1,L,Lethargic,1,TH04.25,1527,BH1527,,,,,,,,,,,,,,,,,,,,,,,,,,,,,,,,,,,,,,,
MH517,1517,517,RV 7,48 HR,48,,9,7,8,9,Pass,,6,32,6.289,7.7,2,N,0,F,1,L,Lethargic,1,TH04.25,1880,BH1880,,,,,,,,,,,,,,,,,,,,,,,,,,,,,,,,,,,,,,,
MH518,1518,518,RV 7,48 HR,48,,9,7,8,9,Pass,,6,32,6.146,7.8,3,Y,1,M,0,L,Lethargic,1,TH04.25,1361,BH1361,,,,,,,,,,,,,,,,,,,,,,,,,,,,,,,,,,,,,,,
MH519,1519,519,RV 7,48 HR,48,,9,7,8,9,Pass,,6,19,8.0692,8.5,4,Y,1,M,0,A,Active,3,TH04.25,1111,BH1111,,,,,,,,,,,,,,,,,,,,,,,,,,,,,,,,,,,,,,,
MH520,1520,520,RV 7,48 HR,48,,9,7,8,9,Pass,,6,19,8.5761,9.5,5,Y,1,M,0,A,Active,3,TH04.25,1112,BH1112,,,,,,,,,,,,,,,,,,,,,,,,,,,,,,,,,,,,,,,
MH522,1522,522,RV 7,48 HR,48,,9,7,8,9,Pass,,6,19,8.126,9.3,4,Y,1,M,0,R,Hyper Active,5,TH04.25,1224,BH1224,,,,,,,,,,,,,,,,,,,,,,,,,,,,,,,,,,,,,,,
MH523,1523,523,RV 7,48 HR,48,,9,7,8,9,Pass,,6,25,6.7584,8.9,4,Y,1,M,0,A,Active,3,TH04.25,1187,BH1187,,,,,,,,,,,,,,,,,,,,,,,,,,,,,,,,,,,,,,,
MH524,1524,524,RV 7,48 HR,48,,9,7,8,9,Pass,,6,25,4.895,7.4,3,Y,1,M,0,A,Active,3,TH04.25,1724,BH1724,,,,,,,,,,,,,,,,,,,,,,,,,,,,,,,,,,,,,,,
MH525,1525,525,RV 7,48 HR,48,,9,7,8,9,Pass,,6,25,6.6179,8.4,4,Y,1,M,0,R,Hyper Active,5,TH04.25,1193,BH1193,,,,,,,,,,,,,,,,,,,,,,,,,,,,,,,,,,,,,,,
MH530,1530,530,RV 7,48 HR,48,,9,7,8,9,Pass,,6,21,5.1542,7.9,3,Y,1,M,0,R,Hyper Active,5,TH04.30,1080,BH1080,,,,,,,,,,,,,,,,,,,,,,,,,,,,,,,,,,,,,,,
MH531,1531,531,RV 7,48 HR,48,,9,7,8,9,Pass,,6,21,5.0105,7.8,3.5,Y,1,M,0,A,Active,3,TH04.30,1774,BH1774,,,,,,,,,,,,,,,,,,,,,,,,,,,,,,,,,,,,,,,
D0001,1001,1,RV 7,48 HR,48,,9,7,8,9,Pass,,6,21,5.1715,7.7,2,Y,1,F,1,L,Lethargic,1,TH04.30,1967,BH1967,,,,,,,,,,,,,,,,,,,,,,,,,,,,,,,,,,,,,,,
D0002,1002,2,N,48 HR,48,,11,9,8,11,Pass,,0,21,5.432,7.2,2,Y,1,F,1,A,Active,3,TH04.30,1571,BH1571,,,,,,,,,,,,,,,,,,,,,,,,,,,,,,,,,,,,,,,
D0003,1003,3,N,48 HR,48,,11,9,8,11,Pass,,0,21,4.7883,7.3,2,Y,1,F,1,A,Active,3,TH04.30,1694,BH1694,,,,,,,,,,,,,,,,,,,,,,,,,,,,,,,,,,,,,,,
D0004,1004,4,N,48 HR,48,,11,9,8,11,Pass,,0,21,5.7762,8,2,Y (1/2),0,F,1,R,Hyper Active,5,TH04.30,1411,BH1411,,,,,,,,,,,,,,,,,,,,,,,,,,,,,,,,,,,,,,,
D0005,1005,5,N,48 HR,48,,11,9,8,11,Pass,,0,21,5.7868,8,3,Y,1,F,1,A,Active,3,TH04.30,1792,BH1792,,,,,,,,,,,,,,,,,,,,,,,,,,,,,,,,,,,,,,,
D0006,1006,6,N,48 HR,48,,11,9,8,11,Pass,,0,21,5.5165,7.8,2.5,Y (1/2),0,F,1,R,Hyper Active,5,TH04.30,1648,BH1648,,,,,,,,,,,,,,,,,,,,,,,,,,,,,,,,,,,,,,,
,1,,,#N/A,,,,#N/A,#N/A,#N/A,#N/A,,,,,,,,,,,,,,,1372,BH1372,,,,,,,,,,,,,,,,,,,,,,,,,,,,,,,,,,,,,,,
MH534,1534,534,L/H,24 HR,24,,10,2,7,10,Pass,,4,30-T,2.4099,6.6,3,Y,1,M,0,A,Active,3,TH04.033,1914,BH1914,,,,,,,,,,,,,,,,,,,,,,,,,,,,,,,,,,,,,,,
MH535,1535,535,L/H,24 HR,24,,10,2,7,10,Pass,,4,30-T,2.4089,6.2,1,N,0,F,1,A,Active,3,TH04.033,1251,BH1251,,,,,,,,,,,,,,,,,,,,,,,,,,,,,,,,,,,,,,,
MH536,1536,536,L/H,24 HR,24,,10,2,7,10,Pass,,4,30-T,2.2877,5.8,3,N,0,M,0,A,Active,3,TH04.033,1214,BH1214,,,,,,,,,,,,,,,,,,,,,,,,,,,,,,,,,,,,,,,
MH537,1537,537,L/H,96 HR,96,,13,2,10,13,Pass,,4,30-T,3.0264,6.2,2,N,0,F,1,L,Lethargic,1,TH04.033,1316,BH1316,,,,,,,,,,,,,,,,,,,,,,,,,,,,,,,,,,,,,,,
MH538,1538,538,L/H,96 HR,96,,13,2,10,13,Pass,,4,30-T,3.7815,7.1,3,Y (1/2),0,M,0,L,Lethargic,1,TH04.033,1005,BH1005,,,,,,,,,,,,,,,,,,,,,,,,,,,,,,,,,,,,,,,
MH539,1539,539,L/H,96 HR,96,,13,2,10,13,Pass,,4,30-T,2.684,6.9,3,N,0,M,0,L,Lethargic,1,TH04.033,1505,BH1505,,,,,,,,,,,,,,,,,,,,,,,,,,,,,,,,,,,,,,,
MH540,1540,540,S/H,24 HR,24,,10,3,7,10,Pass,,2,12,2.9101,7.2,3,Y (1/4),0,M,0,A,Active,3,TH04.036,1778,BH1778,,,,,,,,,,,,,,,,,,,,,,,,,,,,,,,,,,,,,,,
MH541,1541,541,S/H,24 HR,24,,10,3,7,10,Pass,,2,12,3.8109,7.3,3,Y (1/2),0,M,0,A,Active,3,TH04.036,1381,BH1381,,,,,,,,,,,,,,,,,,,,,,,,,,,,,,,,,,,,,,,
MH542,1542,542,S/H,24 HR,24,,10,3,7,10,Pass,,2,12,3.1655,7.1,3,Y,1,F,1,L,Lethargic,1,TH04.036,1243,BH1243,,,,,,,,,,,,,,,,,,,,,,,,,,,,,,,,,,,,,,,
MH543,1543,543,S/H,DIED,DI,,,3,#N/A,#N/A,#N/A,,2,12,,,,,,,,,,,,1117,BH1117,,,,,,,,,,,,,,,,,,,,,,,,,,,,,,,,,,,,,,,
MH544,1544,544,S/H,96 HR,96,,13,3,10,13,Pass,,2,12,4.774,8.9,4,Y,1,M,0,A,Active,3,TH04.037,1743,BH1743,,,,,,,,,,,,,,,,,,,,,,,,,,,,,,,,,,,,,,,
MH545,1545,545,S/H,96 HR,96,,13,3,10,13,Pass,,2,12,5.0883,8.2,4,Y,1,M,0,A,Active,3,TH04.037,1222,BH1222,,,,,,,,,,,,,,,,,,,,,,,,,,,,,,,,,,,,,,,
MH546,1546,546,S/H,96 HR,96,,13,3,10,13,Pass,,2,12,6.2012,8.7,4,Y,1,M,0,A,Active,3,TH04.037,1975,BH1975,,,,,,,,,,,,,,,,,,,,,,,,,,,,,,,,,,,,,,,
MH547,1547,547,S/H,96 HR,96,,13,3,10,13,Pass,,2,12,5.6868,8.5,2,Y,1,F,1,R,Hyper Active,5,TH04.037,1681,BH1681,,,,,,,,,,,,,,,,,,,,,,,,,,,,,,,,,,,,,,,
MH548,1548,548,N,24 HR,24,,10,9,7,10,Pass,,0,12-T1,5.421,7.8,4,N,0,M,0,A,Active,3,TH04.036,1758,BH1758,,,,,,,,,,,,,,,,,,,,,,,,,,,,,,,,,,,,,,,
MH549,1549,549,N,24 HR,24,,10,9,7,10,Pass,,0,12-T1,4.244,7.5,3,Y,1,F,1,R,Hyper Active,5,TH04.036,1827,BH1827,,,,,,,,,,,,,,,,,,,,,,,,,,,,,,,,,,,,,,,
MH550,1550,550,N,24 HR,24,,10,9,7,10,Pass,,0,12-T1,4.3523,7.6,3,Y,1,F,1,A,Active,3,TH04.036,1931,BH1931,,,,,,,,,,,,,,,,,,,,,,,,,,,,,,,,,,,,,,,
MH551,1551,551,N,24 HR,24,,10,9,7,10,Pass,,0,12-T1,5.3138,8.2,2,Y,1,F,1,A,Active,3,TH04.036,1932,BH1932,,,,,,,,,,,,,,,,,,,,,,,,,,,,,,,,,,,,,,,
MH552,1552,552,N,48 HR,48,,11,9,8,11,Pass,,0,12-T1,4.895,8.2,3,Y,1,F,1,R,Hyper Active,5,TH04.37,1089,BH1089,,,,,,,,,,,,,,,,,,,,,,,,,,,,,,,,,,,,,,,
MH553,1553,553,N,48 HR,48,,11,9,8,11,Pass,,0,12-T1,6.0908,8.4,4,Y,1,M,0,R,Hyper Active,5,TH04.37,1642,BH1642,,,,,,,,,,,,,,,,,,,,,,,,,,,,,,,,,,,,,,,
MH554,1554,554,N,48 HR,48,,11,9,8,11,Pass,,0,12-T1,4.9189,8.3,4,Y,1,M,0,A,Active,3,TH04.37,1106,BH1106,,,,,,,,,,,,,,,,,,,,,,,,,,,,,,,,,,,,,,,
MH555,1555,555,N,96 HR,96,,13,9,10,13,Pass,,0,12-T1,7.1239,8.3,4,Y,1,M,0,R,Hyper Active,5,TH04.037,1504,BH1504,,,,,,,,,,,,,,,,,,,,,,,,,,,,,,,,,,,,,,,
MH556,1556,556,N,96 HR,96,,13,9,10,13,Pass,,0,12-T1,6.4315,8.1,2,Y (1/2),0,F,1,R,Hyper Active,5,TH04.037,1664,BH1664,,,,,,,,,,,,,,,,,,,,,,,,,,,,,,,,,,,,,,,
MH557,1557,557,N,96 HR,96,,13,9,10,13,Pass,,0,12-T1,6.9416,8.9,2,Y,1,F,1,R,Hyper Active,5,TH04.037,1680,BH1680,,,,,,,,,,,,,,,,,,,,,,,,,,,,,,,,,,,,,,,
,1,,,#N/A,,,,#N/A,#N/A,#N/A,#N/A,,,,,,,,,,,,,,,1339,BH1339,,,,,,,,,,,,,,,,,,,,,,,,,,,,,,,,,,,,,,,
MH560,1560,560,N,24 HR,24,,10,9,7,10,Pass,,0,24,5.4477,7.8,2,Y,1,F,1,L,Lethargic,1,TH04.042,1691,BH1691,,,,,,,,,,,,,,,,,,,,,,,,,,,,,,,,,,,,,,,
MH561,1561,561,N,24 HR,24,,10,9,7,10,Pass,,0,24,6.3057,8,4,Y,1,M,0,A,Active,3,TH04.042,1868,BH1868,,,,,,,,,,,,,,,,,,,,,,,,,,,,,,,,,,,,,,,
MH562,1562,562,N,48 HR,48,,11,9,8,11,Pass,,0,24,6.4785,8.7,4,Y,1,M,0,A,Active,3,TH04.043,1945,BH1945,,,,,,,,,,,,,,,,,,,,,,,,,,,,,,,,,,,,,,,
MH563,1563,563,N,48 HR,48,,11,9,8,11,Pass,,0,24,6.4817,9,4,Y,1,M,0,A,Active,3,TH04.043,1364,BH1364,,,,,,,,,,,,,,,,,,,,,,,,,,,,,,,,,,,,,,,
MH564,1564,564,N,48 HR,48,,11,9,8,11,Pass,,0,24,7.1793,9.1,4,Y,1,M,0,R,Hyper Active,5,TH04.043,1019,BH1019,,,,,,,,,,,,,,,,,,,,,,,,,,,,,,,,,,,,,,,
MH565,1565,565,N,48 HR,48,,11,9,8,11,Pass,RNA,0,24,7.02,8.7,2,Y,1,F,1,R,Hyper Active,5,TH04.043,1704,BH1704,,,,,,,,,,,,,,,,,,,,,,,,,,,,,,,,,,,,,,,
MH566,1566,566,N,96 HR,96,,13,9,10,13,Pass,,0,24,8.0241,9.3,4,Y,1,M,0,L,Lethargic,1,TH04.044,1268,BH1268,,,,,,,,,,,,,,,,,,,,,,,,,,,,,,,,,,,,,,,
MH567,1567,567,N,96 HR,96,,13,9,10,13,Pass,,0,24,7.883,9.3,3,Y,1,F,1,L,Lethargic,1,TH04.044,1669,BH1669,,,,,,,,,,,,,,,,,,,,,,,,,,,,,,,,,,,,,,,
MH568,1568,568,S/H,24 HR,24,,10,3,7,10,Pass,,2,24-T,1.6703,5.4,2,Y (1/4),0,M,0,L,Lethargic,1,TH04.042,1093,BH1093,,,,,,,,,,,,,,,,,,,,,,,,,,,,,,,,,,,,,,,
MH569,1569,569,S/H,24 HR,24,,10,3,7,10,Pass,,2,24-T,2.0544,6.1,2,Y,1,M,0,L,Lethargic,1,TH04.042,1132,BH1132,,,,,,,,,,,,,,,,,,,,,,,,,,,,,,,,,,,,,,,
MH570,1570,570,S/H,24 HR,24,,10,3,7,10,Pass,,2,24-T,1.7879,5.7,2.5,Y (1/4),0,M,0,L,Lethargic,1,TH04.042,1324,BH1324,,,,,,,,,,,,,,,,,,,,,,,,,,,,,,,,,,,,,,,
,1,,,#N/A,,,,#N/A,#N/A,#N/A,#N/A,,,,,,,,,,,,,,,1027,BH1027,,,,,,,,,,,,,,,,,,,,,,,,,,,,,,,,,,,,,,,
MH575,1575,575,N,24 HR,24,,10,9,7,10,Pass,,0,32,4.9495,7.7,3.5,Y,1,M,0,A,Active,3,TH04.050,1368,BH1368,,,,,,,,,,,,,,,,,,,,,,,,,,,,,,,,,,,,,,,
MH576,1576,576,N,24 HR,24,,10,9,7,10,Pass,,0,32,5.9693,8.2,3.5,Y,1,M,0,R,Hyper Active,5,TH04.050,1362,BH1362,,,,,,,,,,,,,,,,,,,,,,,,,,,,,,,,,,,,,,,
MH577,1577,577,N,48 HR,48,,11,9,8,11,Pass,,0,32,5.8262,7.4,2,Y,1,F,1,A,Active,3,TH04.050,1082,BH1082,,,,,,,,,,,,,,,,,,,,,,,,,,,,,,,,,,,,,,,
MH578,1578,578,N,48 HR,48,,11,9,8,11,Pass,,0,32,4.9507,7,2.5,Y,1,F,1,A,Active,3,TH04.050,1927,BH1927,,,,,,,,,,,,,,,,,,,,,,,,,,,,,,,,,,,,,,,
MH579,1579,579,N,48 HR,48,,11,9,8,11,Pass,,0,32,4.7426,8.4,4,Y,1,M,0,A,Active,3,TH04.050,1083,BH1083,,,,,,,,,,,,,,,,,,,,,,,,,,,,,,,,,,,,,,,
MH580,1580,580,N,96 HR,96,,13,9,10,13,Pass,,0,32,9.1524,10.1,4.5,Y,1,M,0,A,Active,3,TH04.051,1807,BH1807,,,,,,,,,,,,,,,,,,,,,,,,,,,,,,,,,,,,,,,
MH581,1581,581,N,96 HR,96,,13,9,10,13,Pass,,0,32,7.6859,9.4,4,,,M,0,R,Hyper Active,5,TH04.051,1127,BH1127,,,,,,,,,,,,,,,,,,,,,,,,,,,,,,,,,,,,,,,
,1,,,#N/A,,,,#N/A,#N/A,#N/A,#N/A,,,,,,,,,,,,,,,1667,BH1667,,,,,,,,,,,,,,,,,,,,,,,,,,,,,,,,,,,,,,,
MH585,1585,585,RV 10,96 HR,96,,14,6,10,14,Pass,,5,33.0001,7.2075,9.1,4,Y,1,M,0,A,Active,3,TH04.064,1901,BH1901,,,,,,,,,,,,,,,,,,,,,,,,,,,,,,,,,,,,,,,
MH586,1586,586,RV 10,96 HR,96,,14,6,10,14,Pass,,5,33.0001,7.1028,8.8,3,Y,1,M,0,L,Lethargic,1,TH04.064,1051,BH1051,,,,,,,,,,,,,,,,,,,,,,,,,,,,,,,,,,,,,,,
MH587,1587,587,RV 10,96 HR,96,,14,6,10,14,Pass,,5,33.0001,6.8014,9.9,3,Y,1,M,0,A,Active,3,TH04.064,1513,BH1513,,,,,,,,,,,,,,,,,,,,,,,,,,,,,,,,,,,,,,,
MH588,1588,588,RV 10,24 HR,24,,11,6,7,11,Pass,,5,33.0001,5.9806,8.6,2,Y,1,F,1,R,Hyper Active,5,TH04.064,1291,BH1291,,,,,,,,,,,,,,,,,,,,,,,,,,,,,,,,,,,,,,,
MH589,1589,589,RV 10,24 HR,24,,11,6,7,11,Pass,,5,33.0001,6.1753,8.6,4,Y,1,M,0,A,Active,3,TH04.063,1855,BH1855,,,,,,,,,,,,,,,,,,,,,,,,,,,,,,,,,,,,,,,
MH590,1590,590,RV 10,24 HR,24,,11,6,7,11,Pass,,5,33.0001,5.8932,8.8,4,Y,1,M,0,A,Active,3,TH04.063,1897,BH1897,,,,,,,,,,,,,,,,,,,,,,,,,,,,,,,,,,,,,,,
MH591,1591,591,RV 10,24 HR,24,,11,6,7,11,Pass,,5,33.0001,5.5978,8.2,3,Y,1,F,1,R,Hyper Active,5,TH04.063,1917,BH1917,,,,,,,,,,,,,,,,,,,,,,,,,,,,,,,,,,,,,,,
MH592,1592,592,RV 10,24 HR,24,,11,6,7,11,Pass,,5,33.0001,5.8792,8,2,Y,1,F,1,A,Active,3,TH04.063,1076,BH1076,,,,,,,,,,,,,,,,,,,,,,,,,,,,,,,,,,,,,,,
MH593,1593,593,RV 10,24 HR,24,,11,6,7,11,Pass,,5,33.0001,6.1789,8.6,2,Y,1,F,1,R,Hyper Active,5,TH04.063,1657,BH1657,,,,,,,,,,,,,,,,,,,,,,,,,,,,,,,,,,,,,,,
MH594,1594,594,RV 10,24 HR,24,,11,6,7,11,Pass,,5,33.0001,6.0456,8.5,4,Y,1,M,0,A,Active,3,TH04.063,1135,BH1135,,,,,,,,,,,,,,,,,,,,,,,,,,,,,,,,,,,,,,,
MH595,1595,595,RV 10,24 HR,24,,11,6,7,11,Pass,,5,33.0001,5.8429,8.2,4,Y,1,M,0,R,Hyper Active,5,TH04.063,1216,BH1216,,,,,,,,,,,,,,,,,,,,,,,,,,,,,,,,,,,,,,,
MH596,1596,596,RV 10,24 HR,24,,11,6,7,11,Pass,,5,33.0001,6.3028,8.4,4,Y,1,M,0,L,Lethargic,1,TH04.063,1431,BH1431,,,,,,,,,,,,,,,,,,,,,,,,,,,,,,,,,,,,,,,
MH597,1597,597,RV 10,96 HR,96,,14,6,10,14,Pass,,5,33.0001,5.294,7.8,3,Y,1,M,0,A,Active,3,TH04.063,1373,BH1373,,,,,,,,,,,,,,,,,,,,,,,,,,,,,,,,,,,,,,,
,1,,,#N/A,,,,#N/A,#N/A,#N/A,#N/A,,,,,,,,,,,,,,,1180,BH1180,,,,,,,,,,,,,,,,,,,,,,,,,,,,,,,,,,,,,,,
MH600,1600,600,RV 10,96 HR,96,,14,6,10,14,Pass,,5,1836,5.9342,8.3,2,Y,1,F,1,R,Hyper Active,5,TH04.107,1624,BH1624,,,,,,,,,,,,,,,,,,,,,,,,,,,,,,,,,,,,,,,
MH601,1601,601,RV 10,96 HR,96,,14,6,10,14,Pass,,5,1836,4.962,7.2,2,Y,1,F,1,R,Hyper Active,5,TH04.107,1655,BH1655,,,,,,,,,,,,,,,,,,,,,,,,,,,,,,,,,,,,,,,
MH602,1602,602,RV 10,96 HR,96,,14,6,10,14,Pass,,5,1836,5.564,6.9,2,Y,1,F,1,R,Hyper Active,5,TH04.107,1264,BH1264,,,,,,,,,,,,,,,,,,,,,,,,,,,,,,,,,,,,,,,
MH603,1603,603,RV 10,96 HR,96,,14,6,10,14,Pass,,5,1836,5.6065,7.25,2,Y (1/2),0,F,1,R,Hyper Active,5,TH04.107,1808,BH1808,,,,,,,,,,,,,,,,,,,,,,,,,,,,,,,,,,,,,,,
MH604,1604,604,RV 10,96 HR,96,,14,6,10,14,Pass,,5,1836,6.3124,8.2,2,Y (1/2),0,F,1,R,Hyper Active,5,TH04.107,1987,BH1987,,,,,,,,,,,,,,,,,,,,,,,,,,,,,,,,,,,,,,,
MH605,1605,605,RV 10,96 HR,96,,14,6,10,14,Pass,,5,1836,5.4093,7.6,4,Y (1/2),0,M,0,A,Active,3,TH04.107,1217,BH1217,,,,,,,,,,,,,,,,,,,,,,,,,,,,,,,,,,,,,,,
MH606,1606,606,RV 10,96 HR,96,,14,6,10,14,Pass,,5,1836,5.4189,8.1,4,Y (1/2),0,M,0,A,Active,3,TH04.107,1878,BH1878,,,,,,,,,,,,,,,,,,,,,,,,,,,,,,,,,,,,,,,
MH607,1607,607,RV 10,96 HR,96,,14,6,10,14,Pass,,5,1836,5.6657,8.63,4,Y (1/2),0,M,0,A,Active,3,TH04.107,1293,BH1293,,,,,,,,,,,,,,,,,,,,,,,,,,,,,,,,,,,,,,,
MH608,1608,608,RV 10,24 HR,24,,11,6,7,11,Pass,,5,1837,5.4244,7.4,2,Y,1,F,1,A,Active,3,TH04.103,1581,BH1581,,,,,,,,,,,,,,,,,,,,,,,,,,,,,,,,,,,,,,,
MH609,1609,609,RV 10,24 HR,24,,11,6,7,11,Pass,,5,1837,5.2783,7.7,2,Y,1,F,1,A,Active,3,TH04.103,1252,BH1252,,,,,,,,,,,,,,,,,,,,,,,,,,,,,,,,,,,,,,,
MH610,1610,610,RV 10,24 HR,24,,11,6,7,11,Pass,,5,1837,5.9775,8,2,Y,1,F,1,R,Hyper Active,5,TH04.103,1478,BH1478,,,,,,,,,,,,,,,,,,,,,,,,,,,,,,,,,,,,,,,
MH611,1611,611,RV 10,24 HR,24,,11,6,7,11,Pass,,5,1837,5.8465,7.9,3,Y,1,M,0,A,Active,3,TH04.103,1464,BH1464,,,,,,,,,,,,,,,,,,,,,,,,,,,,,,,,,,,,,,,
MH612,1612,612,RV 10,24 HR,24,,11,6,7,11,Pass,,5,1837,6.0852,7.8,4,Y,1,M,0,A,Active,3,TH04.103,1872,BH1872,,,,,,,,,,,,,,,,,,,,,,,,,,,,,,,,,,,,,,,
MH613,1613,613,RV 10,24 HR,24,,11,6,7,11,Pass,,5,1837,6.3853,8.2,4,Y,1,M,0,A,Active,3,TH04.103,1338,BH1338,,,,,,,,,,,,,,,,,,,,,,,,,,,,,,,,,,,,,,,
MH614,1614,614,RV 10,24 HR,24,,11,6,7,11,Pass,,5,1837,5.4758,7.9,3,Y,1,M,0,A,Active,3,TH04.103,1595,BH1595,,,,,,,,,,,,,,,,,,,,,,,,,,,,,,,,,,,,,,,
MH615,1615,615,RV 10,24 HR,24,,11,6,7,11,Pass,,5,1837,5.8037,7.4,4,Y,1,M,0,A,Active,3,TH04.103,1426,BH1426,,,,,,,,,,,,,,,,,,,,,,,,,,,,,,,,,,,,,,,
MH616,1616,616,RV 10,24 HR,24,,11,6,7,11,Pass,,5,1712,5.0803,7.5,2,Y,1,F,1,A,Active,3,TH04.103,1317,BH1317,,,,,,,,,,,,,,,,,,,,,,,,,,,,,,,,,,,,,,,
MH617,1617,617,RV 10,24 HR,24,,11,6,7,11,Pass,,5,1712,4.9249,7.8,2,Y,1,F,1,A,Active,3,TH04.103,1194,BH1194,,,,,,,,,,,,,,,,,,,,,,,,,,,,,,,,,,,,,,,
MH618,1618,618,RV 10,24 HR,24,,11,6,7,11,Pass,,5,1712,4.9246,7.7,2,Y,1,F,1,A,Active,3,TH04.103,1825,BH1825,,,,,,,,,,,,,,,,,,,,,,,,,,,,,,,,,,,,,,,
MH619,1619,619,RV 10,24 HR,24,,11,6,7,11,Pass,,5,1712,5.8467,7.9,4,Y,1,M,0,A,Active,3,TH04.103,1779,BH1779,,,,,,,,,,,,,,,,,,,,,,,,,,,,,,,,,,,,,,,
MH620,1620,620,RV 10,48 HR,48,,12,6,8,12,Pass,,5,1712,5.1053,8.1,4,Y,1,M,0,A,Active,3,TH04.105,1881,BH1881,,,,,,,,,,,,,,,,,,,,,,,,,,,,,,,,,,,,,,,
,1,,,#N/A,,,,#N/A,#N/A,#N/A,#N/A,,,,,,,,,,,,,,,1588,BH1588,,,,,,,,,,,,,,,,,,,,,,,,,,,,,,,,,,,,,,,
MH625,1625,625,RV 10,96 HR,96,,14,6,10,14,Pass,,5,1713,8.1005,9.9,2,Y,1,F,1,R,Hyper Active,5,TH04.109,1063,BH1063,,,,,,,,,,,,,,,,,,,,,,,,,,,,,,,,,,,,,,,
MH626,1626,626,RV 10,96 HR,96,,14,6,10,14,Pass,,5,1713,7.43,9.8,2,Y (1/2),0,F,1,A,Active,3,TH04.109,1229,BH1229,,,,,,,,,,,,,,,,,,,,,,,,,,,,,,,,,,,,,,,
MH627,1627,627,RV 10,96 HR,96,,14,6,10,14,Pass,,5,1713,7.5799,9.5,2,Y (1/2),0,F,1,R,Hyper Active,5,TH04.109,1650,BH1650,,,,,,,,,,,,,,,,,,,,,,,,,,,,,,,,,,,,,,,
MH628,1628,628,RV 10,96 HR,96,,14,6,10,14,Pass,,5,1713,8.0933,10,3,Y,1,F,1,R,Hyper Active,5,TH04.109,1469,BH1469,,,,,,,,,,,,,,,,,,,,,,,,,,,,,,,,,,,,,,,
MH629,1629,629,RV 10,96 HR,96,,14,6,10,14,Pass,,5,1713,7.4048,9.3,3,Y,1,F,1,R,Hyper Active,5,TH04.109,1687,BH1687,,,,,,,,,,,,,,,,,,,,,,,,,,,,,,,,,,,,,,,
MH630,1630,630,RV 10,DIED,DI,,,6,#N/A,#N/A,#N/A,,5,1713,,,,,,,,,,,,1887,BH1887,,,,,,,,,,,,,,,,,,,,,,,,,,,,,,,,,,,,,,,
MH631,1631,631,RV 10,24 HR,24,,11,6,7,11,Pass,,5,1713,4.9725,8.1,3,Y,1,F,1,A,Active,3,TH04.105,1158,BH1158,,,,,,,,,,,,,,,,,,,,,,,,,,,,,,,,,,,,,,,
MH632,1632,632,RV 10,96 HR,96,,14,6,10,14,Pass,,5,1713,6.8527,9.6,4,Y,1,M,0,R,Hyper Active,5,TH04.109,1040,BH1040,,,,,,,,,,,,,,,,,,,,,,,,,,,,,,,,,,,,,,,
MH633,1633,633,RV 10,24 HR,24,,11,6,7,11,Pass,,5,1713,4.5753,8.2,4,N,0,M,0,A,Active,3,TH04.105,1963,BH1963,,,,,,,,,,,,,,,,,,,,,,,,,,,,,,,,,,,,,,,
MH634,1634,634,RV 10,24 HR,24,,11,6,7,11,Pass,,5,1713,6.032,8.7,4,Y,1,M,0,A,Active,3,TH04.105,1357,BH1357,,,,,,,,,,,,,,,,,,,,,,,,,,,,,,,,,,,,,,,
,1,,,#N/A,,,,#N/A,#N/A,#N/A,#N/A,,,,,,,,,,,,,,,,,,,,,,,,,,,,,,,,,,,,,,,,,,,,,,,,,,,,,,,
MH635,1635,635,N,96 HR,96,,13,9,10,13,Pass,,0,1712,7.5609,10.1,2,Y (1/2),0,F,1,R,Hyper Active,5,TH04.116,1586,BH1586,,,,,,,,,,,,,,,,,,,,,,,,,,,,,,,,,,,,,,,
MH636,1636,636,N,96 HR,96,,13,9,10,13,Pass,,0,1712,7.209,9.9,2,Y,1,F,1,A,Active,3,TH04.116,1553,BH1553,,,,,,,,,,,,,,,,,,,,,,,,,,,,,,,,,,,,,,,
MH637,1637,637,N,96 HR,96,,13,9,10,13,Pass,,0,1712,6.8272,9.3,2.5,Y (1/4),0,F,1,R,Hyper Active,5,TH04.116,1607,BH1607,,,,,,,,,,,,,,,,,,,,,,,,,,,,,,,,,,,,,,,
MH638,1638,638,N,96 HR,96,,13,9,10,13,Pass,,0,1712,5.8154,9.5,2,Y (1/2),0,F,1,A,Active,3,TH04.116,1728,BH1728,,,,,,,,,,,,,,,,,,,,,,,,,,,,,,,,,,,,,,,
MH639,1639,639,N,96 HR,96,,13,9,10,13,Pass,,0,1712,7.3835,10.3,4,Y (1/2),0,M,0,A,Active,3,TH04.116,1282,BH1282,,,,,,,,,,,,,,,,,,,,,,,,,,,,,,,,,,,,,,,
MH640,1640,640,N,96 HR,96,,13,9,10,13,Pass,,0,1712,7.1318,10.5,4,Y (1/2),0,M,0,R,Hyper Active,5,TH04.116,1474,BH1474,,,,,,,,,,,,,,,,,,,,,,,,,,,,,,,,,,,,,,,
MH641,1641,641,N,96 HR,96,,13,9,10,13,Pass,,0,1712,6.9813,10,3.5,Y (1/4),0,M,0,R,Hyper Active,5,TH04.116,1962,BH1962,,,,,,,,,,,,,,,,,,,,,,,,,,,,,,,,,,,,,,,
MH642,1642,642,N,96 HR,96,,13,9,10,13,Pass,,0,1712,7.0906,10.3,4,Y (1/2),0,M,0,A,Active,3,TH04.116,1841,BH1841,,,,,,,,,,,,,,,,,,,,,,,,,,,,,,,,,,,,,,,
MH643,1643,643,N,96 HR,96,,13,9,10,13,Pass,,0,1712,7.3406,9.8,4,Y (1/2),0,M,0,A,Active,3,TH04.116,1434,BH1434,,,,,,,,,,,,,,,,,,,,,,,,,,,,,,,,,,,,,,,
,1,,,#N/A,,,,#N/A,#N/A,#N/A,#N/A,,,,,,,,,,,,,,,1635,BH1635,,,,,,,,,,,,,,,,,,,,,,,,,,,,,,,,,,,,,,,
MH645,1645,645,S/H,24 HR,24,,10,3,7,10,Pass,,2,1944,3.2304,6.8,2,Y,1,F,1,A,Active,3,TH04.120,1090,BH1090,,,,,,,,,,,,,,,,,,,,,,,,,,,,,,,,,,,,,,,
MH646,1646,646,S/H,24 HR,24,,10,3,7,10,Pass,,2,1944,3.4071,7,2,Y,1,F,1,A,Active,3,TH04.120,1140,BH1140,,,,,,,,,,,,,,,,,,,,,,,,,,,,,,,,,,,,,,,
MH647,1647,647,S/H,24 HR,24,,10,3,7,10,Pass,,2,1944,3.0733,7.1,2,Y,1,F,1,A,Active,3,TH04.120,1340,BH1340,,,,,,,,,,,,,,,,,,,,,,,,,,,,,,,,,,,,,,,
MH648,1648,648,S/H,48 HR,48,,11,3,8,11,Pass,,2,1944,4.2376,7.7,2,Y,1,F,1,A,Active,3,TH04.121,1066,BH1066,,,,,,,,,,,,,,,,,,,,,,,,,,,,,,,,,,,,,,,
MH649,1649,649,S/H,48 HR,48,,11,3,8,11,Pass,,2,1944,4.4019,7.5,3,Y,1,M,0,A,Active,3,TH04.121,1156,BH1156,,,,,,,,,,,,,,,,,,,,,,,,,,,,,,,,,,,,,,,
MH650,1650,650,S/H,48 HR,48,,11,3,8,11,Pass,,2,1944,2.448,6.3,3,Y,1,M,0,A,Active,3,TH04.121,1608,BH1608,,,,,,,,,,,,,,,,,,,,,,,,,,,,,,,,,,,,,,,
,1,,,#N/A,,,,#N/A,#N/A,#N/A,#N/A,,,,,,,,,,,,,,,,,,,,,,,,,,,,,,,,,,,,,,,,,,,,,,,,,,,,,,,
MH655,1655,655,S/N,24 HR,24,,10,5,7,10,Pass,CRYO,1,2106,7.7865,8,4,Y,1,M,0,A,Active,3,TH04.127,1284,BH1284,,,,,,,,,,,,,,,,,,,,,,,,,,,,,,,,,,,,,,,
MH656,1656,656,S/N,24 HR,24,,10,5,7,10,Pass,CRYO,1,2106,6.3388,8.5,3,Y,1,M,0,R,Hyper Active,5,TH04.127,1412,BH1412,,,,,,,,,,,,,,,,,,,,,,,,,,,,,,,,,,,,,,,
MH657,1657,657,S/N,24 HR,24,,10,5,7,10,Pass,CRYO,1,2106,6.679,8.9,2,Y,1,F,1,R,Hyper Active,5,TH04.127,1771,BH1771,,,,,,,,,,,,,,,,,,,,,,,,,,,,,,,,,,,,,,,
MH658,1658,658,S/N,48 HR,48,,11,5,8,11,Pass,CRYO,1,2106,7.0803,9.2,2,Y,1,M,0,A,Active,3,TH04.128,1323,BH1323,,,,,,,,,,,,,,,,,,,,,,,,,,,,,,,,,,,,,,,
MH659,1659,659,S/N,48 HR,48,,11,5,8,11,Pass,CRYO,1,2106,6.989,8.9,3,Y,1,F,1,L,Lethargic,1,TH04.128,1733,BH1733,,,,,,,,,,,,,,,,,,,,,,,,,,,,,,,,,,,,,,,
MH660,1660,660,S/N,96 HR,96,,13,5,10,13,Pass,CRYO,1,2106,9.5282,10.7,5,Y (1/2),0,M,0,R,Hyper Active,5,TH04.128,1842,BH1842,,,,,,,,,,,,,,,,,,,,,,,,,,,,,,,,,,,,,,,
MH661,1661,661,S/N,96 HR,96,,13,5,10,13,Pass,CRYO,1,2106,8.0747,10.5,4,Y (1/2),0,M,0,R,Hyper Active,5,TH04.128,1421,BH1421,,,,,,,,,,,,,,,,,,,,,,,,,,,,,,,,,,,,,,,
MH662,1662,662,S/N,96 HR,96,,13,5,10,13,Pass,CRYO,1,2106,7.515,10,2,Y,1,F,1,A,Active,3,TH04.128,1484,BH1484,,,,,,,,,,,,,,,,,,,,,,,,,,,,,,,,,,,,,,,
MH663,1663,663,S/H,24 HR,24,,10,3,7,10,Pass,CRYO,2,2107,4.602,7.5,2,Y,1,F,1,A,Active,3,TH04.127,1593,BH1593,,,,,,,,,,,,,,,,,,,,,,,,,,,,,,,,,,,,,,,
MH664,1664,664,S/H,24 HR,24,,10,3,7,10,Pass,CRYO,2,2107,3.4645,6.9,3,Y (1/2),0,M,0,A,Active,3,TH04.127,1698,BH1698,,,,,,,,,,,,,,,,,,,,,,,,,,,,,,,,,,,,,,,
MH665,1665,665,S/H,24 HR,24,,10,3,7,10,Pass,CRYO,2,2107,4.0414,7.9,2,Y,1,F,1,R,Hyper Active,5,TH04.127,1876,BH1876,,,,,,,,,,,,,,,,,,,,,,,,,,,,,,,,,,,,,,,
MH666,1666,666,S/H,48 HR,48,,11,3,8,11,Pass,CRYO,2,2107,4.347,7.6,4,Y,1,M,0,A,Active,3,TH04.128,1560,BH1560,,,,,,,,,,,,,,,,,,,,,,,,,,,,,,,,,,,,,,,
MH667,1667,667,S/H,48 HR,48,,11,3,8,11,Pass,CRYO,2,2107,3.6172,7.2,3,Y,1,M,0,A,Active,3,TH04.128,1600,BH1600,,,,,,,,,,,,,,,,,,,,,,,,,,,,,,,,,,,,,,,
MH668,1668,668,S/H,48 HR,48,,11,3,8,11,Pass,CRYO,2,2107,3.8501,7.1,2,Y,1,F,1,A,Active,3,TH04.128,1241,BH1241,,,,,,,,,,,,,,,,,,,,,,,,,,,,,,,,,,,,,,,
MH669,1669,669,S/H,48 HR,48,,11,3,8,11,Pass,CRYO,2,2107,3.0744,6.9,1,Y,1,F,1,L,Lethargic,1,TH04.128,1566,BH1566,,,,,,,,,,,,,,,,,,,,,,,,,,,,,,,,,,,,,,,
MH670,1670,670,S/H,48 HR,48,,11,3,8,11,Pass,CRYO,2,2107,4.9167,7.9,3.5,Y,1,M,0,A,Active,3,TH04.128,1981,BH1981,,,,,,,,,,,,,,,,,,,,,,,,,,,,,,,,,,,,,,,
MH671,1671,671,S/H,96 HR,96,,13,3,10,13,Pass,CRYO,2,2107,6.415,8.3,4,Y,1,M,0,A,Active,3,TH04.128,1487,BH1487,,,,,,,,,,,,,,,,,,,,,,,,,,,,,,,,,,,,,,,
MH672,1672,672,S/H,96 HR,96,,13,3,10,13,Pass,CRYO,2,2107,5.8519,8.5,4,Y,1,M,0,A,Active,3,TH04.128,1057,BH1057,,,,,,,,,,,,,,,,,,,,,,,,,,,,,,,,,,,,,,,
MH674,1674,674,S/H,96 HR,96,,13,3,10,13,Pass,CRYO,2,2107,5.7321,8.4,2,Y,1,F,1,A,Active,3,TH04.128,1294,BH1294,,,,,,,,,,,,,,,,,,,,,,,,,,,,,,,,,,,,,,,
MH675,1675,675,S/H,96 HR,96,,13,3,10,13,Pass,CRYO,2,2107,5.6859,8.2,2,Y,1,F,1,A,Active,3,TH04.128,1209,BH1209,,,,,,,,,,,,,,,,,,,,,,,,,,,,,,,,,,,,,,,
,1,,,#N/A,,,,#N/A,6,#N/A,#N/A,,,,,,,,,,,,,,,,,,,,,,,,,,,,,,,,,,,,,,,,,,,,,,,,,,,,,,,
MH680,1680,680,RV 7,48 HR,48,,9,7,8,9,Pass,IHC,6,1713,4.4202,6.9,3,Y,1,M,0,L,Lethargic,1,TH04.132,1356,BH1356,,,,,,,,,,,,,,,,,,,,,,,,,,,,,,,,,,,,,,,
MH681,1681,681,RV 7,48 HR,48,,9,7,8,9,Pass,IHC,6,1713,5.4544,7.3,3,Y,1,M,0,A,Active,3,TH04.132,1036,BH1036,,,,,,,,,,,,,,,,,,,,,,,,,,,,,,,,,,,,,,,
MH682,1682,682,RV 7,48 HR,48,,9,7,8,9,Pass,CRYO,6,1713,1.5508,7,2,Y,1,F,1,A,Active,3,TH04.132,1521,BH1521,,,,,,,,,,,,,,,,,,,,,,,,,,,,,,,,,,,,,,,
MH683,1683,683,RV 7,48 HR,48,,9,7,8,9,Pass,CRYO,6,1713,5.1881,7.5,2,Y,1,F,1,A,Active,3,TH04.132,1592,BH1592,,,,,,,,,,,,,,,,,,,,,,,,,,,,,,,,,,,,,,,
MH684,1684,684,RV 7,48 HR,48,,9,7,8,9,Pass,CRYO,6,1713,5.4984,7.6,2,Y,1,F,1,A,Active,3,TH04.132,1647,BH1647,,,,,,,,,,,,,,,,,,,,,,,,,,,,,,,,,,,,,,,
MH685,1685,685,RV 7,48 HR,48,,9,7,8,9,Pass,CRYO,6,1713,4.8239,7.5,2,Y,1,F,1,A,Active,3,TH04.132,1843,BH1843,,,,,,,,,,,,,,,,,,,,,,,,,,,,,,,,,,,,,,,
MH686,1686,686,RV 7,48 HR,48,,9,7,8,9,Pass,CRYO,6,1713,5.144,7.4,2,Y,1,F,1,A,Active,3,TH04.132,1885,BH1885,,,,,,,,,,,,,,,,,,,,,,,,,,,,,,,,,,,,,,,
,1,,,#N/A,,,,#N/A,6,#N/A,#N/A,,,,,,,,,,,,,,,,,,,,,,,,,,,,,,,,,,,,,,,,,,,,,,,,,,,,,,,
MH690,1690,690,RV 10,24 HR,24,,11,6,7,11,Pass,CRYO,5,2407,5.7053,8.5,2,Y (1/2),0,F,1,A,Active,3,TH04.137,1054,BH1054,,,,,,,,,,,,,,,,,,,,,,,,,,,,,,,,,,,,,,,
MH691,1691,691,RV 10,24 HR,24,,11,6,7,11,Pass,RNA,5,2407,4.3719,8.1,1.5,Y,1,F,1,L,Lethargic,1,TH04.137,1196,BH1196,,,,,,,,,,,,,,,,,,,,,,,,,,,,,,,,,,,,,,,
MH692,1692,692,RV 10,48 HR,48,,12,6,8,12,Pass,CRYO,5,2407,5.1968,8.8,2,Y,1,F,1,A,Active,3,TH04.137,1379,BH1379,,,,,,,,,,,,,,,,,,,,,,,,,,,,,,,,,,,,,,,
MH693,1693,693,RV 10,48 HR,48,,12,6,8,12,Pass,CRYO,5,2407,5.0321,8.5,3.5,Y (1/2),0,M,0,A,Active,3,TH04.137,1726,BH1726,,,,,,,,,,,,,,,,,,,,,,,,,,,,,,,,,,,,,,,
MH694,1694,694,RV 10,48 HR,48,,12,6,8,12,Pass,CRYO,5,2407,5.6912,9,4,Y,1,M,0,A,Active,3,TH04.137,1820,BH1820,,,,,,,,,,,,,,,,,,,,,,,,,,,,,,,,,,,,,,,
MH695,1695,695,RV 10,48 HR,48,,12,6,8,12,Pass,CRYO,5,2407,5.9968,8.9,4,Y,1,M,0,A,Active,3,TH04.137,1388,BH1388,,,,,,,,,,,,,,,,,,,,,,,,,,,,,,,,,,,,,,,
MH696,1696,696,RV 10,48 HR,48,,12,6,8,12,Pass,CRYO,5,2407,6.6281,9.4,4,Y (1/2),0,M,0,L,Lethargic,1,TH04.137,1476,BH1476,,,,,,,,,,,,,,,,,,,,,,,,,,,,,,,,,,,,,,,
MH697,1697,697,RV 10,48 HR,48,,12,6,8,12,Pass,CRYO,5,2407,4.4626,8.5,3,Y (1/2),0,M,0,L,Lethargic,1,TH04.137,1942,BH1942,,,,,,,,,,,,,,,,,,,,,,,,,,,,,,,,,,,,,,,
,1,,,#N/A,,,,#N/A,6,#N/A,#N/A,,,,,,,,,,,,,,,,,,,,,,,,,,,,,,,,,,,,,,,,,,,,,,,,,,,,,,,
MH700,1700,700,N,48 HR,48,,11,9,8,11,Pass,RNA,0,2268,8.0432,10.05,4,Y,1,M,0,L,Lethargic,1,TH04.140,1954,BH1954,,,,,,,,,,,,,,,,,,,,,,,,,,,,,,,,,,,,,,,
MH701,1701,701,N,48 HR,48,,11,9,8,11,Pass,CRYO,0,2268,7.6568,10.4,4,Y,1,M,0,A,Active,3,TH04.140,1032,BH1032,,,,,,,,,,,,,,,,,,,,,,,,,,,,,,,,,,,,,,,
MH702,1702,702,N,48 HR,48,,11,9,8,11,Pass,CRYO,0,2268,7.571,9.7,4,Y,1,M,0,R,HyperActive,5,TH04.140,1427,BH1427,,,,,,,,,,,,,,,,,,,,,,,,,,,,,,,,,,,,,,,
MH703,1703,703,N,48 HR,48,,11,9,8,11,Pass,CRYO,0,2268,6.8231,9.8,2,Y,1,F,1,A,Active,3,TH04.140,1578,BH1578,,,,,,,,,,,,,,,,,,,,,,,,,,,,,,,,,,,,,,,
MH704,1704,704,N,48 HR,48,,11,9,8,11,Pass,CRYO,0,2268,7.512,9.7,2,Y,1,F,1,A,Active,3,TH04.140,1739,BH1739,,,,,,,,,,,,,,,,,,,,,,,,,,,,,,,,,,,,,,,
MH705,1705,705,N,48 HR,48,,11,9,8,11,Pass,CRYO,0,2268,7.6753,9.9,2,Y,1,F,1,R,HyperActive,5,TH04.140,1473,BH1473,,,,,,,,,,,,,,,,,,,,,,,,,,,,,,,,,,,,,,,
MH706,1706,706,N,96 HR,96,,13,9,10,13,Pass,CRYO,0,2268,9.2759,11.2,4,Y (1/4),0,M,0,R,HyperActive,5,TH04.140,1660,BH1660,,,,,,,,,,,,,,,,,,,,,,,,,,,,,,,,,,,,,,,
MH707,1707,707,N,96 HR,96,,13,9,10,13,Pass,CRYO,0,2268,8.5551,10.6,2,N,0,F,1,A,Active,3,TH04.140,1824,BH1824,,,,,,,,,,,,,,,,,,,,,,,,,,,,,,,,,,,,,,,
MH708,1708,708,N,96 HR,96,,13,9,10,13,Pass,CRYO,0,2268,8.6598,10.9,2,Y,1,F,1,R,HyperActive,5,TH04.140,1401,BH1401,,,,,,,,,,,,,,,,,,,,,,,,,,,,,,,,,,,,,,,
,1,,,#N/A,,,,#N/A,6,#N/A,#N/A,,,,,,,,,,,,,,,,,,,,,,,,,,,,,,,,,,,,,,,,,,,,,,,,,,,,,,,
MH710,1710,710,L/H,24 HR,24,,10,2,7,10,Pass,CRYO,4,2350,1.5296,4.9,1,N,0,M,0,R,HyperActive,5,TH04.142,1035,BH1035,,,,,,,,,,,,,,,,,,,,,,,,,,,,,,,,,,,,,,,
MH711,1711,711,L/H,24 HR,24,,10,2,7,10,Pass,CRYO,4,2350,1.725,5,2,Y (1/2),0,M,0,R,HyperActive,5,TH04.142,1537,BH1537,,,,,,,,,,,,,,,,,,,,,,,,,,,,,,,,,,,,,,,
MH712,1712,712,L/H,24 HR,24,,10,2,7,10,Pass,CRYO,4,2350,1.7702,5.1,2,Y,1,M,0,A,Active,3,TH04.142,1782,BH1782,,,,,,,,,,,,,,,,,,,,,,,,,,,,,,,,,,,,,,,
MH713,1713,713,L/H,24 HR,24,,10,2,7,10,Pass,CRYO,4,2350,2.3931,5.7,2,Y,1,F,1,A,Active,3,TH04.142,1933,BH1933,,,,,,,,,,,,,,,,,,,,,,,,,,,,,,,,,,,,,,,
MH714,1714,714,L/H,24 HR,24,,10,2,7,10,Pass,CRYO,4,2349,2.9861,6.2,3,N,0,M,0,R,HyperActive,5,TH04.142,1230,BH1230,,,,,,,,,,,,,,,,,,,,,,,,,,,,,,,,,,,,,,,
MH715,1715,715,L/H,24 HR,24,,10,2,7,10,Pass,CRYO,4,2349,2.9997,6.4,2,Y,1,F,1,R,HyperActive,5,TH04.142,1846,BH1846,,,,,,,,,,,,,,,,,,,,,,,,,,,,,,,,,,,,,,,
MH716,1716,716,L/H,48 HR,48,,11,2,8,11,Pass,CRYO,4,2349,3.2218,6.3,3,Y,1,M,0,A,Active,3,TH04.143,1938,BH1938,,,,,,,,,,,,,,,,,,,,,,,,,,,,,,,,,,,,,,,
MH717,1717,717,L/H,48 HR,48,,11,2,8,11,Pass,CRYO,4,2349,3.2143,6.5,2,Y,1,F,1,A,Active,3,TH04.143,1940,BH1940,,,,,,,,,,,,,,,,,,,,,,,,,,,,,,,,,,,,,,,
MH718,1718,718,L/H,96 HR,96,,13,2,10,13,Pass,CRYO,4,2349,5.7634,7.8,4,Y,1,M,0,L,Lethargic,1,TH04.144,1211,BH1211,,,,,,,,,,,,,,,,,,,,,,,,,,,,,,,,,,,,,,,
MH719,1719,719,L/H,96 HR,96,,13,2,10,13,Pass,CRYO,4,2349,5.2971,7.6,4,Y,1,M,0,A,Active,3,TH04.144,1288,BH1288,,,,,,,,,,,,,,,,,,,,,,,,,,,,,,,,,,,,,,,
,1,,,#N/A,,,,#N/A,6,#N/A,#N/A,,,,,,,,,,,,,,,,,,,,,,,,,,,,,,,,,,,,,,,,,,,,,,,,,,,,,,,
MH720,1720,720,S/H,24 HR,24,,10,3,7,10,Pass,CRYO,2,2459,2.7864,6.3,1.5,Y (1/2),0,F,1,A,Active,3,TH05.005,1830,BH1830,,,,,,,,,,,,,,,,,,,,,,,,,,,,,,,,,,,,,,,
MH721,1721,721,S/H,24 HR,24,,10,3,7,10,Pass,CRYO,2,2459,3.1576,6.9,3.5,N,0,M,0,A,Active,3,TH05.005,1025,BH1025,,,,,,,,,,,,,,,,,,,,,,,,,,,,,,,,,,,,,,,
MH722,1722,722,S/H,24 HR,24,,10,3,7,10,Pass,CRYO,2,2459,2.7102,6.4,3,N,0,M,0,A,Active,3,TH05.005,1907,BH1907,,,,,,,,,,,,,,,,,,,,,,,,,,,,,,,,,,,,,,,
MH723,1723,723,S/H,48 HR,48,,11,3,8,11,Pass,RNA,2,2459,2.7394,6.5,3,Y,1,M,0,L,Lethargic,1,TH05.007,1186,BH1186,,,,,,,,,,,,,,,,,,,,,,,,,,,,,,,,,,,,,,,
MH724,1724,724,S/H,48 HR,48,,11,3,8,11,Pass,CRYO,2,2459,3.3143,6.8,3,Y,1,M,0,L,Lethargic,1,TH05.007,1438,BH1438,,,,,,,,,,,,,,,,,,,,,,,,,,,,,,,,,,,,,,,
MH725,1725,725,S/H,96 HR,96,,13,3,10,13,Pass,CRYO,2,2459,3.6055,6.8,2,Y,1,F,1,L,Lethargic,1,TH05.008,1407,BH1407,,,,,,,,,,,,,,,,,,,,,,,,,,,,,,,,,,,,,,,
MH726,1726,726,S/H,96 HR,96,,13,3,10,13,Pass,CRYO,2,2459,3.408,6.5,4,Y,1,M,0,L,Lethargic,1,TH05.008,1307,BH1307,,,,,,,,,,,,,,,,,,,,,,,,,,,,,,,,,,,,,,,
MH727,1727,727,S/H,96 HR,96,,13,3,10,13,Pass,CRYO,2,2459,3.3765,6.9,3,Y,1,M,0,L,Lethargic,1,TH05.008,1169,BH1169,,,,,,,,,,,,,,,,,,,,,,,,,,,,,,,,,,,,,,,
,1,,,#N/A,,,,#N/A,6,#N/A,#N/A,,,,,,,,,,,,,,,,,,,,,,,,,,,,,,,,,,,,,,,,,,,,,,,,,,,,,,,
MH728,1728,728,L/H,24 HR,24,,10,2,7,10,Pass,CRYO,4,2460,3.8315,7.2,2,Y,1,F,1,A,Active,3,TH05.005,1490,BH1490,,,,,,,,,,,,,,,,,,,,,,,,,,,,,,,,,,,,,,,
MH729,1729,729,L/H,24 HR,24,,10,2,7,10,Pass,CRYO,4,2460,4.3333,7.9,4,N,0,M,0,A,Active,3,TH05.005,1983,BH1983,,,,,,,,,,,,,,,,,,,,,,,,,,,,,,,,,,,,,,,
MH730,1730,730,L/H,48 HR,48,,11,2,8,11,Pass,CRYO,4,5460,3.917,7.5,2,Y,1,F,1,L,Lethargic,1,TH05.007,1203,BH1203,,,,,,,,,,,,,,,,,,,,,,,,,,,,,,,,,,,,,,,
MH731,1731,731,L/H,48 HR,48,,11,2,8,11,Pass,CRYO,4,5460,4.774,7.8,4,Y,1,M,0,L,Lethargic,1,TH05.007,1056,BH1056,,,,,,,,,,,,,,,,,,,,,,,,,,,,,,,,,,,,,,,
MH732,1732,732,L/H,48 HR,48,,11,2,8,11,Pass,CRYO,4,5460,4.789,7.7,4,Y,1,M,0,R,HyperActive,5,TH05.007,1410,BH1410,,,,,,,,,,,,,,,,,,,,,,,,,,,,,,,,,,,,,,,
MH733,1733,733,L/H,96 HR,96,,13,2,10,13,Pass,CRYO,4,2459,6.547,8.8,2,Y,1,F,1,A,Active,3,TH05.008,1046,BH1046,,,,,,,,,,,,,,,,,,,,,,,,,,,,,,,,,,,,,,,
MH734,1734,734,L/H,96 HR,96,,13,2,10,13,Pass,CRYO,4,2459,5.8489,8.1,2,Y,1,F,1,A,Active,3,TH05.008,1663,BH1663,,,,,,,,,,,,,,,,,,,,,,,,,,,,,,,,,,,,,,,
MH735,1735,735,L/H,96 HR,96,,13,2,10,13,Pass,CRYO,4,2459,4.4883,7.2,4,Y,1,M,0,A,Active,3,TH05.008,1979,BH1979,,,,,,,,,,,,,,,,,,,,,,,,,,,,,,,,,,,,,,,
,1,,,#N/A,,,,#N/A,6,#N/A,#N/A,,,,,,,,,,,,,,,,,,,,,,,,,,,,,,,,,,,,,,,,,,,,,,,,,,,,,,,
MH736,1736,736,RV 10,48 hR,48,48,12,6,8,12,Pass,FAILED PROTOCOL,5,2496,4.6389,7.7,4,Y,1,M,0,A,Active,3,TH05.011,1182,BH1182,,,,,,,,,,,9,4.0459,7.1,3,,,,,,,,,,,,,,,,,,,,,,,,,
MH737,1737,737,RV 10,48 HR,48,48,12,6,8,12,Pass,FAILED PROTOCOL,5,2496,5.2304,7.9,4,Y,1,M,0,A,Active,3,TH05.011,1247,BH1247,,,,,,,,,,,9,5.1007,7.6,3,,,,,,,,,,,,,,,,,,,,,,,,,
,,,,#N/A,,,,#N/A,6,#N/A,#N/A,,,,,,,,,,,,,,,,,,,,,,,,,,,,,,,,,,,,,,,,,,,,,,,,,,,,,,,
MH738,1738,738,RV 10,96 HR,96,96,14,6,10,14,Pass,FAILED PROTOCOL,5,2496,7.2912,8.9,4,y,1,M,0,L,Lethargic,1,TH05.012,1466,BH1466,,,,,,,,,,,9,4.532,7.7,3,,,,,,,,,,,,,,,,,,,,,,,,,
MH739,1739,739,RV 10,96 HR,96,96,14,6,10,14,Pass,FAILED PROTOCOL,5,2496,6.2921,8.5,4,y,1,M,0,L,Lethargic,1,TH05.012,1569,BH1569,,,,,,,,,,,9,4.1309,7.2,3,,,,,,,,,,,,,,,,,,,,,,,,,
MH740,1740,740,RV 10,96 HR,96,96,14,6,10,14,Pass,FAILED PROTOCOL,5,2496,5.522,9.4,4,y,1,M,0,A,Active,3,TH05.012,1400,BH1400,,,,,,,,,,,9,4.4325,6.9,3,,,,,,,,,,,,,,,,,,,,,,,,,
MH741,1741,741,RV 10,96 HR,96,96,14,6,10,14,Pass,FAILED PROTOCOL,5,2496,6.5423,9.1,2,y,1,F,1,A,Active,3,TH05.012,1641,BH1641,,,,,,,,,,,9,5.468,8.2,4,,,,,,,,,,,,,,,,,,,,,,,,,
MH742,1742,742,RV 10,96 HR,96,96,14,6,10,14,Pass,FAILED PROTOCOL,5,2496,6.2489,9,4,y,1,M,0,A,Active,3,TH05.012,1015,BH1015,,,,,,,,,,,9,5.1743,8.2,2,,,,,,,,,,,,,,,,,,,,,,,,,
MH743,1743,743,RV 10,96 HR,96,96,14,6,10,14,Pass,FAILED PROTOCOL,5,2496,DOT,DOT,DOT,DOT,DOT,M,DOT,DOT,DOT,DOT,DOT,1452,BH1452,,,,,,,,,,,9,5.2783,8.3,3,,,,,,,,,,,,,,,,,,,,,,,,,
,,,,#N/A,,,,#N/A,6,#N/A,#N/A,,,,,,,,,,,,,,,,,,,,,,,,,,,,,,,,,,,,,,,,,,,,,,,,,,,,,,,
MH738,1738,738,N,96 HR,24,0,10,8,7,10,Pass,FAILED PROTOCOL,0,2496,4.532,7.7,7.7,,,M,0,A,Active,3,TH05.012,,,,,,,,,,,,,,,,,,,,,,,,,,,,,,,,,,,,,,,,,
MH739,1739,739,N,96 HR,24,0,10,8,7,10,Pass,FAILED PROTOCOL,0,2496,4.1309,7.2,7.2,,,M,0,A,Active,3,TH05.012,,,,,,,,,,,,,,,,,,,,,,,,,,,,,,,,,,,,,,,,,
MH740,1740,740,N,96 HR,24,0,10,8,7,10,Pass,FAILED PROTOCOL,0,2496,4.4325,6.9,6.9,,,M,0,A,Active,3,TH05.012,,,,,,,,,,,,,,,,,,,,,,,,,,,,,,,,,,,,,,,,,
MH741,1741,741,N,96 HR,24,0,10,8,7,10,Pass,FAILED PROTOCOL,0,2496,5.468,8.2,8.2,,,M,0,A,Active,3,TH05.012,,,,,,,,,,,,,,,,,,,,,,,,,,,,,,,,,,,,,,,,,
MH742,1742,742,N,96 HR,24,0,10,8,7,10,Pass,FAILED PROTOCOL,0,2496,5.1743,8.2,8.2,,,F,1,A,Active,3,TH05.012,,,,,,,,,,,,,,,,,,,,,,,,,,,,,,,,,,,,,,,,,
MH743,1743,743,N,96 HR,24,0,10,8,7,10,Pass,FAILED PROTOCOL,0,2496,5.2783,8.3,8.3,,,M,0,A,Active,3,TH05.012,,,,,,,,,,,,,,,,,,,,,,,,,,,,,,,,,,,,,,,,,
,,,,#N/A,,,,#N/A,6,#N/A,#N/A,,,,,,,,,,,,,,,,,,,,,,,,,,,,,,,,,,,,,,,,,,,,,,,,,,,,,,,
MH736,1736,736,N,48 hR,24,0,10,8,7,10,Pass,FAILED PROTOCOL,0,2496,4.0459,7.1,3,,,M,0,A,Active,3,TH05.011,,,,,,,,,,,,,,,,,,,,,,,,,,,,,,,,,,,,,,,,,
MH737,1737,737,N,48 HR,24,0,10,8,7,10,Pass,FAILED PROTOCOL,0,2496,5.1007,7.6,3,,,M,0,A,Active,3,TH05.011,,,,,,,,,,,,,,,,,,,,,,,,,,,,,,,,,,,,,,,,,
,,,,#N/A,,,,#N/A,6,#N/A,#N/A,,,,,,,,,,,,,,,,,,,,,,,,,,,,,,,,,,,,,,,,,,,,,,,,,,,,,,,
MH738,1738,738,RV 10,96 HR,0,0,10,6,6,10,Pass,FAILED PROTOCOL,5,2496,4.532,7.7,7.7,,,M,0,A,Active,3,TH05.012,,,,,,,,,,,,,,,,,,,,,,,,,,,,,,,,,,,,,,,,,
MH739,1739,739,RV 10,96 HR,0,0,10,6,6,10,Pass,FAILED PROTOCOL,5,2496,4.1309,7.2,7.2,,,M,0,A,Active,3,TH05.012,,,,,,,,,,,,,,,,,,,,,,,,,,,,,,,,,,,,,,,,,
MH740,1740,740,RV 10,96 HR,0,0,10,6,6,10,Pass,FAILED PROTOCOL,5,2496,4.4325,6.9,6.9,,,M,0,A,Active,3,TH05.012,,,,,,,,,,,,,,,,,,,,,,,,,,,,,,,,,,,,,,,,,
MH741,1741,741,RV 10,96 HR,0,0,10,6,6,10,Pass,FAILED PROTOCOL,5,2496,5.468,8.2,8.2,,,M,0,A,Active,3,TH05.012,,,,,,,,,,,,,,,,,,,,,,,,,,,,,,,,,,,,,,,,,
MH742,1742,742,RV 10,96 HR,0,0,10,6,6,10,Pass,FAILED PROTOCOL,5,2496,5.1743,8.2,8.2,,,F,1,A,Active,3,TH05.012,,,,,,,,,,,,,,,,,,,,,,,,,,,,,,,,,,,,,,,,,
MH743,1743,743,RV 10,96 HR,0,0,10,6,6,10,Pass,FAILED PROTOCOL,5,2496,5.2783,8.3,8.3,,,M,0,A,Active,3,TH05.012,,,,,,,,,,,,,,,,,,,,,,,,,,,,,,,,,,,,,,,,,
,,,,#N/A,,,,#N/A,6,#N/A,#N/A,,,,,,,,,,,,,,,,,,,,,,,,,,,,,,,,,,,,,,,,,,,,,,,,,,,,,,,
MH736,1736,736,RV 10,48 hR,0,0,10,6,6,10,Pass,FAILED PROTOCOL,5,2496,4.0459,7.1,3,,,M,0,A,Active,3,TH05.011,,,,,,,,,,,,,,,,,,,,,,,,,,,,,,,,,,,,,,,,,
MH737,1737,737,RV 10,48 HR,0,0,10,6,6,10,Pass,FAILED PROTOCOL,5,2496,5.1007,7.6,3,,,M,0,A,Active,3,TH05.011,,,,,,,,,,,,,,,,,,,,,,,,,,,,,,,,,,,,,,,,,
,,,,#N/A,,,,#N/A,6,#N/A,#N/A,,,,,,,,,,,,,,,,,,,,,,,,,,,,,,,,,,,,,,,,,,,,,,,,,,,,,,,
MH745,1745,745,N,48,-48,0,7,8,4,7,Pass,CRYO,0,1712,4.6958,7.7,3,NV,0,M,0,A,Active,3,TH05.022,1292,BH1292,1749,BH1749,,,,,,,,,,,,,,10,4.3545,7.4,3,,,,,,,,,,,,,,,,,,,,
MH746,1746,746,N,48,-48,0,7,8,4,7,Pass,CRYO,0,1712,4.0035,7.2,2,NV,0,F,1,A,Active,3,TH05.022,1570,BH1570,1764,BH1764,,,,,,,,,,,,,,10,3.9272,7.1,2,,,,,,,,,,,,,,,,,,,,
MH747,1747,747,N,48,-48,0,7,8,4,7,Pass,CRYO,0,1712,4.933,7.7,3.5,NV,0,M,0,A,Active,3,TH05.022,1310,BH1310,1359,BH1359,,,,,,,,,,,,,,10,3.5546,7.03,3,,,,,,,,,,,,,,,,,,,,
MH748,1748,748,N,96,-48,0,7,8,4,7,Pass,BURRITO,0,1712,4.3495,7.7,2,NV,0,F,1,A,Active,3,TH05.022,1848,BH1848,1861,BH1861,1037,BH1037,,,,,,,,,,,,10,3.2568,6.7,2,,,,,,,,,,,,,,,,,,,,
MH749,1749,749,N,48,-48,0,7,8,4,7,Pass,CRYO,0,1712,4.4703,7.6,2,NV,0,F,1,A,Active,3,TH05.022,1110,BH1110,1354,BH1354,1552,BH1552,,,,,,,,,,,,10,4.3451,7.4,2,,,,,,,,,,,,,,,,,,,,
MH750,1750,750,N,48,-48,0,7,8,4,7,Pass,CRYO,0,1712,4.3667,7.3,3,NV,0,M,0,A,Active,3,TH05.022,1997,BH1997,1406,BH1406,,,,,,,,,,,,,,10,4.1891,7.1,3,,,,,,,,,,,,,,,,,,,,
MH751,1751,751,N,96,-48,0,7,8,4,7,Pass,BURRITO,0,1712,4.2127,7.3,2,NV,0,F,1,A,Active,3,TH05.022,1712,BH1712,1454,BH1454,1190,BH1190,,,,,,,,,,,,10,4.0702,7.4,2,,,,,,,,,,,,,,,,,,,,
MH752,1752,752,N,96,-48,0,7,8,4,7,Pass,BURRITO,0,1712,4.1249,7.2,2,NV,0,F,1,A,Active,3,TH05.022,1628,BH1628,1541,BH1541,1539,BH1539,,,,,,,,,,,,10,4.0092,7.2,2,,,,,,,,,,,,,,,,,,,,
MH753,1753,753,N,24,-48,0,7,8,4,7,Pass,CRYO,0,2561,4.2339,7.3,3,NV,0,M,0,A,Active,3,TH05.022,1296,BH1296,,,,,,,,,,,,,,,,10,,,,,,,,,,,,,,,,,,,,,,,
MH754,1754,754,N,24,-48,0,7,8,4,7,Pass,CRYO,0,2561,3.0507,7.2,2,NV,0,F,1,A,Active,3,TH05.022,1741,BH1741,,,,,,,,,,,,,,,,10,,,,,,,,,,,,,,,,,,,,,,,
MH755,1755,755,N,48,-48,0,7,8,4,7,Pass,CRYO,0,2561,3.6348,7.1,4,NV,0,M,0,A,Active,3,TH05.022,1152,BH1152,1422,BH1422,,,,,,,,,,,,,,10,3.8302,6.5,4,,,,,,,,,,,,,,,,,,,,
MH756,1756,756,N,48,-48,0,7,8,4,7,Pass,CRYO,0,2561,4.0006,7.4,3,NV,0,M,0,A,Active,3,TH05.022,1050,BH1050,1365,BH1365,,,,,,,,,,,,,,10,3.8428,7.2,4,,,,,,,,,,,,,,,,,,,,
MH757,1757,757,N,48,-48,0,7,8,4,7,Pass,CRYO,0,2561,3.7282,7.1,4,NV,0,M,0,A,Active,3,TH05.022,1497,BH1497,1499,BH1499,,,,,,,,,,,,,,10,3.4605,6.7,4,,,,,,,,,,,,,,,,,,,,
MH758,1758,758,N,24,-48,0,7,8,4,7,Pass,CRYO,0,2561,3.9315,7.4,2,NV,0,F,1,A,Active,3,TH05.022,1926,BH1926,,,,,,,,,,,,,,,,10,,,,,,,,,,,,,,,,,,,,,,,
MH759,1759,759,N,48,-48,0,7,8,4,7,Pass,CRYO,0,2561,3.9176,6.8,3,NV,0,M,0,A,Active,3,TH05.022,1582,BH1582,1589,BH1589,,,,,,,,,,,,,,10,3.9205,6.8,3,,,,,,,,,,,,,,,,,,,,
MH760,1760,760,N,48,-48,0,7,8,4,7,Pass,CRYO,0,2561,3.8583,7.2,3,NV,0,M,0,A,Active,3,TH05.022,1299,BH1299,1801,BH1801,,,,,,,,,,,,,,10,3.4013,6.7,4,,,,,,,,,,,,,,,,,,,,
MH761,1761,761,N,96,-48,0,7,8,4,7,Pass,BURRITO,0,2561,3.9665,7.1,2,NV,0,F,1,A,Active,3,TH05.022,1449,BH1449,1944,BH1944,1965,BH1965,,,,,,,,,,,,10,3.6717,6.8,2,,,,,,,,,,,,,,,,,,,,
MH762,1762,762,N,48,-48,0,7,8,4,7,Pass,CRYO,0,2561,3.5634,6.9,2,NV,0,F,1,A,Active,3,TH05.022,1006,BH1006,1185,BH1185,,,,,,,,,,,,,,10,3.1387,6.7,2,,,,,,,,,,,,,,,,,,,,
MH763,1763,763,N,24,-48,0,7,8,4,7,Pass,CRYO,0,2561,3.6324,,,NV,0,F,1,A,Active,3,TH05.022,1575,BH1575,,,,,,,,,,,,,,,,10,,,,,,,,,,,,,,,,,,,,,,,
MH764,1764,764,N,48,-48,0,7,8,4,7,Pass,CRYO,0,2561,4.1491,,,NV,0,M,0,A,Active,3,TH05.022,1597,BH1597,1994,BH1994,,,,,,,,,,,,,,10,3.7274,6.8,3,,,,,,,,,,,,,,,,,,,,
,,,,,,,,,,#N/A,,,,,,,,,,,,,,,,,,,,,,,,,,,,,,,,,,,,,,,,,,,,,,,,,,,,,,,,
MH745,1745,745,RV 7,48,0,0,7,7,6,7,Pass,CRYO,6,1712,4.6958,7.7,3,NV,0,M,0,A,Active,3,TH05.022,1292,BH1292,1749,BH1749,,,,,,,,,,,,,,10,4.3545,7.4,3,,,,,,,,,,,,,,,,,,,,
MH746,1746,746,RV 7,48,0,0,7,7,6,7,Pass,CRYO,6,1712,4.0035,7.2,2,NV,0,F,1,A,Active,3,TH05.022,1570,BH1570,1764,BH1764,,,,,,,,,,,,,,10,3.9272,7.1,2,,,,,,,,,,,,,,,,,,,,
MH747,1747,747,RV 7,48,0,0,7,7,6,7,Pass,CRYO,6,1712,4.933,7.7,3.5,NV,0,M,0,A,Active,3,TH05.022,1310,BH1310,1359,BH1359,,,,,,,,,,,,,,10,3.5546,7.03,3,,,,,,,,,,,,,,,,,,,,
MH748,1748,748,RV 7,96,0,0,7,7,6,7,Pass,BURRITO,6,1712,4.3495,7.7,2,NV,0,F,1,A,Active,3,TH05.022,1848,BH1848,1861,BH1861,1037,BH1037,,,,,,,,,,,,10,3.2568,6.7,2,,,,,,,,,,,,,,,,,,,,
MH749,1749,749,RV 7,48,0,0,7,7,6,7,Pass,CRYO,6,1712,4.4703,7.6,2,NV,0,F,1,A,Active,3,TH05.022,1110,BH1110,1354,BH1354,1552,BH1552,,,,,,,,,,,,10,4.3451,7.4,2,,,,,,,,,,,,,,,,,,,,
MH750,1750,750,RV 7,48,0,0,7,7,6,7,Pass,CRYO,6,1712,4.3667,7.3,3,NV,0,M,0,A,Active,3,TH05.022,1997,BH1997,1406,BH1406,,,,,,,,,,,,,,10,4.1891,7.1,3,,,,,,,,,,,,,,,,,,,,
MH751,1751,751,RV 7,96,0,0,7,7,6,7,Pass,BURRITO,6,1712,4.2127,7.3,2,NV,0,F,1,A,Active,3,TH05.022,1712,BH1712,1454,BH1454,1190,BH1190,,,,,,,,,,,,10,4.0702,7.4,2,,,,,,,,,,,,,,,,,,,,
MH752,1752,752,RV 7,96,0,0,7,7,6,7,Pass,BURRITO,6,1712,4.1249,7.2,2,NV,0,F,1,A,Active,3,TH05.022,1628,BH1628,1541,BH1541,1539,BH1539,,,,,,,,,,,,10,4.0092,7.2,2,,,,,,,,,,,,,,,,,,,,
MH753,1753,753,RV 7,24,0,0,7,7,6,7,Pass,CRYO,6,2561,4.2339,7.3,3,NV,0,M,0,A,Active,3,TH05.022,1296,BH1296,,,,,,,,,,,,,,,,10,,,,,,,,,,,,,,,,,,,,,,,
MH754,1754,754,RV 7,24,0,0,7,7,6,7,Pass,CRYO,6,2561,3.0507,7.2,2,NV,0,F,1,A,Active,3,TH05.022,1741,BH1741,,,,,,,,,,,,,,,,10,,,,,,,,,,,,,,,,,,,,,,,
MH755,1755,755,RV 7,48,0,0,7,7,6,7,Pass,CRYO,6,2561,3.6348,7.1,4,NV,0,M,0,A,Active,3,TH05.022,1152,BH1152,1422,BH1422,,,,,,,,,,,,,,10,3.8302,6.5,4,,,,,,,,,,,,,,,,,,,,
MH756,1756,756,RV 7,48,0,0,7,7,6,7,Pass,CRYO,6,2561,4.0006,7.4,3,NV,0,M,0,A,Active,3,TH05.022,1050,BH1050,1365,BH1365,,,,,,,,,,,,,,10,3.8428,7.2,4,,,,,,,,,,,,,,,,,,,,
MH757,1757,757,RV 7,48,0,0,7,7,6,7,Pass,CRYO,6,2561,3.7282,7.1,4,NV,0,M,0,A,Active,3,TH05.022,1497,BH1497,1499,BH1499,,,,,,,,,,,,,,10,3.4605,6.7,4,,,,,,,,,,,,,,,,,,,,
MH758,1758,758,RV 7,24,0,0,7,7,6,7,Pass,CRYO,6,2561,3.9315,7.4,2,NV,0,F,1,A,Active,3,TH05.022,1926,BH1926,,,,,,,,,,,,,,,,10,,,,,,,,,,,,,,,,,,,,,,,
MH759,1759,759,RV 7,48,0,0,7,7,6,7,Pass,CRYO,6,2561,3.9176,6.8,3,NV,0,M,0,A,Active,3,TH05.022,1582,BH1582,1589,BH1589,,,,,,,,,,,,,,10,3.9205,6.8,3,,,,,,,,,,,,,,,,,,,,
MH760,1760,760,RV 7,48,0,0,7,7,6,7,Pass,CRYO,6,2561,3.8583,7.2,3,NV,0,M,0,A,Active,3,TH05.022,1299,BH1299,1801,BH1801,,,,,,,,,,,,,,10,3.4013,6.7,4,,,,,,,,,,,,,,,,,,,,
MH761,1761,761,RV 7,96,0,0,7,7,6,7,Pass,BURRITO,6,2561,3.9665,7.1,2,NV,0,F,1,A,Active,3,TH05.022,1449,BH1449,1944,BH1944,1965,BH1965,,,,,,,,,,,,10,3.6717,6.8,2,,,,,,,,,,,,,,,,,,,,
MH762,1762,762,RV 7,48,0,0,7,7,6,7,Pass,CRYO,6,2561,3.5634,6.9,2,NV,0,F,1,A,Active,3,TH05.022,1006,BH1006,1185,BH1185,,,,,,,,,,,,,,10,3.1387,6.7,2,,,,,,,,,,,,,,,,,,,,
MH763,1763,763,RV 7,24,0,0,7,7,6,7,Pass,CRYO,6,2561,3.6324,,,NV,0,F,1,A,Active,3,TH05.022,1575,BH1575,,,,,,,,,,,,,,,,10,,,,,,,,,,,,,,,,,,,,,,,
MH764,1764,764,RV 7,48,0,0,7,7,6,7,Pass,CRYO,6,2561,4.1491,,,NV,0,M,0,A,Active,3,TH05.022,1597,BH1597,1994,BH1994,,,,,,,,,,,,,,10,3.7274,6.8,3,,,,,,,,,,,,,,,,,,,,
,,,,,,,,,,,,,,,,,,,,,,,,,,,,,,,,,,,,,,,,,,,,,,,,,,,,,,,,,,,,,,,,,,
MH745,1745,745,RV 7,48,24,,8,7,7,8,Pass,CRYO,6,1712,4.3545,7.4,3,,,M,0,L,Lethargic,1,TH05.022,1292,BH1292,1749,BH1749,,,,,,,,,,,,,,,,,,,,,,,,,,,,,,,,,,,,,
MH746,1746,746,RV 7,48,24,,8,7,7,8,Pass,CRYO,6,1712,3.9272,7.1,2,,,F,1,L,Lethargic,1,TH05.022,1570,BH1570,1764,BH1764,,,,,,,,,,,,,,,,,,,,,,,,,,,,,,,,,,,,,
MH747,1747,747,RV 7,48,24,,8,7,7,8,Pass,CRYO,6,1712,3.5546,7,3,,,M,0,L,Lethargic,1,TH05.022,1310,BH1310,1359,BH1359,,,,,,,,,,,,,,,,,,,,,,,,,,,,,,,,,,,,,
MH748,1748,748,RV 7,96,24,,8,7,7,8,Pass,BURRITO,6,1712,3.2568,6.7,2,,,F,1,L,Lethargic,1,TH05.022,1848,BH1848,1861,BH1861,1037,BH1037,,,,,,,,,,,,,,,,,,,,,,,,,,,,,,,,,,,
MH749,1749,749,RV 7,48,24,,8,7,7,8,Pass,CRYO,6,1712,4.3451,7.4,2,,,F,1,L,Lethargic,1,TH05.022,1110,BH1110,1354,BH1354,1552,BH1552,,,,,,,,,,,,,,,,,,,,,,,,,,,,,,,,,,,
MH750,1750,750,RV 7,48,24,,8,7,7,8,Pass,CRYO,6,1712,4.1891,7.1,3,,,M,0,L,Lethargic,1,TH05.022,1997,BH1997,1406,BH1406,,,,,,,,,,,,,,,,,,,,,,,,,,,,,,,,,,,,,
MH751,1751,751,RV 7,96,24,,8,7,7,8,Pass,BURRITO,6,1712,4.0702,7.4,2,,,F,1,L,Lethargic,1,TH05.022,1712,BH1712,1454,BH1454,1190,BH1190,,,,,,,,,,,,,,,,,,,,,,,,,,,,,,,,,,,
MH752,1752,752,RV 7,96,24,,8,7,7,8,Pass,BURRITO,6,1712,4.0092,7.2,2,,,F,1,L,Lethargic,1,TH05.022,1628,BH1628,1541,BH1541,1539,BH1539,,,,,,,,,,,,,,,,,,,,,,,,,,,,,,,,,,,
MH753,1753,753,RV 7,24,24,,8,7,7,8,Pass,CRYO,6,2561,4.4589,7,3,Y,1,M,0,L,Lethargic,1,TH05.022,1296,BH1296,,,,,,,,,,,,,,,,,,,,,,,,,,,,,,,,,,,,,,,
MH754,1754,754,RV 7,24,24,,8,7,7,8,Pass,CRYO,6,2561,3.2136,6.2,2,Y,1,F,1,L,Lethargic,1,TH05.022,1741,BH1741,,,,,,,,,,,,,,,,,,,,,,,,,,,,,,,,,,,,,,,
MH755,1755,755,RV 7,48,24,,8,7,7,8,Pass,CRYO,6,2561,3.8302,6.5,4,,,M,0,L,Lethargic,1,TH05.022,1152,BH1152,1422,BH1422,,,,,,,,,,,,,,,,,,,,,,,,,,,,,,,,,,,,,
MH756,1756,756,RV 7,48,24,,8,7,7,8,Pass,CRYO,6,2561,3.8428,7.2,4,,,M,0,L,Lethargic,1,TH05.022,1050,BH1050,1365,BH1365,,,,,,,,,,,,,,,,,,,,,,,,,,,,,,,,,,,,,
MH757,1757,757,RV 7,48,24,,8,7,7,8,Pass,CRYO,6,2561,3.4605,6.7,4,,,M,0,L,Lethargic,1,TH05.022,1497,BH1497,1499,BH1499,,,,,,,,,,,,,,,,,,,,,,,,,,,,,,,,,,,,,
MH758,1758,758,RV 7,24,24,,8,7,7,8,Pass,CRYO,6,2561,4.0348,6.7,2,Y,1,F,1,L,Lethargic,1,TH05.022,1926,BH1926,,,,,,,,,,,,,,,,,,,,,,,,,,,,,,,,,,,,,,,
MH759,1759,759,RV 7,48,24,,8,7,7,8,Pass,CRYO,6,2561,3.9205,6.8,3,,,M,0,L,Lethargic,1,TH05.022,1582,BH1582,1589,BH1589,,,,,,,,,,,,,,,,,,,,,,,,,,,,,,,,,,,,,
MH760,1760,760,RV 7,48,24,,8,7,7,8,Pass,CRYO,6,2561,3.4013,6.4,4,,,M,0,L,Lethargic,1,TH05.022,1299,BH1299,1801,BH1801,,,,,,,,,,,,,,,,,,,,,,,,,,,,,,,,,,,,,
MH761,1761,761,RV 7,96,24,,8,7,7,8,Pass,BURRITO,6,2561,3.6717,6.8,2,,,F,1,L,Lethargic,1,TH05.022,1449,BH1449,1944,BH1944,1965,BH1965,,,,,,,,,,,,,,,,,,,,,,,,,,,,,,,,,,,
MH762,1762,762,RV 7,48,24,,8,7,7,8,Pass,CRYO,6,2561,3.1387,6.7,2,,,F,1,L,Lethargic,1,TH05.022,1006,BH1006,1185,BH1185,,,,,,,,,,,,,,,,,,,,,,,,,,,,,,,,,,,,,
MH763,1763,763,RV 7,24,24,,8,7,7,8,Pass,CRYO,6,2561,3.9583,6.7,2,Y,1,F,1,L,Lethargic,1,TH05.022,1575,BH1575,,,,,,,,,,,,,,,,,,,,,,,,,,,,,,,,,,,,,,,
MH764,1764,764,RV 7,48,24,,8,7,7,8,Pass,CRYO,6,2561,3.7274,6.8,3,,,M,0,L,Lethargic,1,TH05.022,1597,BH1597,1994,BH1994,,,,,,,,,,,,,,,,,,,,,,,,,,,,,,,,,,,,,
,,,,,,,,,,,,,,,,,,,,,,,,,,,,,,,,,,,,,,,,,,,,,,,,,,,,,,,,,,,,,,,,,,
MH745,1745,745,RV 7,48,48,,9,7,8,9,Pass,CRYO,6,1712,5.3843,8.1,4,,,M,0,A,Active,3,TH05.022,1292,BH1292,1749,BH1749,,,,,,,,,,,,,,,,,,,,,,,,,,,,,,,,,,,,,
MH746,1746,746,RV 7,48,48,,9,7,8,9,Pass,CRYO,6,1712,4.7127,7.7,2,,,F,1,L,Lethargic,1,TH05.022,1570,BH1570,1764,BH1764,,,,,,,,,,,,,,,,,,,,,,,,,,,,,,,,,,,,,
MH747,1747,747,RV 7,48,48,,9,7,8,9,Pass,CRYO,6,1712,4.0131,8,4,,,M,0,A,Active,3,TH05.022,1310,BH1310,1359,BH1359,,,,,,,,,,,,,,,,,,,,,,,,,,,,,,,,,,,,,
MH748,1748,748,RV 7,96,48,,9,7,8,9,Pass,BURRITO,6,1712,3.8552,,,,,F,1,L,Lethargic,1,TH05.022,1848,BH1848,1861,BH1861,1037,BH1037,,,,,,,,,,,,,,,,,,,,,,,,,,,,,,,,,,,
MH749,1749,749,RV 7,48,48,,9,7,8,9,Pass,CRYO,6,1712,5.3291,,,,,F,1,L,Lethargic,1,TH05.022,1110,BH1110,1354,BH1354,1552,BH1552,,,,,,,,,,,,,,,,,,,,,,,,,,,,,,,,,,,
MH750,1750,750,RV 7,48,48,,9,7,8,9,Pass,CRYO,6,1712,4.8125,7.7,2,,,M,0,L,Lethargic,1,TH05.022,1997,BH1997,1406,BH1406,,,,,,,,,,,,,,,,,,,,,,,,,,,,,,,,,,,,,
MH751,1751,751,RV 7,96,48,,9,7,8,9,Pass,BURRITO,6,1712,4.7041,,,,,F,1,L,Lethargic,1,TH05.022,1712,BH1712,1454,BH1454,1190,BH1190,,,,,,,,,,,,,,,,,,,,,,,,,,,,,,,,,,,
MH752,1752,752,RV 7,96,48,,9,7,8,9,Pass,BURRITO,6,1712,4.7617,,,,,F,1,L,Lethargic,1,TH05.022,1628,BH1628,1541,BH1541,1539,BH1539,,,,,,,,,,,,,,,,,,,,,,,,,,,,,,,,,,,
MH755,1755,755,RV 7,48,48,,9,7,8,9,Pass,CRYO,6,2561,4.3883,7.3,4,,,M,0,L,Lethargic,1,TH05.022,1152,BH1152,1422,BH1422,,,,,,,,,,,,,,,,,,,,,,,,,,,,,,,,,,,,,
MH756,1756,756,RV 7,48,48,,9,7,8,9,Pass,CRYO,6,2561,4.8809,7.3,4,,,M,0,L,Lethargic,1,TH05.022,1050,BH1050,1365,BH1365,,,,,,,,,,,,,,,,,,,,,,,,,,,,,,,,,,,,,
MH757,1757,757,RV 7,48,48,,9,7,8,9,Pass,CRYO,6,2561,4.4949,7.4,4,,,M,0,L,Lethargic,1,TH05.022,1497,BH1497,1499,BH1499,,,,,,,,,,,,,,,,,,,,,,,,,,,,,,,,,,,,,
MH759,1759,759,RV 7,48,48,,9,7,8,9,Pass,CRYO,6,2561,4.5712,7.4,4,,,M,0,L,Lethargic,1,TH05.022,1582,BH1582,1589,BH1589,,,,,,,,,,,,,,,,,,,,,,,,,,,,,,,,,,,,,
MH760,1760,760,RV 7,48,48,,9,7,8,9,Pass,CRYO,6,2561,4.3245,7.4,3,,,M,0,L,Lethargic,1,TH05.022,1299,BH1299,1801,BH1801,,,,,,,,,,,,,,,,,,,,,,,,,,,,,,,,,,,,,
MH761,1761,761,RV 7,96,48,,9,7,8,9,Pass,BURRITO,6,2561,4.2268,7.4,2,,,F,1,L,Lethargic,1,TH05.022,1449,BH1449,1944,BH1944,1965,BH1965,,,,,,,,,,,,,,,,,,,,,,,,,,,,,,,,,,,
MH762,1762,762,RV 7,48,48,,9,7,8,9,Pass,CRYO,6,2561,4.61,,,,,F,1,L,Lethargic,1,TH05.022,1006,BH1006,1185,BH1185,,,,,,,,,,,,,,,,,,,,,,,,,,,,,,,,,,,,,
MH764,1764,764,RV 7,48,48,,9,7,8,9,Pass,CRYO,6,2561,5.0266,8.2,4,,,M,0,L,Lethargic,1,TH05.022,1597,BH1597,1994,BH1994,,,,,,,,,,,,,,,,,,,,,,,,,,,,,,,,,,,,,
,,,,#N/A,,,,#N/A,6,#N/A,#N/A,,,,,,,,,,,,,,,,,,,,,,,,,,,,,,,,,,,,,,,,,,,,,,,,,,,,,,,
MH765,1765,765,L/H,24 HR,24,,10,2,7,10,Pass,CRYO,4,2651,3.9237,6.7,2,Y,1,F,1,L,Lethargic,1,TH05.025,1632,BH1632,,,,,,,,,,,,,,,,10,3.8942,6.4,2,,,,,,,,,,,,,,,,,,,,
MH766,1766,766,L/H,24 HR,24,,10,2,7,10,Pass,CRYO,4,2651,3.514,6.5,2,Y,1,F,1,L,Lethargic,1,TH05.025,1129,BH1129,,,,,,,,,,,,,,,,10,3.4524,6.3,2,,,,,,,,,,,,,,,,,,,,
MH767,1767,767,L/H,24 HR,24,,10,2,7,10,Pass,CRYO,4,2651,3.6751,6.7,2,Y,1,F,1,L,Lethargic,1,TH05.025,1151,BH1151,,,,,,,,,,,,,,,,10,3.6495,6.5,2,,,,,,,,,,,,,,,,,,,,
MH768,1768,768,L/H,48 HR,48,,11,2,8,11,Pass,CRYO,4,2651,3.4077,6.4,4,Y,1,M,0,L,Lethargic,1,TH06.026,1389,BH1389,1420,BH1420,,,,,,,,,,,,,,10,2.6104,5.7,4,,,,,,,,,,,,,,,,,,,,
MH769,1769,769,L/H,48 HR,48,,11,2,8,11,Pass,CRYO,4,2651,4.7972,7.6,2,Y,1,F,1,A,Active,3,TH06.026,1394,BH1394,1016,BH1016,,,,,,,,,,,,,,10,3.9904,6.8,2,,,,,,,,,,,,,,,,,,,,
MH770,1770,770,L/H,48 HR,48,,11,2,8,11,Pass,CRYO,4,2651,4.0492,7.1,2,Y,1,F,1,A,Active,3,TH06.026,1847,BH1847,1890,BH1890,,,,,,,,,,,,,,10,3.3666,6.4,2,,,,,,,,,,,,,,,,,,,,
MH771,1771,771,L/H,48 HR,48,,11,2,8,11,Pass,CRYO,4,2651,4.7151,7.3,2,Y,1,F,1,L,Lethargic,1,TH06.026,1168,BH1168,1273,BH1273,,,,,,,,,,,,,,10,3.9874,6.7,2,,,,,,,,,,,,,,,,,,,,
MH772,1772,772,L/H,96 HR,96,,13,2,10,13,Pass,CRYO,4,2651,6.1099,7.9,4,,,M,0,A,Active,3,TH06.029,1442,BH1442,1160,BH1160,1613,BH1613,,,,,,,,,,,,10,3.8707,6.7,4,,11,4.4628,7.5,3,,,,,,,,,,,,,,,
MH773,1773,773,L/H,96 HR,96,,13,2,10,13,Pass,CRYO,4,2651,6.0298,7.9,2,,,F,1,A,Active,3,TH06.029,1446,BH1446,1722,BH1722,1062,BH1062,,,,,,,,,,,,10,3.8914,6.6,2,,11,4.4087,7.1,2,,,,,,,,,,,,,,,
MH774,1774,774,L/H,96 HR,96,,13,2,10,13,Pass,CRYO,4,2651,4.8123,,,,,F,1,L,Lethargic,1,TH06.029,1506,BH1506,1219,BH1219,1227,BH1227,,,,,,,,,,,,10,2.9017,6.3,2,,11,3.4358,6.6,2,,,,,,,,,,,,,,,
MH775,1775,775,L/N,24 HR,24,,10,4,7,10,Pass,CRYO,3,2624,3.8623,6.9,4,Y (1/4),0,M,0,A,Active,3,TH05.025,1882,BH1882,,,,,,,,,,,,,,,,10,4.0253,6.9,4,,,,,,,,,,,,,,,,,,,,
MH776,1776,776,L/N,24 HR,24,,10,4,7,10,Pass,CRYO,3,2624,4.4128,7.2,4,Y,1,M,0,A,Active,3,TH05.025,1910,BH1910,,,,,,,,,,,,,,,,10,4.3964,7.1,4,,,,,,,,,,,,,,,,,,,,
MH777,1777,777,L/N,24 HR,24,,10,4,7,10,Pass,CRYO,3,2624,3.6722,6.8,2,Y (1/4),0,F,1,L,Lethargic,1,TH05.025,1070,BH1070,,,,,,,,,,,,,,,,10,3.6982,7,2,,,,,,,,,,,,,,,,,,,,
,,,,#N/A,,,,#N/A,6,#N/A,#N/A,,,,,,,,,,,,,,,,,,,,,,,,,,,,,,,,,,,,,,,,,,,,,,,,,,,,,,,
MH765,1765,765,L/H,24 HR,24,,10,2,7,10,Pass,CRYO,4,2651,3.8942,6.4,2,,,F,1,A,Active,3,TH05.025,1632,BH1632,,,,,,,,,,,,,,,,10,3.8942,6.4,2,,,,,,,,,,,,,,,,,,,,
MH766,1766,766,L/H,24 HR,24,,10,2,7,10,Pass,CRYO,4,2651,3.4524,6.3,2,,,F,1,A,Active,3,TH05.025,1129,BH1129,,,,,,,,,,,,,,,,10,3.4524,6.3,2,,,,,,,,,,,,,,,,,,,,
MH767,1767,767,L/H,24 HR,24,,10,2,7,10,Pass,CRYO,4,2651,3.6495,6.5,2,,,F,1,L,Lethargic,1,TH05.025,1151,BH1151,,,,,,,,,,,,,,,,10,3.6495,6.5,2,,,,,,,,,,,,,,,,,,,,
MH768,1768,768,L/H,48 HR,24,,10,2,7,10,Pass,CRYO,4,2651,2.6104,5.7,4,,,M,0,L,Lethargic,1,TH06.026,1389,BH1389,1420,BH1420,,,,,,,,,,,,,,10,2.6104,5.7,4,,,,,,,,,,,,,,,,,,,,
MH769,1769,769,L/H,48 HR,24,,10,2,7,10,Pass,CRYO,4,2651,3.9904,6.8,2,,,F,1,L,Lethargic,1,TH06.026,1394,BH1394,1016,BH1016,,,,,,,,,,,,,,10,3.9904,6.8,2,,,,,,,,,,,,,,,,,,,,
MH770,1770,770,L/H,48 HR,24,,10,2,7,10,Pass,CRYO,4,2651,3.3666,6.4,2,,,F,1,L,Lethargic,1,TH06.026,1847,BH1847,1890,BH1890,,,,,,,,,,,,,,10,3.3666,6.4,2,,,,,,,,,,,,,,,,,,,,
MH771,1771,771,L/H,48 HR,24,,10,2,7,10,Pass,CRYO,4,2651,3.9874,6.7,2,,,F,1,L,Lethargic,1,TH06.026,1168,BH1168,1273,BH1273,,,,,,,,,,,,,,10,3.9874,6.7,2,,,,,,,,,,,,,,,,,,,,
MH772,1772,772,L/H,96 HR,24,,10,2,7,10,Pass,CRYO,4,2651,3.8707,6.7,4,,,M,0,L,Lethargic,1,TH06.029,1442,BH1442,1160,BH1160,1613,BH1613,,,,,,,,,,,,10,3.8707,6.7,4,,11,4.4628,7.5,3,,,,,,,,,,,,,,,
MH773,1773,773,L/H,96 HR,24,,10,2,7,10,Pass,CRYO,4,2651,3.8914,6.6,2,,,F,1,L,Lethargic,1,TH06.029,1446,BH1446,1722,BH1722,1062,BH1062,,,,,,,,,,,,10,3.8914,6.6,2,,11,4.4087,7.1,2,,,,,,,,,,,,,,,
MH774,1774,774,L/H,96 HR,24,,10,2,7,10,Pass,CRYO,4,2651,2.9017,6.3,2,,,F,1,A,Active,3,TH06.029,1506,BH1506,1219,BH1219,1227,BH1227,,,,,,,,,,,,10,2.9017,6.3,2,,11,3.4358,6.6,2,,,,,,,,,,,,,,,
MH775,1775,775,L/N,24 HR,24,,10,4,7,10,Pass,CRYO,3,2624,4.0253,6.9,4,,,M,0,A,Active,3,TH05.025,1882,BH1882,,,,,,,,,,,,,,,,10,4.0253,6.9,4,,,,,,,,,,,,,,,,,,,,
MH776,1776,776,L/N,24 HR,24,,10,4,7,10,Pass,CRYO,3,2624,4.3964,7.1,4,,,M,0,A,Active,3,TH05.025,1910,BH1910,,,,,,,,,,,,,,,,10,4.3964,7.1,4,,,,,,,,,,,,,,,,,,,,
MH777,1777,777,L/N,24 HR,24,,10,4,7,10,Pass,CRYO,3,2624,3.6982,7,2,,,F,1,A,Active,3,TH05.025,1070,BH1070,,,,,,,,,,,,,,,,10,3.6982,7,2,,,,,,,,,,,,,,,,,,,,
,,,,#N/A,,,,#N/A,6,#N/A,#N/A,,,,,,,,,,,,,,,,,,,,,,,,,,,,,,,,,,,,,,,,,,,,,,,,,,,,,,,
MH772,1772,772,L/H,96 HR,48,,11,2,8,11,Pass,CRYO,4,2651,4.4628,7.5,3,,,M,0,L,Lethargic,1,TH06.029,1442,BH1442,1160,BH1160,1613,BH1613,,,,,,,,,,,,10,3.8707,6.7,4,,11,4.4628,7.5,3,,,,,,,,,,,,,,,
MH773,1773,773,L/H,96 HR,48,,11,2,8,11,Pass,CRYO,4,2651,4.4087,7.1,2,,,F,1,A,Active,3,TH06.029,1446,BH1446,1722,BH1722,1062,BH1062,,,,,,,,,,,,10,3.8914,6.6,2,,11,4.4087,7.1,2,,,,,,,,,,,,,,,
MH774,1774,774,L/H,96 HR,48,,11,2,8,11,Pass,CRYO,4,2651,3.4358,6.6,2,,,F,1,L,Lethargic,1,TH06.029,1506,BH1506,1219,BH1219,1227,BH1227,,,,,,,,,,,,10,2.9017,6.3,2,,11,3.4358,6.6,2,,,,,,,,,,,,,,,
,,,,#N/A,,,,#N/A,6,#N/A,#N/A,,,,,,,,,,,,,,,,,,,,,,,,,,,,,,,,,,,,,,,,,,,,,,,,,,,,,,,
MH780,1780,780,L/H,24 HR,24,,10,2,7,10,Pass,CRYO,4,2660,2.697,6.5,3,N,0,M,0,L,Lethargic,1,TH05.032,1348,BH1348,,,,,,,,,,,,,,,,10,2.6523,6.3,,,,,,,,,,,,,,,,,,,,,
MH781,1781,781,L/H,24 HR,24,,10,2,7,10,Pass,CRYO,4,2660,2.5187,6.7,2,N,0,F,1,L,Lethargic,1,TH05.032,1404,BH1404,,,,,,,,,,,,,,,,10,2.476,6.1,,,,,,,,,,,,,,,,,,,,,
MH782,1782,782,L/H,24 HR,24,,10,2,7,10,Pass,CRYO,4,2660,2.6179,6.4,2,Y (1/2),0,F,1,L,Lethargic,1,TH05.032,1146,BH1146,,,,,,,,,,,,,,,,10,2.5628,5.9,,,,,,,,,,,,,,,,,,,,,
MH783,1783,783,L/H,48 HR,48,,11,2,8,11,Pass,CRYO,4,2660,3.4848,7.5,4,Y,1,M,0,A,Active,3,TH05.034,1367,BH1367,1432,BH1432,,,,,,,,,,,,,,10,3.0954,6.4,,,,,,,,,,,,,,,,,,,,,
MH784,1784,784,L/H,48 HR,48,,11,2,8,11,Pass,CRYO,4,2660,2.4163,6.4,3,Y (1/2),0,M,0,L,Lethargic,1,TH05.034,1906,BH1906,1258,BH1258,,,,,,,,,,,,,,10,2.2016,5.8,,,,,,,,,,,,,,,,,,,,,
MH785,1785,785,L/H,48 HR,48,,11,2,8,11,Pass,CRYO,4,2660,2.931,7.1,2,Y,1,F,1,L,Lethargic,1,TH05.034,1957,BH1957,1028,BH1028,,,,,,,,,,,,,,10,2.5795,6.4,,,,,,,,,,,,,,,,,,,,,
MH786,1786,786,L/H,48 HR,48,,11,2,8,11,Pass,CRYO,4,2660,2.5929,6.8,2,Y,1,F,1,L,Lethargic,1,TH05.034,1059,BH1059,1416,BH1416,,,,,,,,,,,,,,10,2.2672,6.2,,,,,,,,,,,,,,,,,,,,,
MH787,1787,787,L/H,96 HR,96,,13,2,10,13,Pass,CRYO,4,2660,4.6339,7.6,4,N,0,M,0,A,Active,3,TH05.036,1769,BH1769,1574,BH1574,1409,BH1409,,,,,,,,,,,,10,2.4505,6.3,,,11,2.8868,,,,,,,,,,,,,,,,,
MH788,1788,788,L/H,96 HR,96,,13,2,10,13,Pass,CRYO,4,2660,2.0265,6.1,1,N,0,M,0,L,Lethargic,1,TH05.036,1952,BH1952,1347,BH1347,1602,BH1602,,,,,,,,,,,,10,1.662,5.4,,,11,1.7313,,,,,,,,,,,,,,,,,
MH789,1789,789,L/H,96 HR,96,,13,2,10,13,Pass,CRYO,4,2660,3.9018,7.1,2,Y,1,F,1,A,Active,3,TH05.036,1483,BH1483,1630,BH1630,1058,BH1058,,,,,,,,,,,,10,2.2078,6.9,,,11,2.5636,,,,,,,,,,,,,,,,,
MH790,1790,790,L/H,96 HR,96,,13,2,10,13,Pass,CRYO,4,2660,3.5127,7.1,2,Y,1,F,1,A,Active,3,TH05.036,1911,BH1911,1742,BH1742,1479,BH1479,,,,,,,,,,,,10,2.0808,5.8,,,11,2.3289,,,,,,,,,,,,,,,,,
MH791,1791,791,L/H,24 HR,24,,10,2,7,10,Pass,CRYO,4,2661,2.9504,7,3,Y,1,M,0,A,Active,3,TH05.033,1714,BH1714,,,,,,,,,,,,,,,,10,2.9504,7,3,,,,,,,,,,,,,,,,,,,,
MH792,1792,792,L/H,24 HR,24,,10,2,7,10,Pass,CRYO,4,2661,2.3774,6.5,2,Y (1/2),0,F,1,L,Lethargic,1,TH05.033,1121,BH1121,,,,,,,,,,,,,,,,10,2.3774,6.5,2,,,,,,,,,,,,,,,,,,,,
MH793,1793,793,L/H,48 HR,48,,11,2,8,11,Pass,CRYO,4,2661,2.9977,6.9,3.5,Y,1,M,0,A,Active,3,TH05.035,1467,BH1467,1131,BH1131,,,,,,,,,,,,,,10,2.746,,,,,,,,,,,,,,,,,,,,,,
MH794,1794,794,L/H,48 HR,48,,11,2,8,11,Pass,CRYO,4,2661,3.3941,0.3,3.5,Y,1,M,0,A,Active,3,TH05.035,1274,BH1274,1048,BH1048,,,,,,,,,,,,,,10,3.0308,,,,,,,,,,,,,,,,,,,,,,
MH795,1795,795,L/H,48 HR,48,,11,2,8,11,Pass,CRYO,4,2661,3.0137,6.9,2,Y,1,F,1,A,Active,3,TH05.035,1721,BH1721,1313,BH1313,,,,,,,,,,,,,,10,2.6067,,,,,,,,,,,,,,,,,,,,,,
MH796,1796,796,L/H,48 HR,48,,11,2,8,11,Pass,HISTO,4,2661,3.4216,7.2,3,Y,1,M,0,A,Active,3,TH05.035,1092,BH1092,1144,BH1144,,,,,,,,,,,,,,10,3.1789,,,,,,,,,,,,,,,,,,,,,,
MH797,1797,797,L/H,48 HR,48,,11,2,8,11,Pass,HISTO,4,2661,2.7617,6.8,3,Y,1,M,0,A,Active,3,TH05.035,1711,BH1711,1002,BH1002,,,,,,,,,,,,,,10,2.5814,,,,,,,,,,,,,,,,,,,,,,
MH798,1798,798,L/H,48 HR,48,,11,2,8,11,Pass,HISTO,4,2661,3.846,7.2,4,Y,1,M,0,A,Active,3,TH05.035,1099,BH1099,1562,BH1562,,,,,,,,,,,,,,10,2.4491,,,,,,,,,,,,,,,,,,,,,,
MH799,1799,799,L/H,96 HR,96,,13,2,10,13,Pass,CRYO,4,2661,4.4549,7.4,3,Y,1,M,0,A,Active,3,TH05.037,1737,BH1737,1814,BH1814,1154,BH1154,,,,,,,,,,,,10,2.4277,,,,11,2.8221,,,,,,,,,,,,,,,,,
MH800,1800,800,L/H,96 HR,96,,13,2,10,13,Pass,CRYO,4,2661,4.6453,7.7,2,Y,1,F,1,A,Active,3,TH05.037,1850,BH1850,1008,BH1008,1265,BH1265,,,,,,,,,,,,10,2.7143,,,,11,2.9975,,,,,,,,,,,,,,,,,
,,,,#N/A,,,,#N/A,6,#N/A,#N/A,,,,,,,,,,,,,,,,,,,,,,,,,,,,,,,,,,,,,,,,,,,,,,,,,,,,,,,
MH780,1780,780,L/H,24 HR,24,,10,2,7,10,Pass,CRYO,4,2660,2.6523,6.3,,,,M,0,L,Lethargic,1,TH05.032,1348,BH1348,,,,,,,,,,,,,,,,10,2.6523,6.3,,,,,,,,,,,,,,,,,,,,,
MH781,1781,781,L/H,24 HR,24,,10,2,7,10,Pass,CRYO,4,2660,2.476,6.1,,,,F,1,L,Lethargic,1,TH05.032,1404,BH1404,,,,,,,,,,,,,,,,10,2.476,6.1,,,,,,,,,,,,,,,,,,,,,
MH782,1782,782,L/H,24 HR,24,,10,2,7,10,Pass,CRYO,4,2660,2.5628,5.9,,,,F,1,L,Lethargic,1,TH05.032,1146,BH1146,,,,,,,,,,,,,,,,10,2.5628,5.9,,,,,,,,,,,,,,,,,,,,,
MH783,1783,783,L/H,48 HR,24,,10,2,7,10,Pass,CRYO,4,2660,3.0954,6.4,,,,M,0,L,Lethargic,1,TH05.034,1367,BH1367,1432,BH1432,,,,,,,,,,,,,,10,3.0954,6.4,,,,,,,,,,,,,,,,,,,,,
MH784,1784,784,L/H,48 HR,24,,10,2,7,10,Pass,CRYO,4,2660,2.2016,5.8,,,,M,0,L,Lethargic,1,TH05.034,1906,BH1906,1258,BH1258,,,,,,,,,,,,,,10,2.2016,5.8,,,,,,,,,,,,,,,,,,,,,
MH785,1785,785,L/H,48 HR,24,,10,2,7,10,Pass,CRYO,4,2660,2.5795,6.4,,,,F,1,L,Lethargic,1,TH05.034,1957,BH1957,1028,BH1028,,,,,,,,,,,,,,10,2.5795,6.4,,,,,,,,,,,,,,,,,,,,,
MH786,1786,786,L/H,48 HR,24,,10,2,7,10,Pass,CRYO,4,2660,2.2672,6.2,,,,F,1,L,Lethargic,1,TH05.034,1059,BH1059,1416,BH1416,,,,,,,,,,,,,,10,2.2672,6.2,,,,,,,,,,,,,,,,,,,,,
MH787,1787,787,L/H,96 HR,24,,10,2,7,10,Pass,CRYO,4,2660,2.4505,6.3,,,,M,0,L,Lethargic,1,TH05.036,1769,BH1769,1574,BH1574,1409,BH1409,,,,,,,,,,,,10,2.4505,6.3,,,11,2.8868,,,,,,,,,,,,,,,,,
MH788,1788,788,L/H,96 HR,24,,10,2,7,10,Pass,CRYO,4,2660,1.662,5.4,,,,M,0,L,Lethargic,1,TH05.036,1952,BH1952,1347,BH1347,1602,BH1602,,,,,,,,,,,,10,1.662,5.4,,,11,1.7313,,,,,,,,,,,,,,,,,
MH789,1789,789,L/H,96 HR,24,,10,2,7,10,Pass,CRYO,4,2660,2.2078,6.9,,,,F,1,L,Lethargic,1,TH05.036,1483,BH1483,1630,BH1630,1058,BH1058,,,,,,,,,,,,10,2.2078,6.9,,,11,2.5636,,,,,,,,,,,,,,,,,
MH790,1790,790,L/H,96 HR,24,,10,2,7,10,Pass,CRYO,4,2660,2.0808,5.8,,,,F,1,L,Lethargic,1,TH05.036,1911,BH1911,1742,BH1742,1479,BH1479,,,,,,,,,,,,10,2.0808,5.8,,,11,2.3289,,,,,,,,,,,,,,,,,
MH791,1791,791,L/H,24 HR,24,,10,2,7,10,Pass,CRYO,4,2661,2.9504,7,3,,,M,0,L,Lethargic,1,TH05.033,1714,BH1714,,,,,,,,,,,,,,,,10,2.9504,7,3,,,,,,,,,,,,,,,,,,,,
MH792,1792,792,L/H,24 HR,24,,10,2,7,10,Pass,CRYO,4,2661,2.3774,6.5,2,,,F,1,L,Lethargic,1,TH05.033,1121,BH1121,,,,,,,,,,,,,,,,10,2.3774,6.5,2,,,,,,,,,,,,,,,,,,,,
MH793,1793,793,L/H,48 HR,24,,10,2,7,10,Pass,CRYO,4,2661,2.746,,,,,M,0,L,Lethargic,1,TH05.035,1467,BH1467,1131,BH1131,,,,,,,,,,,,,,10,2.746,,,,,,,,,,,,,,,,,,,,,,
MH794,1794,794,L/H,48 HR,24,,10,2,7,10,Pass,CRYO,4,2661,3.0308,,,,,M,0,L,Lethargic,1,TH05.035,1274,BH1274,1048,BH1048,,,,,,,,,,,,,,10,3.0308,,,,,,,,,,,,,,,,,,,,,,
MH795,1795,795,L/H,48 HR,24,,10,2,7,10,Pass,CRYO,4,2661,2.6067,,,,,F,1,L,Lethargic,1,TH05.035,1721,BH1721,1313,BH1313,,,,,,,,,,,,,,10,2.6067,,,,,,,,,,,,,,,,,,,,,,
MH796,1796,796,L/H,48 HR,24,,10,2,7,10,Pass,HISTO,4,2661,3.1789,,,,,M,0,L,Lethargic,1,TH05.035,1092,BH1092,1144,BH1144,,,,,,,,,,,,,,10,3.1789,,,,,,,,,,,,,,,,,,,,,,
MH797,1797,797,L/H,48 HR,24,,10,2,7,10,Pass,HISTO,4,2661,2.5814,,,,,M,0,L,Lethargic,1,TH05.035,1711,BH1711,1002,BH1002,,,,,,,,,,,,,,10,2.5814,,,,,,,,,,,,,,,,,,,,,,
MH798,1798,798,L/H,48 HR,24,,10,2,7,10,Pass,HISTO,4,2661,2.4491,,,,,M,0,L,Lethargic,1,TH05.035,1099,BH1099,1562,BH1562,,,,,,,,,,,,,,10,2.4491,,,,,,,,,,,,,,,,,,,,,,
MH799,1799,799,L/H,96 HR,24,,10,2,7,10,Pass,CRYO,4,2661,2.4277,,,,,M,0,L,Lethargic,1,TH05.037,1737,BH1737,1814,BH1814,1154,BH1154,,,,,,,,,,,,10,2.4277,,,,11,2.8221,,,,,,,,,,,,,,,,,
MH800,1800,800,L/H,96 HR,24,,10,2,7,10,Pass,CRYO,4,2661,2.7143,,,,,F,1,L,Lethargic,1,TH05.037,1850,BH1850,1008,BH1008,1265,BH1265,,,,,,,,,,,,10,2.7143,,,,11,2.9975,,,,,,,,,,,,,,,,,
,,,,#N/A,,,,#N/A,6,#N/A,#N/A,,,,,,,,,,,,,,,,,,,,,,,,,,,,,,,,,,,,,,,,,,,,,,,,,,,,,,,
MH787,1787,787,L/H,96 HR,48,,11,2,8,11,Pass,CRYO,4,2660,2.8868,,,,,M,0,L,Lethargic,1,TH05.036,1769,BH1769,1574,BH1574,1409,BH1409,,,,,,,,,,,,10,2.4505,6.3,,,11,2.8868,,,,,,,,,,,,,,,,,
MH788,1788,788,L/H,96 HR,48,,11,2,8,11,Pass,CRYO,4,2660,1.7313,,,,,M,0,L,Lethargic,1,TH05.036,1952,BH1952,1347,BH1347,1602,BH1602,,,,,,,,,,,,10,1.662,5.4,,,11,1.7313,,,,,,,,,,,,,,,,,
MH789,1789,789,L/H,96 HR,48,,11,2,8,11,Pass,CRYO,4,2660,2.5636,,,,,F,1,L,Lethargic,1,TH05.036,1483,BH1483,1630,BH1630,1058,BH1058,,,,,,,,,,,,10,2.2078,6.9,,,11,2.5636,,,,,,,,,,,,,,,,,
MH790,1790,790,L/H,96 HR,48,,11,2,8,11,Pass,CRYO,4,2660,2.3289,,,,,F,1,L,Lethargic,1,TH05.036,1911,BH1911,1742,BH1742,1479,BH1479,,,,,,,,,,,,10,2.0808,5.8,,,11,2.3289,,,,,,,,,,,,,,,,,
MH799,1799,799,L/H,96 HR,48,,11,2,8,11,Pass,CRYO,4,2661,2.8221,,,,,M,0,L,Lethargic,1,TH05.037,1737,BH1737,1814,BH1814,1154,BH1154,,,,,,,,,,,,10,2.4277,,,,11,2.8221,,,,,,,,,,,,,,,,,
MH800,1800,800,L/H,96 HR,48,,11,2,8,11,Pass,CRYO,4,2661,2.9975,,,,,F,1,L,Lethargic,1,TH05.037,1850,BH1850,1008,BH1008,1265,BH1265,,,,,,,,,,,,10,2.7143,,,,11,2.9975,,,,,,,,,,,,,,,,,
,,,,,,,,,,,,,,,,,,,,,,,,,,,,,,,,,,,,,,,,,,,,,,,,,,,,,,,,,,,,,,,,,,
MH805,1805,805,RV 7,48 HR,48,48,9,7,8,9,Pass,CRYO,6,1712,3.421,7.1,4,Y,1,M,0,L,Lethargic,1,TH05.054,1024,BH1024,1517,BH1517,,,,,,,,,7,3.1275,6.2,3,,10,3.2535,6.1,4,,11,3.3802,6.7,3,,,,,,,,,,,,,,,
MH806,1806,806,RV 7,DIED,DIED,DIED,11,7,#N/A,#N/A,#N/A,DIED,6,1712,DIED,DIED,DIED,DIED,DIED,DIED,DIED,DIED,DIED,DIED,DIED,1616,BH1616,1797,BH1797,,,,,,,,,7,3.5278,6.8,4,,10,,,,,,,,,,,,,,,,,,,,,,,
MH807,1807,807,RV 7,48 HR,48,48,9,7,8,9,Pass,CRYO,6,1712,2.6906,6.3,3,Y,1,M,0,L,Lethargic,1,TH05.054,1930,BH1930,1809,BH1809,,,,,,,,,7,2.7895,6.5,3,,10,2.526,5.9,4,,11,2.6797,6.1,4,,,,,,,,,,,,,,,
MH808,1808,808,RV 7,DIED,DIED,DIED,11,7,#N/A,#N/A,#N/A,DIED,6,1712,DIED,DIED,DIED,DIED,DIED,DIED,DIED,DIED,DIED,DIED,DIED,1968,BH1968,1565,BH1565,,,,,,,,,7,2.6035,6.4,3,,10,,,,,,,,,,,,,,,,,,,,,,,
MH809,1809,809,RV 7,48 HR,48,48,9,7,8,9,Pass,CRYO,6,1712,3.6716,7.4,3,Y,1,F,1,L,Lethargic,1,TH05.054,1142,BH1142,1143,BH1143,,,,,,,,,7,3.3227,6.6,2,,10,3.3943,6.3,2,,11,3.6419,6.6,2,,,,,,,,,,,,,,,
,,,,,,,,,,,,,,,,,,,,,,,,,,,,,,,,,,,,,,,,,,,,,,,,,,,,,,,,,,,,,,,,,,
MH805,1805,805,RV 7,48 HR,24,-48,8,7,7,8,Pass,CRYO,6,1712,3.2535,6.1,4,Y,1,M,0,A,Active,3,TH05.053,1024,BH1024,1517,BH1517,,,,,,,,,7,3.1275,6.2,3,,8,3.2535,6.1,4,,11,3.3802,6.7,3,,,,,,,,,,,,,,,
MH807,1807,807,RV 7,48 HR,24,-48,8,7,7,8,Pass,CRYO,6,1712,2.526,5.9,4,Y,1,M,0,L,Lethargic,1,TH05.053,1930,BH1930,1809,BH1809,,,,,,,,,7,2.7895,6.5,3,,8,2.526,5.9,4,,11,2.6797,6.1,4,,,,,,,,,,,,,,,
MH809,1809,809,RV 7,48 HR,24,-48,8,7,7,8,Pass,CRYO,6,1712,3.3943,6.3,2,,,F,1,A,Active,3,TH05.053,1142,BH1142,1143,BH1143,,,,,,,,,7,3.3227,6.6,2,,8,3.3943,6.3,2,,11,3.6419,6.6,2,,,,,,,,,,,,,,,
,,,,,,,,,,,,,,,,,,,,,,,,,,,,,,,,,,,,,,,,,,,,,,,,,,,,,,,,,,,,,,,,,,
MH805,1805,805,RV 7,48 HR,48,-24,9,7,8,9,Pass,CRYO,6,1712,3.3802,6.7,3,,,M,0,A,Active,3,TH05.055,1024,BH1024,1517,BH1517,,,,,,,,,7,3.1275,6.2,3,,8,3.2535,6.1,4,,9,3.3802,6.7,3,,,,,,,,,,,,,,,
MH807,1807,807,RV 7,48 HR,48,-24,9,7,8,9,Pass,CRYO,6,1712,2.6797,6.1,4,Y,1,M,0,A,Active,3,TH05.055,1930,BH1930,1809,BH1809,,,,,,,,,7,2.7895,6.5,3,,8,2.526,5.9,4,,9,2.6797,6.1,4,,,,,,,,,,,,,,,
MH809,1809,809,RV 7,48 HR,48,-24,9,7,8,9,Pass,CRYO,6,1712,3.6419,6.6,2,,,F,1,A,Active,3,TH05.055,1142,BH1142,1143,BH1143,,,,,,,,,7,3.3227,6.6,2,,8,3.3943,6.3,2,,9,3.6419,6.6,2,,,,,,,,,,,,,,,
,,,,,,,,,,,,,,,,,,,,,,,,,,,,,,,,,,,,,,,,,,,,,,,,,,,,,,,,,,,,,,,,,,
MH810,1810,810,RV 10,DIED,DIED,DIED,14,6,#N/A,#N/A,#N/A,DIED,5,1712,DIED,DIED,DIED,DIED,DIED,DIED,DIED,DIED,DIED,DIED,DIED,1289,BH1289,1614,BH1614,1472,BH1472,,,,,,,10,4.7523,8,3,,,,,,,,,,,,,,,,,,,,,,,,,
MH811,1811,811,RV 10,96 HR,96,96,14,6,10,14,Pass,CRYO,5,1712,6.3043,8.7,4,Y,1,M,0,A,Active,3,TH05.059,1688,BH1688,1912,BH1912,1302,BH1302,,,,,,,10,4.1692,7.8,3,,11,4.701,7.3,2,,12,5.3437,7.9,4,,14,6.3156,8.7,4,,,,,,,,,,
MH812,1812,812,RV 10,96 HR,96,96,14,6,10,14,Pass,CRYO,5,1712,6.9509,9.2,4,Y,1,M,0,A,Active,3,TH05.059,1891,BH1891,1281,BH1281,1257,BH1257,,,,,,,10,4.716,7.3,4,,11,5.2175,7.4,3,,12,6.1117,8.4,4,,14,6.9336,9.8,4,,,,,,,,,,
MH813,1813,813,RV 10,96 HR,96,96,14,6,10,14,Pass,CRYO,5,1712,8.0878,9.7,4,Y,1,M,0,A,Active,3,TH05.059,1759,BH1759,1376,BH1376,1223,BH1223,,,,,,,10,5.2805,7.6,3,,11,5.8723,7.6,2,,12,6.7254,8.5,4,,14,8.1057,9.7,4,,,,,,,,,,
MH814,1814,814,RV 10,96 HR,96,96,14,6,10,14,Pass,CRYO,5,1712,6.8459,9.2,4,Y,1,M,0,A,Active,3,TH05.059,1363,BH1363,1636,BH1636,1951,BH1951,,,,,,,10,4.5525,7.4,3,,11,5.071,7.5,3,,12,5.8302,7.9,3,,14,6.7492,9.2,4,,,,,,,,,,
MH815,1815,815,RV 10,DIED,DIED,DIED,14,6,#N/A,#N/A,#N/A,DIED,5,1712,DIED,DIED,DIED,DIED,DIED,DIED,DIED,DIED,DIED,DIED,DIED,1864,BH1864,1116,BH1116,1174,BH1174,,,,,,,10,4.27,6.9,2,,,,,,,,,,,,,,,,,,,,,,,,,
,,,,,,,,,,,,,,,,,,,,,,,,,,,,,,,,,,,,,,,,,,,,,,,,,,,,,,,,,,,,,,,,,,
MH811,1811,811,RV 10,96 HR,24,24,11,6,7,11,Pass,CRYO,5,1712,4.701,7.3,2,Y,1,M,0,L,Lethargic,1,TH05.057,1688,BH1688,1912,BH1912,1302,BH1302,,,,,,,10,4.1692,7.8,3,,11,4.701,7.3,2,,12,5.3437,7.9,4,,14,6.3156,8.7,4,,,,,,,,,,
MH812,1812,812,RV 10,96 HR,24,24,11,6,7,11,Pass,CRYO,5,1712,5.2175,7.4,3,Y,1,M,0,A,Active,3,TH05.057,1891,BH1891,1281,BH1281,1257,BH1257,,,,,,,10,4.716,7.3,4,,11,5.2175,7.4,3,,12,6.1117,8.4,4,,14,6.9336,9.8,4,,,,,,,,,,
MH813,1813,813,RV 10,96 HR,24,24,11,6,7,11,Pass,CRYO,5,1712,5.8723,7.6,2,Y,1,M,0,A,Active,3,TH05.057,1759,BH1759,1376,BH1376,1223,BH1223,,,,,,,10,5.2805,7.6,3,,11,5.8723,7.6,2,,12,6.7254,8.5,4,,14,8.1057,9.7,4,,,,,,,,,,
MH814,1814,814,RV 10,96 HR,24,24,11,6,7,11,Pass,CRYO,5,1712,5.071,7.5,3,Y,1,M,0,A,Active,3,TH05.057,1363,BH1363,1636,BH1636,1951,BH1951,,,,,,,10,4.5525,7.4,3,,11,5.071,7.5,3,,12,5.8302,7.9,3,,14,6.7492,9.2,4,,,,,,,,,,
,,,,,,,,,,,,,,,,,,,,,,,,,,,,,,,,,,,,,,,,,,,,,,,,,,,,,,,,,,,,,,,,,,
MH811,1811,811,RV 10,96 HR,48,48,12,6,8,12,Pass,CRYO,5,1712,5.3437,7.9,4,Y,1,M,0,A,Active,3,TH05.058,1688,BH1688,1912,BH1912,1302,BH1302,,,,,,,10,4.1692,7.8,3,,11,4.701,7.3,2,,12,5.3437,7.9,4,,14,6.3156,8.7,4,,,,,,,,,,
MH812,1812,812,RV 10,96 HR,48,48,12,6,8,12,Pass,CRYO,5,1712,6.1117,8.4,4,Y,1,M,0,A,Active,3,TH05.058,1891,BH1891,1281,BH1281,1257,BH1257,,,,,,,10,4.716,7.3,4,,11,5.2175,7.4,3,,12,6.1117,8.4,4,,14,6.9336,9.8,4,,,,,,,,,,
MH813,1813,813,RV 10,96 HR,48,48,12,6,8,12,Pass,CRYO,5,1712,6.7254,8.5,4,Y,1,M,0,A,Active,3,TH05.058,1759,BH1759,1376,BH1376,1223,BH1223,,,,,,,10,5.2805,7.6,3,,11,5.8723,7.6,2,,12,6.7254,8.5,4,,14,8.1057,9.7,4,,,,,,,,,,
MH814,1814,814,RV 10,96 HR,48,48,12,6,8,12,Pass,CRYO,5,1712,5.8302,7.9,3,Y,1,M,0,A,Active,3,TH05.058,1363,BH1363,1636,BH1636,1951,BH1951,,,,,,,10,4.5525,7.4,3,,11,5.071,7.5,3,,12,5.8302,7.9,3,,14,6.7492,9.2,4,,,,,,,,,,
,,,,,,,,,,,,,,,,,,,,,,,,,,,,,,,,,,,,,,,,,,,,,,,,,,,,,,,,,,,,,,,,,,
MH811,1811,811,RV 10,96 HR,96,96,14,6,10,14,Pass,CRYO,5,1712,6.3156,8.7,4,Y,1,M,0,A,Active,3,TH05.059,1688,BH1688,1912,BH1912,1302,BH1302,,,,,,,10,4.1692,7.8,3,,11,4.701,7.3,2,,12,5.3437,7.9,4,,14,6.3156,8.7,4,,,,,,,,,,
MH812,1812,812,RV 10,96 HR,96,96,14,6,10,14,Pass,CRYO,5,1712,6.9336,9.8,4,Y,1,M,0,A,Active,3,TH05.059,1891,BH1891,1281,BH1281,1257,BH1257,,,,,,,10,4.716,7.3,4,,11,5.2175,7.4,3,,12,6.1117,8.4,4,,14,6.9336,9.8,4,,,,,,,,,,
MH813,1813,813,RV 10,96 HR,96,96,14,6,10,14,Pass,CRYO,5,1712,8.1057,9.7,4,Y,1,M,0,A,Active,3,TH05.059,1759,BH1759,1376,BH1376,1223,BH1223,,,,,,,10,5.2805,7.6,3,,11,5.8723,7.6,2,,12,6.7254,8.5,4,,14,8.1057,9.7,4,,,,,,,,,,
MH814,1814,814,RV 10,96 HR,96,96,14,6,10,14,Pass,CRYO,5,1712,6.7492,9.2,4,Y,1,M,0,A,Active,3,TH05.059,1363,BH1363,1636,BH1636,1951,BH1951,,,,,,,10,4.5525,7.4,3,,11,5.071,7.5,3,,12,5.8302,7.9,3,,14,6.7492,9.2,4,,,,,,,,,,
,,,,#N/A,,,,,,,,,,,,,,,,,,,,,,,,,,,,,,,,,,,,,,,,,,,,,,,,,,,,,,,,,,,,,,
MH805,1805,805,RV 7,48 HR,0,0,7,7,6,7,Pass,CRYO,6,1712,3.1275,6.2,3,ND,ND,M,0,L,Lethargic,1,TH05.054,1024,BH1024,1517,BH1517,,,,,,,,,7,3.1275,6.2,3,,10,3.2535,6.1,4,,11,3.3802,6.7,3,,,,,,,,,,,,,,,
MH806,1806,806,RV 7,DIED,0,0,7,7,6,7,Pass,DIED,6,1712,3.5278,6.8,4,ND,ND,M,0,L,DIED,1,DIED,1616,BH1616,1797,BH1797,,,,,,,,,7,3.5278,6.8,4,,10,,,,,,,,,,,,,,,,,,,,,,,
MH807,1807,807,RV 7,48 HR,0,0,7,7,6,7,Pass,CRYO,6,1712,2.7895,6.5,3,ND,ND,M,0,L,Lethargic,1,TH05.054,1930,BH1930,1809,BH1809,,,,,,,,,7,2.7895,6.5,3,,10,2.526,5.9,4,,11,2.6797,6.1,4,,,,,,,,,,,,,,,
MH808,1808,808,RV 7,DIED,0,0,7,7,6,7,Pass,DIED,6,1712,2.6035,6.4,3,ND,ND,M,0,L,DIED,1,DIED,1968,BH1968,1565,BH1565,,,,,,,,,7,2.6035,6.4,3,,10,,,,,,,,,,,,,,,,,,,,,,,
MH809,1809,809,RV 7,48 HR,0,0,7,7,6,7,Pass,CRYO,6,1712,3.3227,6.6,2,ND,ND,F,1,L,Lethargic,1,TH05.054,1142,BH1142,1143,BH1143,,,,,,,,,7,3.3227,6.6,2,,10,3.3943,6.3,2,,11,3.6419,6.6,2,,,,,,,,,,,,,,,
MH810,1810,810,RV 10,DIED,0,0,10,6,6,10,Pass,DIED,5,1712,4.7523,8,3,ND,ND,M,0,A,Active,3,DIED,1289,BH1289,1614,BH1614,1472,BH1472,,,,,,,10,4.7523,8,3,,10,,,,,,,,,,,,,,,,,,,,,,,
MH811,1811,811,RV 10,96 HR,0,0,10,6,6,10,Pass,CRYO,5,1712,4.1692,7.8,3,ND,ND,M,0,A,Active,3,TH05.059,1688,BH1688,1912,BH1912,1302,BH1302,,,,,,,10,4.1692,7.8,3,,10,4.701,7.3,2,,11,5.3437,7.9,4,,13,6.3156,8.7,4,,,,,,,,,,
MH812,1812,812,RV 10,96 HR,0,0,10,6,6,10,Pass,CRYO,5,1712,4.716,7.3,4,ND,ND,M,0,A,Active,3,TH05.059,1891,BH1891,1281,BH1281,1257,BH1257,,,,,,,0,4.716,7.3,4,,10,5.2175,7.4,3,,11,6.1117,8.4,4,,13,6.9336,9.8,4,,,,,,,,,,
MH813,1813,813,RV 10,96 HR,0,0,10,6,6,10,Pass,CRYO,5,1712,5.2805,7.6,3,ND,ND,M,0,HA,Active,3,TH05.059,1759,BH1759,1376,BH1376,1223,BH1223,,,,,,,,5.2805,7.6,3,,10,5.8723,7.6,2,,11,6.7254,8.5,4,,13,8.1057,9.7,4,,,,,,,,,,
MH814,1814,814,RV 10,96 HR,0,0,10,6,6,10,Pass,CRYO,5,1712,4.5525,7.4,3,ND,ND,M,0,A,Active,3,TH05.059,1363,BH1363,1636,BH1636,1951,BH1951,,,,,,,,4.5525,7.4,3,,10,5.071,7.5,3,,11,5.8302,7.9,3,,13,6.7492,9.2,4,,,,,,,,,,
MH815,1815,815,RV 10,DIED,0,0,10,6,6,10,Pass,DIED,5,1712,4.27,6.9,2,ND,ND,F,1,A,Active,3,DIED,1864,BH1864,1116,BH1116,1174,BH1174,,,,,,,,4.27,6.9,2,,10,,,,,,,,,,,,,,,,,,,,,,,
,,,,#N/A,,,,,,,,,,,,,,,,,,,,,,,,,,,,,,,,,,,,,,,,,,,,,,,,,,,,,,,,,,,,,,
MH805,1805,805,N,48 HR,-48,-72,7,8,4,7,Pass,CRYO,0,1712,3.1275,6.2,3,ND,ND,M,0,L,Lethargic,1,TH05.054,1024,BH1024,1517,BH1517,,,,,,,,,7,3.1275,6.2,3,,10,3.2535,6.1,4,,11,3.3802,6.7,3,,,,,,,,,,,,,,,
MH806,1806,806,N,DIED,-48,-72,7,8,4,7,Pass,DIED,0,1712,3.5278,6.8,4,ND,ND,M,0,L,DIED,1,DIED,1616,BH1616,1797,BH1797,,,,,,,,,7,3.5278,6.8,4,,10,,,,,,,,,,,,,,,,,,,,,,,
MH807,1807,807,N,48 HR,-48,-72,7,8,4,7,Pass,CRYO,0,1712,2.7895,6.5,3,ND,ND,M,0,L,Lethargic,1,TH05.054,1930,BH1930,1809,BH1809,,,,,,,,,7,2.7895,6.5,3,,10,2.526,5.9,4,,11,2.6797,6.1,4,,,,,,,,,,,,,,,
MH808,1808,808,N,DIED,-48,-72,7,8,4,7,Pass,DIED,0,1712,2.6035,6.4,3,ND,ND,M,0,L,DIED,1,DIED,1968,BH1968,1565,BH1565,,,,,,,,,7,2.6035,6.4,3,,10,,,,,,,,,,,,,,,,,,,,,,,
MH809,1809,809,N,48 HR,-48,-72,7,8,4,7,Pass,CRYO,0,1712,3.3227,6.6,2,ND,ND,F,1,L,Lethargic,1,TH05.054,1142,BH1142,1143,BH1143,,,,,,,,,7,3.3227,6.6,2,,10,3.3943,6.3,2,,11,3.6419,6.6,2,,,,,,,,,,,,,,,
MH810,1810,810,N,DIED,24,0,10,8,7,10,Pass,DIED,0,1712,4.7523,8,3,ND,ND,M,0,A,Active,3,DIED,1289,BH1289,1614,BH1614,1472,BH1472,,,,,,,10,4.7523,8,3,,10,,,,,,,,,,,,,,,,,,,,,,,
MH811,1811,811,N,96 HR,24,0,10,8,7,10,Pass,CRYO,0,1712,4.1692,7.8,3,ND,ND,M,0,A,Active,3,TH05.059,1688,BH1688,1912,BH1912,1302,BH1302,,,,,,,10,4.1692,7.8,3,,10,4.701,7.3,2,,11,5.3437,7.9,4,,13,6.3156,8.7,4,,,,,,,,,,
MH812,1812,812,N,96 HR,24,0,10,8,7,10,Pass,CRYO,0,1712,4.716,7.3,4,ND,ND,M,0,A,Active,3,TH05.059,1891,BH1891,1281,BH1281,1257,BH1257,,,,,,,0,4.716,7.3,4,,10,5.2175,7.4,3,,11,6.1117,8.4,4,,13,6.9336,9.8,4,,,,,,,,,,
MH813,1813,813,N,96 HR,24,0,10,8,7,10,Pass,CRYO,0,1712,5.2805,7.6,3,ND,ND,M,0,HA,Active,3,TH05.059,1759,BH1759,1376,BH1376,1223,BH1223,,,,,,,,5.2805,7.6,3,,10,5.8723,7.6,2,,11,6.7254,8.5,4,,13,8.1057,9.7,4,,,,,,,,,,
MH814,1814,814,N,96 HR,24,0,10,8,7,10,Pass,CRYO,0,1712,4.5525,7.4,3,ND,ND,M,0,A,Active,3,TH05.059,1363,BH1363,1636,BH1636,1951,BH1951,,,,,,,,4.5525,7.4,3,,10,5.071,7.5,3,,11,5.8302,7.9,3,,13,6.7492,9.2,4,,,,,,,,,,
MH815,1815,815,N,DIED,24,0,10,8,7,10,Pass,DIED,0,1712,4.27,6.9,2,ND,ND,F,1,A,Active,3,DIED,1864,BH1864,1116,BH1116,1174,BH1174,,,,,,,,4.27,6.9,2,,10,,,,,,,,,,,,,,,,,,,,,,,
,,,,,,,,,,,,,,,,,,,,,,,,,,,,,,,,,,,,,,,,,,,,,,,,,,,,,,,,,,,,,,,,,,
MH816,1816,816,S/H,24 HR,24,,10,3,7,10,Pass,CRYO,2,2741,3.0263,6.9,2,N,0,F,1,A,Active,3,TH05.050,1462,BH1462,,,,,,,,,,,,,,,,10,2.9089,6.2,2,,,,,,,,,,,,,,,,,,,,
MH817,1817,817,S/H,24 HR,24,,10,3,7,10,Pass,CRYO,2,2741,3.1298,6.7,2,Y,1,F,1,A,Active,3,TH05.050,1136,BH1136,,,,,,,,,,,,,,,,10,2.9605,6,2,,,,,,,,,,,,,,,,,,,,
MH818,1818,818,S/H,24 HR,24,,10,3,7,10,Pass,CRYO,2,2741,3.1531,7.2,2,Y,1,F,1,A,Active,3,TH05.050,1068,BH1068,,,,,,,,,,,,,,,,10,2.9557,6.4,2,,,,,,,,,,,,,,,,,,,,
MH819,1819,819,S/H,48 HR,48,,11,3,8,11,Pass,CRYO,2,2741,3.7083,7,2,Y,1,F,1,A,Active,3,TH05.053,1862,BH1862,1270,BH1270,,,,,,,,,,,,,,10,3.1846,6.2,2,,,,,,,,,,,,,,,,,,,,
MH820,1820,820,S/H,48 HR,48,,11,3,8,11,Pass,CRYO,2,2741,3.3601,6.9,2,Y,1,F,1,L,Lethargic,1,TH05.053,1384,BH1384,1736,BH1736,,,,,,,,,,,,,,10,2.9685,6.2,2,,,,,,,,,,,,,,,,,,,,
MH821,1821,821,S/H,48 HR,48,,11,3,8,11,Pass,HYSTO,2,2741,4.4339,7.4,4,Y,1,M,0,A,Active,3,TH05.053,1526,BH1526,1947,BH1947,,,,,,,,,,,,,,10,3.8567,6.4,3,,,,,,,,,,,,,,,,,,,,
MH822,1822,822,S/H,48 HR,48,,11,3,8,11,Pass,HYSTO,2,2741,4.6727,7.4,4,Y,1,M,0,A,Active,3,TH05.053,1678,BH1678,1760,BH1760,,,,,,,,,,,,,,10,3.9242,6.3,4,,,,,,,,,,,,,,,,,,,,
MH823,1823,823,S/H,48 HR,48,,11,3,8,11,Pass,HYSTO,2,2741,4.1305,7.3,4,Y,1,M,0,A,Active,3,TH05.053,1148,BH1148,1383,BH1383,,,,,,,,,,,,,,10,3.5482,6.4,4,,,,,,,,,,,,,,,,,,,,
MH824,1824,824,S/H,48 HR,48,,11,3,8,11,Pass,HYSTO,2,2741,3.6681,7.1,3,Y,1,M,0,A,Active,3,TH05.053,1455,BH1455,1790,BH1790,,,,,,,,,,,,,,10,3.1142,6.2,3,,,,,,,,,,,,,,,,,,,,
MH825,1825,825,S/H,48 HR,48,,11,3,8,11,Pass,HYSTO,2,2741,4.426,7.3,3,Y,1,M,0,L,Lethargic,1,TH05.053,1755,BH1755,1961,BH1961,,,,,,,,,,,,,,10,3.7779,6.3,4,,,,,,,,,,,,,,,,,,,,
,,,,,,,,,,,,,,,,,,,,,,,,,,,,,,,,,,,,,,,,,,,,,,,,,,,,,,,,,,,,,,,,,,
MH816,1816,816,S/H,24 HR,24,,10,3,7,10,Pass,CRYO,2,2741,2.9089,6.2,2,Y,1,F,1,HA,Hyper Active,3,TH05.050,1462,BH1462,,,,,,,,,,,,,,,,10,2.9089,6.2,2,,,,,,,,,,,,,,,,,,,,
MH817,1817,817,S/H,24 HR,24,,10,3,7,10,Pass,CRYO,2,2741,2.9605,6,2,Y,1,F,1,A,Active,3,TH05.050,1136,BH1136,,,,,,,,,,,,,,,,10,2.9605,6,2,,,,,,,,,,,,,,,,,,,,
MH818,1818,818,S/H,24 HR,24,,10,3,7,10,Pass,CRYO,2,2741,2.9557,6.4,2,Y,1,F,1,A,Active,3,TH05.050,1068,BH1068,,,,,,,,,,,,,,,,10,2.9557,6.4,2,,,,,,,,,,,,,,,,,,,,
MH819,1819,819,S/H,48 HR,24,,10,3,7,10,Pass,CRYO,2,2741,3.1846,6.2,2,Y,1,F,1,A,Active,3,TH05.053,1862,BH1862,1270,BH1270,,,,,,,,,,,,,,10,3.1846,6.2,2,,,,,,,,,,,,,,,,,,,,
MH820,1820,820,S/H,48 HR,24,,10,3,7,10,Pass,CRYO,2,2741,2.9685,6.2,2,Y,1,F,1,A,Active,3,TH05.053,1384,BH1384,1736,BH1736,,,,,,,,,,,,,,10,2.9685,6.2,2,,,,,,,,,,,,,,,,,,,,
MH821,1821,821,S/H,48 HR,24,,10,3,7,10,Pass,HYSTO,2,2741,3.8567,6.4,3,Y,1,M,0,HA,Hyper Active,3,TH05.053,1526,BH1526,1947,BH1947,,,,,,,,,,,,,,10,3.8567,6.4,3,,,,,,,,,,,,,,,,,,,,
MH822,1822,822,S/H,48 HR,24,,10,3,7,10,Pass,HYSTO,2,2741,3.9242,6.3,4,Y,1,M,0,HA,Hyper Active,3,TH05.053,1678,BH1678,1760,BH1760,,,,,,,,,,,,,,10,3.9242,6.3,4,,,,,,,,,,,,,,,,,,,,
MH823,1823,823,S/H,48 HR,24,,10,3,7,10,Pass,HYSTO,2,2741,3.5482,6.4,4,Y,1,M,0,HA,Hyper Active,3,TH05.053,1148,BH1148,1383,BH1383,,,,,,,,,,,,,,10,3.5482,6.4,4,,,,,,,,,,,,,,,,,,,,
MH824,1824,824,S/H,48 HR,24,,10,3,7,10,Pass,HYSTO,2,2741,3.1142,6.2,3,Y,1,M,0,A,Active,3,TH05.053,1455,BH1455,1790,BH1790,,,,,,,,,,,,,,10,3.1142,6.2,3,,,,,,,,,,,,,,,,,,,,
MH825,1825,825,S/H,48 HR,24,,10,3,7,10,Pass,HYSTO,2,2741,3.7779,6.3,4,Y,1,M,0,A,Active,3,TH05.053,1755,BH1755,1961,BH1961,,,,,,,,,,,,,,10,3.7779,6.3,4,,,,,,,,,,,,,,,,,,,,
,,,,,,,,,,,,,,,,,,,,,,,,,,,,,,,,,,,,,,,,,,,,,,,,,,,,,,,,,,,,,,,,,,
MH827,1827,827,L/H,48 HR,48,,11,2,8,11,Pass,CRYO,4,2742,2.7234,6.5,4,Y,1,M,0,L,Lethargic,1,TH05.052,1631,BH1631,1437,BH1437,,,,,,,,,,,,,,10,2.4665,5.9,3,,,,,,,,,,,,,,,,,,,,
MH828,1828,828,L/H,48 HR,48,,11,2,8,11,Pass,HYSTO,4,2742,2.4756,6.5,4,N,0,M,0,L,Lethargic,1,TH05.052,1287,BH1287,1798,BH1798,,,,,,,,,,,,,,10,2.5834,5.9,3,,,,,,,,,,,,,,,,,,,,
MH829,1829,829,L/H,48 HR,48,,11,2,8,11,Pass,HYSTO,4,2742,2.525,6.3,3,Y,1,M,0,L,Lethargic,1,TH05.052,1886,BH1886,1922,BH1922,,,,,,,,,,,,,,10,2.3825,5.5,3,,,,,,,,,,,,,,,,,,,,
MH830,1830,830,L/H,48 HR,48,,11,2,8,11,Pass,HYSTO,4,2742,3.2232,6.4,3,Y,1,M,0,L,Lethargic,1,TH05.052,1941,BH1941,1795,BH1795,,,,,,,,,,,,,,10,2.9739,6.3,3,,,,,,,,,,,,,,,,,,,,
MH831,1831,831,L/H,48 HR,48,,11,2,8,11,Pass,HYSTO,4,2742,4.0695,7.4,2,Y,1,F,1,A,Active,3,TH05.052,1020,BH1020,1295,BH1295,,,,,,,,,,,,,,10,3.7116,6.7,2,,,,,,,,,,,,,,,,,,,,
MH832,1832,832,L/H,48 HR,48,,11,2,8,11,Pass,HYSTO,4,2742,3.0029,6.8,2,Y,1,F,1,A,Active,3,TH05.052,1192,BH1192,1044,BH1044,,,,,,,,,,,,,,10,2.9007,6,2,,,,,,,,,,,,,,,,,,,,
MH833,1833,833,L/H,48 HR,48,,11,2,8,11,Pass,HYSTO,4,2742,2.3404,6.5,2,Y,1,F,1,A,Active,3,TH05.052,1266,BH1266,1899,BH1899,,,,,,,,,,,,,,10,2.1701,5.6,2,,,,,,,,,,,,,,,,,,,,
MH834,1834,834,L/H,96 HR,96,,13,2,10,13,Pass,CRYO,4,2742,4.8814,7.8,4,Y,1,M,0,A,Active,3,TH05.055,1165,BH1165,1188,BH1188,1263,BH1263,,,,,,,,,,,,10,3.826,6.4,3,,11,3.1597,6.3,3,,,,,,,,,,,,,,,
MH835,1835,835,L/H,96 HR,96,,13,2,10,13,Pass,CRYO,4,2742,5.8228,8.3,4,Y,1,M,0,A,Active,3,TH05.055,1395,BH1395,1643,BH1643,1333,BH1333,,,,,,,,,,,,10,3.669,6.7,4,,11,4.0686,6.8,4,,,,,,,,,,,,,,,
MH836,1836,836,L/H,96 HR,96,,13,2,10,13,Pass,CRYO,4,2742,3.0942,6.7,3,Y,1,M,0,L,Lethargic,1,TH05.055,1567,BH1567,1451,BH1451,1738,BH1738,,,,,,,,,,,,10,2.1872,5.5,3,,11,2.0441,5.6,3,,,,,,,,,,,,,,,
MH837,1837,837,L/H,96 HR,96,,13,2,10,13,Pass,CRYO,4,2742,3.5931,7.2,2,Y,1,F,1,A,Active,3,TH05.055,1998,BH1998,1390,BH1390,1894,BH1894,,,,,,,,,,,,10,2.2711,5.6,2,,11,2.2407,5.4,2,,,,,,,,,,,,,,,
,,,,#N/A,,,,#N/A,6,#N/A,#N/A,,,,,,,,,,,,,,,,,,,,,,,,,,,,,,,,,,,,,,,,,,,,,,,,,,,,,,,
MH827,1827,827,L/H,48 HR,24,,10,2,7,10,Pass,CRYO,4,2742,2.4665,5.9,3,,,M,0,A,Active,3,TH05.052,1631,BH1631,1437,BH1437,,,,,,,,,,,,,,10,2.4665,5.9,3,,,,,,,,,,,,,,,,,,,,
MH828,1828,828,L/H,48 HR,24,,10,2,7,10,Pass,HYSTO,4,2742,2.5834,5.9,3,Y,1,M,0,A,Active,3,TH05.052,1287,BH1287,1798,BH1798,,,,,,,,,,,,,,10,2.5834,5.9,3,,,,,,,,,,,,,,,,,,,,
MH829,1829,829,L/H,48 HR,24,,10,2,7,10,Pass,HYSTO,4,2742,2.3825,5.5,3,Y,1,M,0,A,Active,3,TH05.052,1886,BH1886,1922,BH1922,,,,,,,,,,,,,,10,2.3825,5.5,3,,,,,,,,,,,,,,,,,,,,
MH830,1830,830,L/H,48 HR,24,,10,2,7,10,Pass,HYSTO,4,2742,2.9739,6.3,3,Y,1,M,0,A,Active,3,TH05.052,1941,BH1941,1795,BH1795,,,,,,,,,,,,,,10,2.9739,6.3,3,,,,,,,,,,,,,,,,,,,,
MH831,1831,831,L/H,48 HR,24,,10,2,7,10,Pass,HYSTO,4,2742,3.7116,6.7,2,,,F,1,A,Active,3,TH05.052,1020,BH1020,1295,BH1295,,,,,,,,,,,,,,10,3.7116,6.7,2,,,,,,,,,,,,,,,,,,,,
MH832,1832,832,L/H,48 HR,24,,10,2,7,10,Pass,HYSTO,4,2742,2.9007,6,2,Y,1,F,1,A,Active,3,TH05.052,1192,BH1192,1044,BH1044,,,,,,,,,,,,,,10,2.9007,6,2,,,,,,,,,,,,,,,,,,,,
MH833,1833,833,L/H,48 HR,24,,10,2,7,10,Pass,HYSTO,4,2742,2.1701,5.6,2,Y,1,F,1,A,Active,3,TH05.052,1266,BH1266,1899,BH1899,,,,,,,,,,,,,,10,2.1701,5.6,2,,,,,,,,,,,,,,,,,,,,
MH834,1834,834,L/H,96 HR,24,,10,2,7,10,Pass,CRYO,4,2742,3.826,6.4,3,Y,1,M,0,A,Active,3,TH05.055,1165,BH1165,1188,BH1188,1263,BH1263,,,,,,,,,,,,10,3.826,6.4,3,,11,3.1597,6.3,3,,,,,,,,,,,,,,,
MH835,1835,835,L/H,96 HR,24,,10,2,7,10,Pass,CRYO,4,2742,3.669,6.7,4,Y,1,M,0,HA,Hyper Active,3,TH05.055,1395,BH1395,1643,BH1643,1333,BH1333,,,,,,,,,,,,10,3.669,6.7,4,,11,4.0686,6.8,4,,,,,,,,,,,,,,,
MH836,1836,836,L/H,96 HR,24,,10,2,7,10,Pass,CRYO,4,2742,2.1872,5.5,3,,,M,0,L,Lethargic,1,TH05.055,1567,BH1567,1451,BH1451,1738,BH1738,,,,,,,,,,,,10,2.1872,5.5,3,,11,2.0441,5.6,3,,,,,,,,,,,,,,,
MH837,1837,837,L/H,96 HR,24,,10,2,7,10,Pass,CRYO,4,2742,2.2711,5.6,2,Y,1,F,1,L,Lethargic,1,TH05.055,1998,BH1998,1390,BH1390,1894,BH1894,,,,,,,,,,,,10,2.2711,5.6,2,,11,2.2407,5.4,2,,,,,,,,,,,,,,,
,,,,#N/A,,,,#N/A,6,#N/A,#N/A,,,,,,,,,,,,,,,,,,,,,,,,,,,,,,,,,,,,,,,,,,,,,,,,,,,,,,,
MH834,1834,834,L/H,96 HR,48,,11,2,8,11,Pass,CRYO,4,2742,3.1597,6.3,3,Y,1,M,0,L,Lethargic,1,TH05.055,1165,BH1165,1188,BH1188,1263,BH1263,,,,,,,,,,,,10,3.826,6.4,3,,11,3.1597,6.3,3,,,,,,,,,,,,,,,
MH835,1835,835,L/H,96 HR,48,,11,2,8,11,Pass,CRYO,4,2742,4.0686,6.8,4,Y,1,M,0,A,Active,3,TH05.055,1395,BH1395,1643,BH1643,1333,BH1333,,,,,,,,,,,,10,3.669,6.7,4,,11,4.0686,6.8,4,,,,,,,,,,,,,,,
MH836,1836,836,L/H,96 HR,48,,11,2,8,11,Pass,CRYO,4,2742,2.0441,5.6,3,N,0,M,0,L,Lethargic,1,TH05.055,1567,BH1567,1451,BH1451,1738,BH1738,,,,,,,,,,,,10,2.1872,5.5,3,,11,2.0441,5.6,3,,,,,,,,,,,,,,,
MH837,1837,837,L/H,96 HR,48,,11,2,8,11,Pass,CRYO,4,2742,2.2407,5.4,2,Y,1,F,1,L,Lethargic,1,TH05.055,1998,BH1998,1390,BH1390,1894,BH1894,,,,,,,,,,,,10,2.2711,5.6,2,,11,2.2407,5.4,2,,,,,,,,,,,,,,,
,,,,,,,,,,,,,,,,,,,,,,,,,,,,,,,,,,,,,,,,,,,,,,,,,,,,,,,,,,,,,,,,,,
MH838,1838,838,DIED,DIED,DIED,,13,#N/A,#N/A,#N/A,#N/A,DIED,?,DIED,DIED,DIED,DIED,DIED,DIED,DIED,DIED,DIED,DIED,DIED,DIED,1314,BH1314,1097,BH1097,1149,BH1149,,,,,,,,,,,,10,,,,,,,,,,,,,,,,,,,,,,,
MH839,1839,839,DIED,DIED,DIED,,13,#N/A,#N/A,#N/A,#N/A,DIED,?,DIED,DIED,DIED,DIED,DIED,DIED,DIED,DIED,DIED,DIED,DIED,DIED,1176,BH1176,1119,BH1119,1221,BH1221,,,,,,,,,,,,10,,,,,,,,,,,,,,,,,,,,,,,
MH840,1840,840,DIED,DIED,DIED,,13,#N/A,#N/A,#N/A,#N/A,DIED,?,DIED,DIED,DIED,DIED,DIED,DIED,DIED,DIED,DIED,DIED,DIED,DIED,1029,BH1029,1239,BH1239,1428,BH1428,,,,,,,,,,,,10,,,,,,,,,,,,,,,,,,,,,,,
MH841,1841,841,DIED,DIED,DIED,,13,#N/A,#N/A,#N/A,#N/A,DIED,?,DIED,DIED,DIED,DIED,DIED,DIED,DIED,DIED,DIED,DIED,DIED,DIED,1719,BH1719,1831,BH1831,1649,BH1649,,,,,,,,,,,,10,,,,,,,,,,,,,,,,,,,,,,,
,,,DIED,#N/A,DIED,,13,#N/A,#N/A,#N/A,#N/A,DIED,?,DIED,DIED,DIED,DIED,DIED,DIED,DIED,DIED,DIED,DIED,DIED,DIED,,,,,,,,,,,,,,,,,,10,,,,,,,,,,,,,,,,,,,,,,,
MH842,1842,842,DIED,DIED,DIED,,13,#N/A,#N/A,#N/A,#N/A,DIED,?,DIED,DIED,DIED,DIED,DIED,DIED,DIED,DIED,DIED,DIED,DIED,DIED,1086,BH1086,1670,BH1670,1405,BH1405,,,,,,,,,,,,10,,,,,,,,,,,,,,,,,,,,,,,
MH843,1843,843,DIED,DIED,DIED,,13,#N/A,#N/A,#N/A,#N/A,DIED,?,DIED,DIED,DIED,DIED,DIED,DIED,DIED,DIED,DIED,DIED,DIED,DIED,1791,BH1791,1768,BH1768,1665,BH1665,,,,,,,,,,,,10,,,,,,,,,,,,,,,,,,,,,,,
MH844,1844,844,DIED,DIED,DIED,,13,#N/A,#N/A,#N/A,#N/A,DIED,?,DIED,DIED,DIED,DIED,DIED,DIED,DIED,DIED,DIED,DIED,DIED,DIED,1346,BH1346,1948,BH1948,1879,BH1879,,,,,,,,,,,,10,,,,,,,,,,,,,,,,,,,,,,,
,,,,,,,,,,,,,,,,,,,,,,,,,,,,,,,,,,,,,,,,,,,,,,,,,,,,,,,,,,,,,,,,,,
MH845,1845,845,N,24 HR,24,0,10,8,7,10,Pass,CRYO,0,2626,6.04,7.5,3,Y,1,M,0,L,Lethargic,1,TH05.050,1757,BH1757,,,,,,,,,,,,,,,,10,5.9545,7.7,4,,,,,,,,,,,,,,,,,,,,
MH846,1846,846,N,24 HR,24,0,10,8,7,10,Pass,CRYO,0,2626,2.8228,6.8,4,Y,1,M,0,L,Lethargic,1,TH05.050,1972,BH1972,,,,,,,,,,,,,,,,10,2.7544,6.1,3,,,,,,,,,,,,,,,,,,,,
MH847,1847,847,N,24 HR,24,0,10,8,7,10,Pass,CRYO,0,2626,3.2527,7.1,2,Y (1/2),0,F,1,L,Lethargic,1,TH05.050,1290,BH1290,,,,,,,,,,,,,,,,10,3.1605,6.4,2,,,,,,,,,,,,,,,,,,,,
MH848,1848,848,N,48,48,24,11,8,8,11,Pass,CRYO,0,2626,2.9393,6.7,4,Y,1,M,0,A,Active,3,TH05.053,1580,BH1580,1315,BH1315,,,,,,,,,,,,,,10,2.6603,6.1,3,,11,2.9393,6.7,4,,,,,,,,,,,,,,,
MH849,1849,849,N,96 HR,96,72,13,8,10,13,Pass,CRYO,0,2626,3.4573,7.5,2,Y (1/2),0,F,1,L,Lethargic,1,TH05.054,1124,BH1124,1393,BH1393,1793,BH1793,,,,,,,,,,,,10,3.0075,6.2,2,,11,3.2887,6.4,2,,,,,,,,,,,,,,,
,,,,,,,,,,,,,,,,,,,,,,,,,,,,,,,,,,,,,,,,,,,,,,,,,,,,,,,,,,,,,,,,,,
MH845,1845,845,N,24 HR,24,0,10,8,7,10,Pass,CRYO,0,2626,5.9545,7.7,4,Y,1,M,0,L,Lethargic,1,TH05.050,1757,BH1757,,,,,,,,,,,,,,,,10,5.9545,7.7,4,,,,,,,,,,,,,,,,,,,,
MH846,1846,846,N,24 HR,24,0,10,8,7,10,Pass,CRYO,0,2626,2.7544,6.1,3,Y,1,M,0,L,Lethargic,1,TH05.050,1972,BH1972,,,,,,,,,,,,,,,,10,2.7544,6.1,3,,,,,,,,,,,,,,,,,,,,
MH847,1847,847,N,24 HR,24,0,10,8,7,10,Pass,CRYO,0,2626,3.1605,6.4,2,Y (1/2),0,F,1,L,Lethargic,1,TH05.050,1290,BH1290,,,,,,,,,,,,,,,,10,3.1605,6.4,2,,,,,,,,,,,,,,,,,,,,
MH848,1848,848,N,48 HR,24,0,10,8,7,10,Pass,CRYO,0,2626,2.6603,6.1,3,Y,1,M,0,A,Active,3,TH05.053,1580,BH1580,1315,BH1315,,,,,,,,,,,,,,10,2.6603,6.1,3,,11,2.9393,6.7,4,,,,,,,,,,,,,,,
MH849,1849,849,N,96 HR,24,0,10,8,7,10,Pass,CRYO,0,2626,3.0075,6.2,2,Y (1/2),0,F,1,L,Lethargic,1,TH05.054,1124,BH1124,1393,BH1393,1793,BH1793,,,,,,,,,,,,10,3.0075,6.2,2,,11,3.2887,6.4,2,,,,,,,,,,,,,,,
,,,,,,,,,,,,,,,,,,,,,,,,,,,,,,,,,,,,,,,,,,,,,,,,,,,,,,,,,,,,,,,,,,
MH848,1848,848,N,48 HR,48,24,11,8,8,11,Pass,CRYO,0,2626,2.9393,6.7,4,Y,1,M,0,A,Active,3,TH05.053,1580,BH1580,1315,BH1315,,,,,,,,,,,,,,10,2.6603,6.1,3,,11,2.9393,6.7,4,,,,,,,,,,,,,,,
MH849,1849,849,N,96 HR,48,24,11,8,8,11,Pass,CRYO,0,2626,3.2887,6.4,2,Y (1/2),0,F,1,L,Lethargic,1,TH05.054,1124,BH1124,1393,BH1393,1793,BH1793,,,,,,,,,,,,10,3.0075,6.2,2,,11,3.2887,6.4,2,,,,,,,,,,,,,,,
,,,,,,,,,,,,,,,,,,,,,,,,,,,,,,,,,,,,,,,,,,,,,,,,,,,,,,,,,,,,,,,,,,
MH850,1850,850,N,DIED,DIED,,DIED,8,#N/A,#N/A,#N/A,DIED,0,1712,DIED,DIED,DIED,DIED,DIED,DIED,DIED,DIED,DIED,DIED,DIED,1950,BH1950,,,,,,,,,,,,,,,,10,,,,,,,,,,,,,,,,,,,,,,,
MH851,1851,851,N,96 HR,96,72,13,8,10,13,Pass,CRYO,0,1712,6.1794,8.7,4,Y,1,F,1,A,Active,3,TH05.059,1202,BH1202,1752,BH1752,1418,BH1418,,,,,,,,4.0457,,,,10,4.0457,,,,11,4.5711,7.2,3,,13,6.1794,8.7,4,,,,,,,,,,
MH852,1852,852,N,96 HR,96,72,13,8,10,13,Pass,CRYO,0,1712,4.9987,8.1,2,Y,1,F,1,A,Active,3,TH05.059,1200,BH1200,1902,BH1902,1905,BH1905,,,,,,,,3.0399,,,,10,3.0399,,,,11,3.4836,6.5,2,,13,4.9987,8.1,2,,,,,,,,,,
,,,,,,,,,,,,,,,,,,,,,,,,,,,,,,,,,,,,,,,,,,,,,,,,,,,,,,,,,,,,,,,,,,
MH855,1855,855,RV 10,96 HR,96,96,14,6,10,14,Pass,CRYO,5,2979,8.0421,9.8,4,Y (1/2),0,M,0,A,Active,3,TH05.075,1107,BH1107,,,,,,,,,,,,5.8473,8,3,,10,,,,,,,,,,,7.7918,9.8,4,,,,,,,,,,
MH856,1856,856,RV 10,96 HR,96,96,14,6,10,14,Pass,CRYO,5,2979,8.5717,9.9,4,Y (1/2),0,M,0,A,Active,3,TH05.075,1123,BH1123,,,,,,,,,,,,5.7933,8.1,3,,10,,,,,,,,,,,8.5689,9.4,4,,,,,,,,,,
MH857,1857,857,N,24 HR,72,24,12,8,9,12,Pass,CRYO,0,2979,6.4197,8.2,4,Y,1,M,0,A,Active,3,TH05.073,1329,BH1329,,,,,,,,,,,,6.0812,8.4,4,,10,,,,,,,,,,,,,,,,,,,,,,,
MH858,1858,858,RV 10,96 HR,96,96,14,6,10,14,Pass,CRYO,5,2979,6.7485,9.3,2,Y,1,F,1,A,Active,3,TH05.075,1343,BH1343,,,,,,,,,,,,5.4618,7.8,2,,10,,,,,,,,,,,6.7485,9.3,2,,,,,,,,,,
MH859,1859,859,N,24 HR,72,24,12,8,9,12,Pass,CRYO,0,2979,5.5109,7.7,4,y,1,M,0,L,Lethargic,1,TH05.073,1661,BH1661,,,,,,,,,,,,5.2629,7.7,3,,10,,,,,,,,,,,,,,,,,,,,,,,
,,,,,,,,,,,,,,,,,,,,,,,,,,,,,,,,,,,,,,,,,,,,,,,,,,,,,,,,,,,,,,,,,,
MH855,1855,855,RV 10,96 HR,0,0,10,6,6,10,Pass,CRYO,5,2979,5.8473,8,3,,,M,0,A,Active,3,TH05.075,1107,BH1107,,,,,,,,,,,,5.8473,8,3,,10,,,,,,,,,,,7.7918,9.8,4,,,,,,,,,,
MH856,1856,856,RV 10,96 HR,0,0,10,6,6,10,Pass,CRYO,5,2979,5.7933,8.1,3,,,M,0,A,Active,3,TH05.075,1123,BH1123,,,,,,,,,,,,5.7933,8.1,3,,10,,,,,,,,,,,8.5689,9.4,4,,,,,,,,,,
MH857,1857,857,N,24 HR,24,0,10,8,7,10,Pass,CRYO,0,2979,6.0812,8.4,4,,,M,0,HA,Hyper Active,3,TH05.073,1329,BH1329,,,,,,,,,,,,6.0812,8.4,4,,10,,,,,,,,,,,,,,,,,,,,,,,
MH858,1858,858,RV 10,96 HR,0,0,10,6,6,10,Pass,CRYO,5,2979,5.4618,7.8,2,,,F,1,A,Active,3,TH05.075,1343,BH1343,,,,,,,,,,,,5.4618,7.8,2,,10,,,,,,,,,,,6.7485,9.3,2,,,,,,,,,,
MH859,1859,859,N,24 HR,24,0,10,8,7,10,Pass,CRYO,0,2979,5.2629,7.7,3,,,M,0,A,Active,3,TH05.073,1661,BH1661,,,,,,,,,,,,5.2629,7.7,3,,10,,,,,,,,,,,,,,,,,,,,,,,
,,,,,,,,,,,,,,,,,,,,,,,,,,,,,,,,,,,,,,,,,,,,,,,,,,,,,,,,,,,,,,,,,,
MH855,1855,855,RV 10,96 HR,24,24,11,6,7,11,Pass,CRYO,5,2979,7.7918,9.8,4,NV,0,M,0,A,Active,3,TH05.075,1107,BH1107,,,,,,,,,,,,5.8473,8,3,,10,,,,,,,,,,,7.7918,9.8,4,,,,,,,,,,
MH856,1856,856,RV 10,96 HR,24,24,11,6,7,11,Pass,CRYO,5,2979,8.5689,9.4,4,NV,0,M,0,A,Active,3,TH05.075,1123,BH1123,,,,,,,,,,,,5.7933,8.1,3,,10,,,,,,,,,,,8.5689,9.4,4,,,,,,,,,,
MH858,1858,858,RV 10,96 HR,24,24,11,6,7,11,Pass,CRYO,5,2979,6.7485,9.3,2,NV,0,F,1,A,Active,3,TH05.075,1343,BH1343,,,,,,,,,,,,5.4618,7.8,2,,10,,,,,,,,,,,6.7485,9.3,2,,,,,,,,,,
,,,,,,,,,,,,,,,,,,,,,,,,,,,,,,,,,,,,,,,,,,,,,,,,,,,,,,,,,,,,,,,,,,
MH860,1860,860,N,24 HR,24,0,10,8,7,10,Pass,CRYO,0,2981,5.478,8,2,Y,1,F,1,A,Active,3,TH05.080,1440,BH1440,1530,BH1530,1172,BH1172,,,,,,,7,3.9889,6.7,1,,8,4.4553,7.3,2,,9,4.9516,7.4,,,10,5.4267,8,2,,,,,,,,,,
MH861,1861,861,N,24 HR,24,0,10,8,7,10,Pass,CRYO,0,2981,5.7499,8.3,2,Y,1,F,1,A,Active,3,TH05.080,1538,BH1538,1430,BH1430,1205,BH1205,,,,,,,7,4.3861,7,2,,8,4.773,7.5,2,,9,5.1747,7.6,,,10,5.6784,8.3,2,,,,,,,,,,
MH862,1862,862,N,24 HR,24,0,10,8,7,10,Pass,CRYO,0,2981,5.4117,8.1,2,Y,1,F,1,A,Active,3,TH05.080,1658,BH1658,1946,BH1946,1334,BH1334,,,,,,,7,3.9681,6.7,2,,8,4.5061,7.1,2,,9,5.0105,7.5,,,10,5.3354,8.1,2,,,,,,,,,,
MH863,1863,863,N,48 HR,48,24,11,8,8,11,Pass,CRYO,0,2981,5.9743,8.5,2,Y,1,F,1,A,Active,3,TH05.081,1857,BH1857,1298,BH1298,1573,BH1573,1644,BH1644,,,,,7,3.8122,6.7,2,,8,4.2874,7.2,2,,9,4.7269,7.5,,,10,5.0971,7.7,2,,11,5.8172,8.7,2,,,,,
MH864,1864,864,N,48 HR,48,24,11,8,8,11,Pass,IHC,0,2981,6.689,8.9,4,Y,1,M,0,A,Active,3,TH05.081,1349,BH1349,1710,BH1710,1717,BH1717,1725,BH1725,,,,,7,4.4943,7.4,3,,8,4.9038,7.9,4,,9,5.2937,7.9,,,10,5.8485,8.3,4,,11,6.5031,8.9,4,,,,,
MH865,1865,865,N,48 HR,48,24,11,8,8,11,Pass,IHC,0,2981,6.8694,9,4,Y,1,M,0,A,Active,3,TH05.081,1535,BH1535,1834,BH1834,1322,BH1322,1069,BH1069,,,,,7,4.4963,7.3,4,,8,4.9284,7.6,4,,9,5.3281,7.8,,,10,5.8811,8.4,4,,11,6.6411,9,4,,,,,
MH866,1866,866,N,48 HR,48,24,11,8,8,11,Pass,IHC,0,2981,6.7182,8.8,2,Y,1,F,1,R,Hyper Active,5,TH05.081,1826,BH1826,1073,BH1073,1468,BH1468,1272,BH1272,,,,,7,4.1879,6.9,2,,8,4.8599,7.3,2,,9,5.3174,7.6,,,10,5.7409,8,2,,11,6.5172,8.8,2,,,,,
MH867,1867,867,N,48 HR,48,24,11,8,8,11,Pass,IHC,0,2981,6.3281,8.6,2,Y,1,F,1,A,Active,3,TH05.081,1977,BH1977,1496,BH1496,1937,BH1937,1731,BH1731,,,,,7,4.1467,7.2,2,,8,4.4841,7.4,2,,9,4.9175,7.5,,,10,5.3963,8.2,2,,11,6.2937,8.6,2,,,,,
MH868,1868,868,N,96 HR,96,48,13,8,10,13,Pass,CRYO,0,2981,7.5319,9.9,5,Y,1,M,0,A,Active,3,TH05.083,1053,BH1053,1822,BH1822,1991,BH1991,1810,BH1810,1377,BH1377,,,7,4.5099,7,3,,8,5.0526,7.6,4,,9,5.2062,7.8,,,10,5.6319,8.3,4,,11,6.2389,8.7,4,,13,6.9698,9.1,4
,,,,,,,,,,,,,,,,,,,,,,,,,,,,,,,,,,,,,,,,,,,,,,,,,,,,,,,,,,,,,,,,,,
MH860,1860,860,N,24 HR,-48,-72,7,8,4,7,Pass,CRYO,0,2981,3.9889,6.7,1,Y,1,F,1,L,Lethargic,1,TH05.080,1440,BH1440,1530,BH1530,1172,BH1172,,,,,,,7,3.9889,6.7,1,,8,4.4553,7.3,2,,9,4.9516,7.4,,,10,5.4267,8,2,,,,,,,,,,
MH861,1861,861,N,24 HR,-48,-72,7,8,4,7,Pass,CRYO,0,2981,4.3861,7,2,Y,1,F,1,L,Lethargic,1,TH05.080,1538,BH1538,1430,BH1430,1205,BH1205,,,,,,,7,4.3861,7,2,,8,4.773,7.5,2,,9,5.1747,7.6,,,10,5.6784,8.3,2,,,,,,,,,,
MH862,1862,862,N,24 HR,-48,-72,7,8,4,7,Pass,CRYO,0,2981,3.9681,6.7,2,Y,1,F,1,L,Lethargic,1,TH05.080,1658,BH1658,1946,BH1946,1334,BH1334,,,,,,,7,3.9681,6.7,2,,8,4.5061,7.1,2,,9,5.0105,7.5,,,10,5.3354,8.1,2,,,,,,,,,,
MH863,1863,863,N,48 HR,-48,-72,7,8,4,7,Pass,CRYO,0,2981,3.8122,6.7,2,Y,1,F,1,L,Lethargic,1,TH05.081,1857,BH1857,1298,BH1298,1573,BH1573,1644,BH1644,,,,,7,3.8122,6.7,2,,8,4.2874,7.2,2,,9,4.7269,7.5,,,10,5.0971,7.7,2,,11,5.8172,8.7,2,,,,,
MH864,1864,864,N,48 HR,-48,-72,7,8,4,7,Pass,IHC,0,2981,4.4943,7.4,3,Y,1,M,0,L,Lethargic,1,TH05.081,1349,BH1349,1710,BH1710,1717,BH1717,1725,BH1725,,,,,7,4.4943,7.4,3,,8,4.9038,7.9,4,,9,5.2937,7.9,,,10,5.8485,8.3,4,,11,6.5031,8.9,4,,,,,
MH865,1865,865,N,48 HR,-48,-72,7,8,4,7,Pass,IHC,0,2981,4.4963,7.3,4,Y,1,M,0,L,Lethargic,1,TH05.081,1535,BH1535,1834,BH1834,1322,BH1322,1069,BH1069,,,,,7,4.4963,7.3,4,,8,4.9284,7.6,4,,9,5.3281,7.8,,,10,5.8811,8.4,4,,11,6.6411,9,4,,,,,
MH866,1866,866,N,48 HR,-48,-72,7,8,4,7,Pass,IHC,0,2981,4.1879,6.9,2,Y,1,F,1,L,Lethargic,1,TH05.081,1826,BH1826,1073,BH1073,1468,BH1468,1272,BH1272,,,,,7,4.1879,6.9,2,,8,4.8599,7.3,2,,9,5.3174,7.6,,,10,5.7409,8,2,,11,6.5172,8.8,2,,,,,
MH867,1867,867,N,48 HR,-48,-72,7,8,4,7,Pass,IHC,0,2981,4.1467,7.2,2,Y,1,F,1,L,Lethargic,1,TH05.081,1977,BH1977,1496,BH1496,1937,BH1937,1731,BH1731,,,,,7,4.1467,7.2,2,,8,4.4841,7.4,2,,9,4.9175,7.5,,,10,5.3963,8.2,2,,11,6.2937,8.6,2,,,,,
MH868,1868,868,N,96 HR,-48,-72,7,8,4,7,Pass,CRYO,0,2981,4.5099,7,3,Y,1,M,0,L,Lethargic,1,TH05.083,1053,BH1053,1822,BH1822,1991,BH1991,1810,BH1810,1377,BH1377,,,7,4.5099,7,3,,8,5.0526,7.6,4,,9,5.2062,7.8,,,10,5.6319,8.3,4,,11,6.2389,8.7,4,,13,6.9698,9.1,4
,,,,,,,,,,,,,,,,,,,,,,,,,,,,,,,,,,,,,,,,,,,,,,,,,,,,,,,,,,,,,,,,,,
MH860,1860,860,N,24 HR,-24,-48,8,8,5,8,Pass,CRYO,0,2981,4.4553,7.3,2,Y,1,F,1,L,Lethargic,1,TH05.080,1440,BH1440,1530,BH1530,1172,BH1172,,,,,,,7,3.9889,6.7,1,,8,4.4553,7.3,2,,9,4.9516,7.4,,,10,5.4267,8,2,,,,,,,,,,
MH861,1861,861,N,24 HR,-24,-48,8,8,5,8,Pass,CRYO,0,2981,4.773,7.5,2,Y,1,F,1,L,Lethargic,1,TH05.080,1538,BH1538,1430,BH1430,1205,BH1205,,,,,,,7,4.3861,7,2,,8,4.773,7.5,2,,9,5.1747,7.6,,,10,5.6784,8.3,2,,,,,,,,,,
MH862,1862,862,N,24 HR,-24,-48,8,8,5,8,Pass,CRYO,0,2981,4.5061,7.1,2,Y,1,F,1,A,Active,3,TH05.080,1658,BH1658,1946,BH1946,1334,BH1334,,,,,,,7,3.9681,6.7,2,,8,4.5061,7.1,2,,9,5.0105,7.5,,,10,5.3354,8.1,2,,,,,,,,,,
MH863,1863,863,N,48 HR,-24,-48,8,8,5,8,Pass,CRYO,0,2981,4.2874,7.2,2,Y,1,F,1,A,Active,3,TH05.081,1857,BH1857,1298,BH1298,1573,BH1573,1644,BH1644,,,,,7,3.8122,6.7,2,,8,4.2874,7.2,2,,9,4.7269,7.5,,,10,5.0971,7.7,2,,11,5.8172,8.7,2,,,,,
MH864,1864,864,N,48 HR,-24,-48,8,8,5,8,Pass,IHC,0,2981,4.9038,7.9,4,N,0,M,0,A,Active,3,TH05.081,1349,BH1349,1710,BH1710,1717,BH1717,1725,BH1725,,,,,7,4.4943,7.4,3,,8,4.9038,7.9,4,,9,5.2937,7.9,,,10,5.8485,8.3,4,,11,6.5031,8.9,4,,,,,
MH865,1865,865,N,48 HR,-24,-48,8,8,5,8,Pass,IHC,0,2981,4.9284,7.6,4,Y,1,M,0,A,Active,3,TH05.081,1535,BH1535,1834,BH1834,1322,BH1322,1069,BH1069,,,,,7,4.4963,7.3,4,,8,4.9284,7.6,4,,9,5.3281,7.8,,,10,5.8811,8.4,4,,11,6.6411,9,4,,,,,
MH866,1866,866,N,48 HR,-24,-48,8,8,5,8,Pass,IHC,0,2981,4.8599,7.3,2,Y,1,F,1,A,Active,3,TH05.081,1826,BH1826,1073,BH1073,1468,BH1468,1272,BH1272,,,,,7,4.1879,6.9,2,,8,4.8599,7.3,2,,9,5.3174,7.6,,,10,5.7409,8,2,,11,6.5172,8.8,2,,,,,
MH867,1867,867,N,48 HR,-24,-48,8,8,5,8,Pass,IHC,0,2981,4.4841,7.4,2,Y,1,F,1,A,Active,3,TH05.081,1977,BH1977,1496,BH1496,1937,BH1937,1731,BH1731,,,,,7,4.1467,7.2,2,,8,4.4841,7.4,2,,9,4.9175,7.5,,,10,5.3963,8.2,2,,11,6.2937,8.6,2,,,,,
MH868,1868,868,N,96 HR,-24,-48,8,8,5,8,Pass,CRYO,0,2981,5.0526,7.6,4,N,0,M,0,A,Active,3,TH05.083,1053,BH1053,1822,BH1822,1991,BH1991,1810,BH1810,1377,BH1377,,,7,4.5099,7,3,,8,5.0526,7.6,4,,9,5.2062,7.8,,,10,5.6319,8.3,4,,11,6.2389,8.7,4,,13,6.9698,9.1,4
,,,,,,,,,,,,,,,,,,,,,,,,,,,,,,,,,,,,,,,,,,,,,,,,,,,,,,,,,,,,,,,,,,
MH860,1860,860,N,24 HR,0,-24,9,8,6,9,Pass,CRYO,0,2981,4.9516,7.4,,,,F,1,A,Active,3,TH05.080,1440,BH1440,1530,BH1530,1172,BH1172,,,,,,,7,3.9889,6.7,1,,8,4.4553,7.3,2,,9,4.9516,7.4,,,10,5.4267,8,2,,,,,,,,,,
MH861,1861,861,N,24 HR,0,-24,9,8,6,9,Pass,CRYO,0,2981,5.1747,7.6,,,,F,1,A,Active,3,TH05.080,1538,BH1538,1430,BH1430,1205,BH1205,,,,,,,7,4.3861,7,2,,8,4.773,7.5,2,,9,5.1747,7.6,,,10,5.6784,8.3,2,,,,,,,,,,
MH862,1862,862,N,24 HR,0,-24,9,8,6,9,Pass,CRYO,0,2981,5.0105,7.5,,,,F,1,A,Active,3,TH05.080,1658,BH1658,1946,BH1946,1334,BH1334,,,,,,,7,3.9681,6.7,2,,8,4.5061,7.1,2,,9,5.0105,7.5,,,10,5.3354,8.1,2,,,,,,,,,,
MH863,1863,863,N,48 HR,0,-24,9,8,6,9,Pass,CRYO,0,2981,4.7269,7.5,,,,F,1,A,Active,3,TH05.081,1857,BH1857,1298,BH1298,1573,BH1573,1644,BH1644,,,,,7,3.8122,6.7,2,,8,4.2874,7.2,2,,9,4.7269,7.5,,,10,5.0971,7.7,2,,11,5.8172,8.7,2,,,,,
MH864,1864,864,N,48 HR,0,-24,9,8,6,9,Pass,IHC,0,2981,5.2937,7.9,,,,M,0,A,Active,3,TH05.081,1349,BH1349,1710,BH1710,1717,BH1717,1725,BH1725,,,,,7,4.4943,7.4,3,,8,4.9038,7.9,4,,9,5.2937,7.9,,,10,5.8485,8.3,4,,11,6.5031,8.9,4,,,,,
MH865,1865,865,N,48 HR,0,-24,9,8,6,9,Pass,IHC,0,2981,5.3281,7.8,,,,M,0,A,Active,3,TH05.081,1535,BH1535,1834,BH1834,1322,BH1322,1069,BH1069,,,,,7,4.4963,7.3,4,,8,4.9284,7.6,4,,9,5.3281,7.8,,,10,5.8811,8.4,4,,11,6.6411,9,4,,,,,
MH866,1866,866,N,48 HR,0,-24,9,8,6,9,Pass,IHC,0,2981,5.3174,7.6,,,,F,1,A,Active,3,TH05.081,1826,BH1826,1073,BH1073,1468,BH1468,1272,BH1272,,,,,7,4.1879,6.9,2,,8,4.8599,7.3,2,,9,5.3174,7.6,,,10,5.7409,8,2,,11,6.5172,8.8,2,,,,,
MH867,1867,867,N,48 HR,0,-24,9,8,6,9,Pass,IHC,0,2981,4.9175,7.5,,,,F,1,HA,Hyper Active,3,TH05.081,1977,BH1977,1496,BH1496,1937,BH1937,1731,BH1731,,,,,7,4.1467,7.2,2,,8,4.4841,7.4,2,,9,4.9175,7.5,,,10,5.3963,8.2,2,,11,6.2937,8.6,2,,,,,
MH868,1868,868,N,96 HR,0,-24,9,8,6,9,Pass,CRYO,0,2981,5.2062,7.8,,,,M,0,A,Active,3,TH05.083,1053,BH1053,1822,BH1822,1991,BH1991,1810,BH1810,1377,BH1377,,,7,4.5099,7,3,,8,5.0526,7.6,4,,9,5.2062,7.8,,,10,5.6319,8.3,4,,11,6.2389,8.7,4,,13,6.9698,9.1,4
,,,,,,,,,,,,,,,,,,,,,,,,,,,,,,,,,,,,,,,,,,,,,,,,,,,,,,,,,,,,,,,,,,
MH860,1860,860,N,24 HR,24,0,10,8,7,10,Pass,CRYO,0,2981,5.4267,8,2,,,F,1,A,Active,3,TH05.080,1440,BH1440,1530,BH1530,1172,BH1172,,,,,,,7,3.9889,6.7,1,,8,4.4553,7.3,2,,9,4.9516,7.4,,,10,5.4267,8,2,,,,,,,,,,
MH861,1861,861,N,24 HR,24,0,10,8,7,10,Pass,CRYO,0,2981,5.6784,8.3,2,,,F,1,A,Active,3,TH05.080,1538,BH1538,1430,BH1430,1205,BH1205,,,,,,,7,4.3861,7,2,,8,4.773,7.5,2,,9,5.1747,7.6,,,10,5.6784,8.3,2,,,,,,,,,,
MH862,1862,862,N,24 HR,24,0,10,8,7,10,Pass,CRYO,0,2981,5.3354,8.1,2,,,F,1,A,Active,3,TH05.080,1658,BH1658,1946,BH1946,1334,BH1334,,,,,,,7,3.9681,6.7,2,,8,4.5061,7.1,2,,9,5.0105,7.5,,,10,5.3354,8.1,2,,,,,,,,,,
MH863,1863,863,N,48 HR,24,0,10,8,7,10,Pass,CRYO,0,2981,5.0971,7.7,2,,,F,1,A,Active,3,TH05.081,1857,BH1857,1298,BH1298,1573,BH1573,1644,BH1644,,,,,7,3.8122,6.7,2,,8,4.2874,7.2,2,,9,4.7269,7.5,,,10,5.0971,7.7,2,,11,5.8172,8.7,2,,,,,
MH864,1864,864,N,48 HR,24,0,10,8,7,10,Pass,IHC,0,2981,5.8485,8.3,4,,,M,0,A,Active,3,TH05.081,1349,BH1349,1710,BH1710,1717,BH1717,1725,BH1725,,,,,7,4.4943,7.4,3,,8,4.9038,7.9,4,,9,5.2937,7.9,,,10,5.8485,8.3,4,,11,6.5031,8.9,4,,,,,
MH865,1865,865,N,48 HR,24,0,10,8,7,10,Pass,IHC,0,2981,5.8811,8.4,4,,,M,0,A,Active,3,TH05.081,1535,BH1535,1834,BH1834,1322,BH1322,1069,BH1069,,,,,7,4.4963,7.3,4,,8,4.9284,7.6,4,,9,5.3281,7.8,,,10,5.8811,8.4,4,,11,6.6411,9,4,,,,,
MH866,1866,866,N,48 HR,24,0,10,8,7,10,Pass,IHC,0,2981,5.7409,8,2,,,F,1,A,Active,3,TH05.081,1826,BH1826,1073,BH1073,1468,BH1468,1272,BH1272,,,,,7,4.1879,6.9,2,,8,4.8599,7.3,2,,9,5.3174,7.6,,,10,5.7409,8,2,,11,6.5172,8.8,2,,,,,
MH867,1867,867,N,48 HR,24,0,10,8,7,10,Pass,IHC,0,2981,5.3963,8.2,2,,,F,1,A,Active,3,TH05.081,1977,BH1977,1496,BH1496,1937,BH1937,1731,BH1731,,,,,7,4.1467,7.2,2,,8,4.4841,7.4,2,,9,4.9175,7.5,,,10,5.3963,8.2,2,,11,6.2937,8.6,2,,,,,
MH868,1868,868,N,96 HR,24,0,10,8,7,10,Pass,CRYO,0,2981,5.6319,8.3,4,,,M,0,A,Active,3,TH05.083,1053,BH1053,1822,BH1822,1991,BH1991,1810,BH1810,1377,BH1377,,,7,4.5099,7,3,,8,5.0526,7.6,4,,9,5.2062,7.8,,,10,5.6319,8.3,4,,11,6.2389,8.7,4,,13,6.9698,9.1,4
,,,,,,,,,,,,,,,,,,,,,,,,,,,,,,,,,,,,,,,,,,,,,,,,,,,,,,,,,,,,,,,,,,
MH863,1863,863,N,48 HR,48,24,11,8,8,11,Pass,CRYO,0,2981,5.8172,8.7,2,,,F,1,A,Active,3,TH05.081,1857,BH1857,1298,BH1298,1573,BH1573,1644,BH1644,,,,,7,3.8122,6.7,2,,8,4.2874,7.2,2,,9,4.7269,7.5,,,10,5.0971,7.7,2,,11,5.8172,8.7,2,,,,,
MH864,1864,864,N,48 HR,48,24,11,8,8,11,Pass,IHC,0,2981,6.5031,8.9,4,,,M,0,A,Active,3,TH05.081,1349,BH1349,1710,BH1710,1717,BH1717,1725,BH1725,,,,,7,4.4943,7.4,3,,8,4.9038,7.9,4,,9,5.2937,7.9,,,10,5.8485,8.3,4,,11,6.5031,8.9,4,,,,,
MH865,1865,865,N,48 HR,48,24,11,8,8,11,Pass,IHC,0,2981,6.6411,9,4,,,M,0,A,Active,3,TH05.081,1535,BH1535,1834,BH1834,1322,BH1322,1069,BH1069,,,,,7,4.4963,7.3,4,,8,4.9284,7.6,4,,9,5.3281,7.8,,,10,5.8811,8.4,4,,11,6.6411,9,4,,,,,
MH866,1866,866,N,48 HR,48,24,11,8,8,11,Pass,IHC,0,2981,6.5172,8.8,2,,,F,1,A,Active,3,TH05.081,1826,BH1826,1073,BH1073,1468,BH1468,1272,BH1272,,,,,7,4.1879,6.9,2,,8,4.8599,7.3,2,,9,5.3174,7.6,,,10,5.7409,8,2,,11,6.5172,8.8,2,,,,,
MH867,1867,867,N,48 HR,48,24,11,8,8,11,Pass,IHC,0,2981,6.2937,8.6,2,,,F,1,A,Active,3,TH05.081,1977,BH1977,1496,BH1496,1937,BH1937,1731,BH1731,,,,,7,4.1467,7.2,2,,8,4.4841,7.4,2,,9,4.9175,7.5,,,10,5.3963,8.2,2,,11,6.2937,8.6,2,,,,,
MH868,1868,868,N,96 HR,96,48,11,8,10,13,Fail,CRYO,0,2981,6.2389,8.7,4,,,M,0,A,Active,3,TH05.083,1053,BH1053,1822,BH1822,1991,BH1991,1810,BH1810,1377,BH1377,,,7,4.5099,7,3,,8,5.0526,7.6,4,,9,5.2062,7.8,,,10,5.6319,8.3,4,,11,6.2389,8.7,4,,13,6.9698,9.1,4
,,,,,,,,,,,,,,,,,,,,,,,,,,,,,,,,,,,,,,,,,,,,,,,,,,,,,,,,,,,,,,,,,,
MH868,1868,868,N,96 HR,96,48,13,8,10,13,Pass,CRYO,0,2981,6.9698,9.1,4,,,M,0,A,Active,3,TH05.083,1053,BH1053,1822,BH1822,1991,BH1991,1810,BH1810,1377,BH1377,,,7,4.5099,7,3,,8,5.0526,7.6,4,,9,5.2062,7.8,,,10,5.6319,8.3,4,,11,6.2389,8.7,4,,13,6.9698,9.1,4
,,,,,,,,,,,,,,,,,,,,,,,,,,,,,,,,,,,,,,,,,,,,,,,,,,,,,,,,,,,,,,,,,,
MH870,1870,870,RV 7,48 HR,48,48,9,7,8,9,Pass,IHC,6,3046,5.0321,7.2,4,Y,1,M,0,A,Active,3,TH05.082,1870,BH1870,1668,BH1668,,,,,,,,,7,4.1711,6.9,3,,8,4.4374,6.9,2,,9,5.0321,7.2,4,,,,,,,,,,,,,,,
MH871,1871,871,RV 7,DIED,Died,Died,7,7,#N/A,#N/A,#N/A,Died,6,Died,Died,Died,Died,Died,Died,Died,Died,Died,Died,Died,Died,,,,,,,,,,,,,7,3.3315,5.8,2,,,,,,,,,,,,,,,,,,,,,,,,,
MH872,1872,872,RV 7,24 HR,24,24,8,7,7,8,Pass,CRYO,6,3046,3.875,6.7,2,Y,1,F,1,L,Lethargic,1,TH05.081,1611,BH1611,,,,,,,,,,,7,3.6805,6.2,2,,8,3.845,6.7,2,,,,,,,,,,,,,,,,,,,,
MH873,1873,873,RV 7,48 HR,48,48,9,7,8,9,Pass,CRYO,6,3046,4.8878,7.1,2,Y,1,F,1,A,Active,3,TH05.082,1183,BH1183,1785,BH1785,,,,,,,,,7,4.0485,6.7,2,,8,4.3416,6.9,2,,9,4.8878,7.1,2,,,,,,,,,,,,,,,
MH874,1874,874,RV 7,48 HR,48,48,9,7,8,9,Pass,IHC,6,3046,4.8812,7.3,4,Y,1,M,0,HA,Hyper Active,3,TH05.082,1833,BH1833,1622,BH1622,,,,,,,,,7,4.0915,6.7,3,,8,4.2542,7,3,,9,4.8812,7.3,4,,,,,,,,,,,,,,,
MH875,1875,875,RV 7,96 HR,96,96,11,7,10,11,Pass,CRYO,6,3046,4.9669,7.4,2,Y,1,F,1,A,Active,3,TH05.082,1419,BH1419,1139,BH1139,1477,BH1477,,,,,,,7,4.2985,7,2,,8,4.4201,7.3,2,,9,4.9669,7.4,2,,11,5.7123,8.1,2,,,,,,,,,,
,,,,,,,,,,,,,,,,,,,,,,,,,,,,,,,,,,,,,,,,,,,,,,,,,,,,,,,,,,,,,,,,,,
MH870,1870,870,RV 7,48 HR,0,-72,7,7,6,7,Pass,IHC,6,3046,4.1711,6.9,3,,,M,0,A,Active,3,TH05.082,1870,BH1870,1668,BH1668,,,,,,,,,7,4.1711,6.9,3,,8,4.4374,6.9,2,,9,5.0321,7.2,4,,,,,,,,,,,,,,,
MH871,1871,871,RV 7,DIED,0,-72,7,7,6,7,Pass,Died,6,3046,3.3315,5.8,2,,,F,1,HA,Hyper Active,3,TH05.082,,,,,,,,,,,,,7,3.3315,5.8,2,,,,,,,,,,,,,,,,,,,,,,,,,
MH872,1872,872,RV 7,24 HR,0,-72,7,7,6,7,Pass,CRYO,6,3046,3.6805,6.2,2,,,F,1,L,Lethargic,1,TH05.081,1611,BH1611,,,,,,,,,,,7,3.6805,6.2,2,,8,3.845,6.7,2,,,,,,,,,,,,,,,,,,,,
MH873,1873,873,RV 7,48 HR,0,-72,7,7,6,7,Pass,CRYO,6,3046,4.0485,6.7,2,,,F,1,A,Active,3,TH05.082,1183,BH1183,1785,BH1785,,,,,,,,,7,4.0485,6.7,2,,8,4.3416,6.9,2,,9,4.8878,7.1,2,,,,,,,,,,,,,,,
MH874,1874,874,RV 7,48 HR,0,-72,7,7,6,7,Pass,IHC,6,3046,4.0915,6.7,3,,,M,0,HA,Hyper Active,3,TH05.082,1833,BH1833,1622,BH1622,,,,,,,,,7,4.0915,6.7,3,,8,4.2542,7,3,,9,4.8812,7.3,4,,,,,,,,,,,,,,,
MH875,1875,875,RV 7,96 HR,0,-72,7,7,6,7,Pass,CRYO,6,3046,4.2985,7,2,,,F,1,L,Lethargic,1,TH05.082,1419,BH1419,1139,BH1139,1477,BH1477,,,,,,,7,4.2985,7,2,,8,4.4201,7.3,2,,9,4.9669,7.4,2,,11,5.7123,8.1,2,,,,,,,,,,
,,,,,,,,,,,,,,,,,,,,,,,,,,,,,,,,,,,,,,,,,,,,,,,,,,,,,,,,,,,,,,,,,,
MH870,1870,870,RV 7,48 HR,24,-48,8,7,7,8,Pass,IHC,6,3046,4.4374,6.9,2,Y,1,M,0,A,Active,3,TH05.082,1870,BH1870,1668,BH1668,,,,,,,,,7,4.1711,6.9,3,,8,4.4374,6.9,2,,9,5.0321,7.2,4,,,,,,,,,,,,,,,
MH872,1872,872,RV 7,24 HR,24,-48,8,7,7,8,Pass,CRYO,6,3046,3.845,6.7,2,Y,1,F,1,L,Lethargic,1,TH05.081,1611,BH1611,,,,,,,,,,,7,3.6805,6.2,2,,8,3.845,6.7,2,,,,,,,,,,,,,,,,,,,,
MH873,1873,873,RV 7,48 HR,24,-48,8,7,7,8,Pass,CRYO,6,3046,4.3416,6.9,2,Y,1,F,1,L,Lethargic,1,TH05.082,1183,BH1183,1785,BH1785,,,,,,,,,7,4.0485,6.7,2,,8,4.3416,6.9,2,,9,4.8878,7.1,2,,,,,,,,,,,,,,,
MH874,1874,874,RV 7,48 HR,24,-48,8,7,7,8,Pass,IHC,6,3046,4.2542,7,3,Y,1,M,0,A,Active,3,TH05.082,1833,BH1833,1622,BH1622,,,,,,,,,7,4.0915,6.7,3,,8,4.2542,7,3,,9,4.8812,7.3,4,,,,,,,,,,,,,,,
MH875,1875,875,RV 7,96 HR,24,-48,8,7,7,8,Pass,CRYO,6,3046,4.4201,7.3,2,Y,1,F,1,L,Lethargic,1,TH05.082,1419,BH1419,1139,BH1139,1477,BH1477,,,,,,,7,4.2985,7,2,,8,4.4201,7.3,2,,9,4.9669,7.4,2,,11,5.7123,8.1,2,,,,,,,,,,
,,,,,,,,,,,,,,,,,,,,,,,,,,,,,,,,,,,,,,,,,,,,,,,,,,,,,,,,,,,,,,,,,,
MH870,1870,870,RV 7,48 HR,48,-24,9,7,8,9,Pass,IHC,6,3046,5.0321,7.2,4,Y,1,M,0,A,Active,3,TH05.082,1870,BH1870,1668,BH1668,,,,,,,,,7,4.1711,6.9,3,,8,4.4374,6.9,2,,9,5.0321,7.2,4,,,,,,,,,,,,,,,
MH873,1873,873,RV 7,48 HR,48,-24,9,7,8,9,Pass,CRYO,6,3046,4.8878,7.1,2,Y,1,F,1,A,Active,3,TH05.082,1183,BH1183,1785,BH1785,,,,,,,,,7,4.0485,6.7,2,,8,4.3416,6.9,2,,9,4.8878,7.1,2,,,,,,,,,,,,,,,
MH874,1874,874,RV 7,48 HR,48,-24,9,7,8,9,Pass,IHC,6,3046,4.8812,7.3,4,Y,1,M,0,HA,Hyper Active,3,TH05.082,1833,BH1833,1622,BH1622,,,,,,,,,7,4.0915,6.7,3,,8,4.2542,7,3,,9,4.8812,7.3,4,,,,,,,,,,,,,,,
MH875,1875,875,RV 7,96 HR,48,-24,9,7,8,9,Pass,CRYO,6,3046,4.9669,7.4,2,Y,1,F,1,A,Active,3,TH05.082,1419,BH1419,1139,BH1139,1477,BH1477,,,,,,,7,4.2985,7,2,,8,4.4201,7.3,2,,9,4.9669,7.4,2,,11,5.7123,8.1,2,,,,,,,,,,
,,,,,,,,,,,,,,,,,,,,,,,,,,,,,,,,,,,,,,,,,,,,,,,,,,,,,,,,,,,,,,,,,,
MH875,1875,875,RV 7,96 HR,96,96,11,7,10,11,Pass,CRYO,6,3046,5.7123,8.1,2,Y,1,F,1,A,Active,3,TH05.082,1419,BH1419,1139,BH1139,1477,BH1477,,,,,,,7,4.2985,7,2,,8,4.4201,7.3,2,,9,4.9669,7.4,2,,11,5.7123,8.1,2,,,,,,,,,,
,,,,,,,,,,,,,,,,,,,,,,,,,,,,,,,,,,,,,,,,,,,,,,,,,,,,,,,,,,,,,,,,,,
MH880,1880,880,N,48 HR,-48,-72,7,8,4,7,Pass,Behavior,0,3210,4.5427,6.6,3.5,,,M,0,L,Lethargic,1,TH05.098,1445,BH1445,,,,,,,,,,,,,,,,10,,,,,,,,,,,,,,,,,,,,,,,
MH881,1881,881,N,48 HR,-48,-72,7,8,4,7,Pass,Behavior,0,3210,5.1369,6.6,3.5,,,M,0,A,Active,3,TH05.098,1645,BH1645,,,,,,,,,,,,,,,,10,,,,,,,,,,,,,,,,,,,,,,,
MH882,1882,882,N,48 HR,-48,-72,7,8,4,7,Pass,Behavior,0,3210,4.0496,6.4,3,,,M,0,L,Lethargic,1,TH05.098,1996,BH1996,,,,,,,,,,,,,,,,10,,,,,,,,,,,,,,,,,,,,,,,
MH883,1883,883,N,96 HR,-48,-72,7,8,4,7,Pass,Behavior,0,3210,1.3477,6.7,2,,,F,1,L,Lethargic,1,TH05.098,1177,BH1177,,,,,,,,,,,,,,,,10,,,,,,,,,,,,,,,,,,,,,,,
MH884,1884,884,N,96 HR,-48,-72,7,8,4,7,Pass,Behavior,0,3210,4.5829,6.5,2,,,F,1,L,Lethargic,1,TH05.098,1332,BH1332,,,,,,,,,,,,,,,,10,,,,,,,,,,,,,,,,,,,,,,,
MH880,1880,880,N,48 HR,-24,-48,8,8,5,8,Pass,Behavior,,3210,4.952,7.2,3.5,Y,1,M,0,L,Lethargic,1,TH05.098,1929,BH1929,,,,,,,,,,,,,,,,10,,,,,,,,,,,,,,,,,,,,,,,
MH881,1881,881,N,48 HR,-24,-48,8,8,5,8,Pass,Behavior,,3210,4.4752,7,4,Y,1,M,0,L,Lethargic,1,TH05.098,1134,BH1134,,,,,,,,,,,,,,,,10,,,,,,,,,,,,,,,,,,,,,,,
MH882,1882,882,N,48 HR,-24,-48,8,8,5,8,Pass,Behavior,,3210,4.4663,6.9,3.5,Y,1,M,0,L,Lethargic,1,TH05.098,1345,BH1345,,,,,,,,,,,,,,,,10,,,,,,,,,,,,,,,,,,,,,,,
MH883,1883,883,N,96 HR,-24,-48,8,8,5,8,Pass,Behavior,,3210,4.9352,6.8,2,Y,1,F,1,A,Active,3,TH05.098,1928,BH1928,,,,,,,,,,,,,,,,10,,,,,,,,,,,,,,,,,,,,,,,
MH884,1884,884,N,96 HR,-24,-48,8,8,5,8,Pass,Behavior,,3210,4.9734,6.9,2,Y,1,F,1,A,Active,3,TH05.098,1170,BH1170,,,,,,,,,,,,,,,,10,,,,,,,,,,,,,,,,,,,,,,,
MH880,1880,880,N,48 HR,0,-24,9,8,6,9,Pass,Behavior,,3210,5.5572,7.7,4,,,M,0,A,Active,3,TH05.099,1226,BH1226,,,,,,,,,,,,,,,,10,,,,,,,,,,,,,,,,,,,,,,,
MH881,1881,881,N,48 HR,0,-24,9,8,6,9,Pass,Behavior,,3210,5.2575,7.1,3.5,,,M,0,A,Active,3,TH05.099,1529,BH1529,,,,,,,,,,,,,,,,10,,,,,,,,,,,,,,,,,,,,,,,
MH882,1882,882,N,48 HR,0,-24,9,8,6,9,Pass,Behavior,,3210,5.0892,7.2,3.5,,,M,0,A,Active,3,TH05.099,1918,BH1918,,,,,,,,,,,,,,,,10,,,,,,,,,,,,,,,,,,,,,,,
MH883,1883,883,N,96 HR,0,-24,9,8,6,9,Pass,Behavior,,3210,5.2658,7.4,2,,,F,1,A,Active,3,TH05.099,1788,BH1788,,,,,,,,,,,,,,,,10,,,,,,,,,,,,,,,,,,,,,,,
MH884,1884,884,N,96 HR,0,-24,9,8,6,9,Pass,Behavior,,3210,5.4238,7.5,2,,,F,1,A,Active,3,TH05.099,1767,BH1767,,,,,,,,,,,,,,,,10,,,,,,,,,,,,,,,,,,,,,,,
MH880,1880,880,RV 10,48 HR,0,0,10,6,6,10,Pass,Behavior,,3210,6.1511,8.1,4,,,M,0,A,Active,3,TH05.099,1065,BH1065,,,,,,,,,,,,,,,,,,,,,,,,,,,,,,,,,,,,,,,
MH881,1881,881,RV 10,48 HR,0,0,10,6,6,10,Pass,Behavior,,3210,5.8256,8,4,,,M,0,A,Active,3,TH05.099,1415,BH1415,,,,,,,,,,,,,,,,,,,,,,,,,,,,,,,,,,,,,,,
MH882,1882,882,RV 10,48 HR,0,0,10,6,6,10,Pass,Behavior,,3210,5.3995,7.8,3.5,,,M,0,A,Active,3,TH05.099,1492,BH1492,,,,,,,,,,,,,,,,,,,,,,,,,,,,,,,,,,,,,,,
MH880,1880,880,N,48 HR,24,0,10,8,7,10,Pass,Behavior,,3210,6.1511,8.1,4,,,M,0,A,Active,3,TH05.099,1065,BH1065,,,,,,,,,,,,,,,,,,,,,,,,,,,,,,,,,,,,,,,
MH881,1881,881,N,48 HR,24,0,10,8,7,10,Pass,Behavior,,3210,5.8256,8,4,,,M,0,A,Active,3,TH05.099,1415,BH1415,,,,,,,,,,,,,,,,,,,,,,,,,,,,,,,,,,,,,,,
MH882,1882,882,N,48 HR,24,0,10,8,7,10,Pass,Behavior,,3210,5.3995,7.8,3.5,,,M,0,A,Active,3,TH05.099,1492,BH1492,,,,,,,,,,,,,,,,,,,,,,,,,,,,,,,,,,,,,,,
MH883,1883,883,N,96 HR,24,0,10,8,7,10,Pass,Behavior,,3210,5.9249,7.9,2,,,F,1,A,Active,3,TH05.099,1525,BH1525,,,,,,,,,,,,,,,,,,,,,,,,,,,,,,,,,,,,,,,
MH884,1884,884,N,96 HR,24,0,10,8,7,10,Pass,Behavior,,3210,6.0581,7.7,2,,,F,1,A,Active,3,TH05.099,1126,BH1126,,,,,,,,,,,,,,,,,,,,,,,,,,,,,,,,,,,,,,,
MH880,1880,880,RV 10,48 HR,24,24,11,6,7,11,Pass,Behavior,,3210,6.5218,8.6,4,,,M,0,A,Active,3,TH05.100,1514,BH1514,,,,,,,,,,,,,,,,,,,,,,,,,,,,,,,,,,,,,,,
MH881,1881,881,RV 10,48 HR,24,24,11,6,7,11,Pass,Behavior,,3210,6.0739,8.2,4,,,M,0,A,Active,3,TH05.100,1748,BH1748,,,,,,,,,,,,,,,,,,,,,,,,,,,,,,,,,,,,,,,
MH882,1882,882,RV 10,48 HR,24,24,11,6,7,11,Pass,Behavior,,3210,5.6128,7.7,4,,,M,0,A,Active,3,TH05.100,1970,BH1970,,,,,,,,,,,,,,,,,,,,,,,,,,,,,,,,,,,,,,,
MH883,1883,883,N,96 HR,48,24,11,8,8,11,Pass,Behavior,,3210,6.5378,8,2,,,F,1,L,Lethargic,1,TH05.100,1888,BH1888,,,,,,,,,,,,,,,,,,,,,,,,,,,,,,,,,,,,,,,
MH884,1884,884,N,96 HR,48,24,11,8,8,11,Pass,Behavior,,3210,6.5092,8.4,2,,,F,1,A,Active,3,TH05.100,1980,BH1980,,,,,,,,,,,,,,,,,,,,,,,,,,,,,,,,,,,,,,,
MH880,1880,880,RV 10,48 HR,48,48,12,6,8,12,Pass,IHC,,3210,6.658,8.8,3,y,1,M,0,A,Active,3,TH05.101,1475,BH1475,,,,,,,,,,,,,,,,,,,,,,,,,,,,,,,,,,,,,,,
MH881,1881,881,RV 10,48 HR,48,48,12,6,8,12,Pass,IHC,,3210,6.419,8.5,3,y,1,M,0,A,Active,3,TH05.101,1555,BH1555,,,,,,,,,,,,,,,,,,,,,,,,,,,,,,,,,,,,,,,
MH882,1882,882,RV 10,48 HR,48,48,12,6,8,12,Pass,IHC,,3210,5.7812,8.6,2,y,1,M,0,A,Active,3,TH05.101,1695,BH1695,,,,,,,,,,,,,,,,,,,,,,,,,,,,,,,,,,,,,,,
MH883,1883,883,N,96 HR,72,48,12,8,9,12,Pass,Behavior,,3210,7.0948,8.8,2,y,1,F,1,A,Active,3,TH05.101,1639,BH1639,,,,,,,,,,,,,,,,,,,,,,,,,,,,,,,,,,,,,,,
MH884,1884,884,N,96 HR,72,48,12,8,9,12,Pass,Behavior,,3210,6.9951,8.6,2,y,1,F,1,A,Active,3,TH05.101,1280,BH1280,,,,,,,,,,,,,,,,,,,,,,,,,,,,,,,,,,,,,,,
MH883,1883,883,N,96 HR,96,72,13,8,10,13,Pass,Behavior,,3210,7.9231,8.9,2,Y,1,F,1,A,Active,3,TH05.101,1436,BH1436,,,,,,,,,,,,,,,,,,,,,,,,,,,,,,,,,,,,,,,
MH884,1884,884,N,96 HR,96,72,13,8,10,13,Pass,Behavior,,3210,7.8571,8.9,2,Y,1,F,1,R,Hyper Active,5,TH05.101,1094,BH1094,,,,,,,,,,,,,,,,,,,,,,,,,,,,,,,,,,,,,,,
MH883,1883,883,N,96 HR,120,96,14,8,#N/A,14,Pass,IHC,,3210,8.7839,9.5,2,Y,1,F,1,A,Active,3,TH05.101,1531,BH1531,,,,,,,,,,,,,,,,,,,,,,,,,,,,,,,,,,,,,,,
MH884,1884,884,N,96 HR,120,96,14,8,#N/A,14,Pass,IHC,,3210,8.6364,9,2,Y,1,F,1,A,Active,3,TH05.101,1337,BH1337,,,,,,,,,,,,,,,,,,,,,,,,,,,,,,,,,,,,,,,
,,,,#N/A,,,,#N/A,6,#N/A,#N/A,,,,,,,,,,,,,,,,,,,,,,,,,,,,,,,,,,,,,,,,,,,,,,,,,,,,,,,
MH885,1885,885,N,48 HR,-48,-72,7,8,4,7,Pass,IHC,0,3210,3.4905,6.2,2,NA,0,F,1,L,Lethargic,1,TH05.116,1693,BH1693,,,,,,,,,,,,,,,,10,,,,,,,,,,,,,,,,,,,,,,,
MH886,1886,886,N,48 HR,-48,-72,7,8,4,7,Pass,IHC,0,3210,4.0539,6.7,3,NA,0,M,0,L,Lethargic,1,TH05.116,1335,BH1335,,,,,,,,,,,,,,,,10,,,,,,,,,,,,,,,,,,,,,,,
MH887,1887,887,N,48 HR,-48,-72,7,8,4,7,Pass,IHC,0,3210,3.9192,6.4,3,NA,0,M,0,L,Lethargic,1,TH05.116,1524,BH1524,,,,,,,,,,,,,,,,10,,,,,,,,,,,,,,,,,,,,,,,
MH888,1888,888,N,48 HR,-48,-72,7,8,4,7,Pass,IHC,0,3210,3.9517,6.1,4,NA,0,M,0,L,Lethargic,1,TH05.116,1823,BH1823,,,,,,,,,,,,,,,,10,,,,,,,,,,,,,,,,,,,,,,,
MH889,1889,889,N,48 HR,-48,-72,7,8,4,7,Pass,IHC,0,3210,3.7228,6.4,2,NA,0,F,1,L,Lethargic,1,TH05.116,1913,BH1913,,,,,,,,,,,,,,,,10,,,,,,,,,,,,,,,,,,,,,,,
MH890,1890,890,N,48 HR,-48,-72,7,8,4,7,Pass,IHC,0,3210,3.6782,6.4,2,NA,0,F,1,L,Lethargic,1,TH05.116,1366,BH1366,,,,,,,,,,,,,,,,10,,,,,,,,,,,,,,,,,,,,,,,
MH891,1891,891,N,48 HR,-48,-72,7,8,4,7,Pass,IHC,0,3210,4.0445,6.5,2,NA,0,F,1,L,Lethargic,1,TH05.116,1447,BH1447,,,,,,,,,,,,,,,,10,,,,,,,,,,,,,,,,,,,,,,,
MH892,1892,892,N,48 HR,-48,-72,7,8,4,7,Pass,IHC,0,3210,3.8941,6.3,4,NA,0,M,0,L,Lethargic,1,TH05.116,1969,BH1969,,,,,,,,,,,,,,,,10,,,,,,,,,,,,,,,,,,,,,,,
MH893,1893,893,N,48 HR,-48,-72,7,8,4,7,Pass,IHC,0,3210,3.8738,6.6,2,NA,0,F,1,L,Lethargic,1,TH05.116,1403,BH1403,,,,,,,,,,,,,,,,10,,,,,,,,,,,,,,,,,,,,,,,
MH894,1894,894,N,48 HR,-48,-72,7,8,4,7,Pass,IHC,0,3210,4.0541,6.7,2,NA,0,F,1,L,Lethargic,1,TH05.116,1745,BH1745,,,,,,,,,,,,,,,,10,,,,,,,,,,,,,,,,,,,,,,,
MH895,1895,895,N,48 HR,-48,-72,7,8,4,7,Pass,IHC,0,3210,3.5354,6.4,2,NA,0,F,1,L,Lethargic,1,TH05.116,1851,BH1851,,,,,,,,,,,,,,,,10,,,,,,,,,,,,,,,,,,,,,,,
MH885,1885,885,N,48 HR,-24,-48,8,8,5,8,Pass,IHC,0,3210,3.5594,6.8,2,NA,0,F,1,L,Lethargic,1,TH05.116,1708,BH1708,,,,,,,,,,,,,,,,10,,,,,,,,,,,,,,,,,,,,,,,
MH886,1886,886,N,48 HR,-24,-48,8,8,5,8,Pass,IHC,0,3210,3.8923,7.1,4,NA,0,M,0,L,Lethargic,1,TH05.116,1732,BH1732,,,,,,,,,,,,,,,,10,,,,,,,,,,,,,,,,,,,,,,,
MH887,1887,887,N,48 HR,-24,-48,8,8,5,8,Pass,IHC,0,3210,3.7489,6.9,3,NA,0,M,0,L,Lethargic,1,TH05.116,1088,BH1088,,,,,,,,,,,,,,,,10,,,,,,,,,,,,,,,,,,,,,,,
MH888,1888,888,N,48 HR,-24,-48,8,8,5,8,Pass,IHC,0,3210,3.8664,6.9,4,NA,0,M,0,A,Active,3,TH05.116,1138,BH1138,,,,,,,,,,,,,,,,10,,,,,,,,,,,,,,,,,,,,,,,
MH889,1889,889,N,48 HR,-24,-48,8,8,5,8,Pass,IHC,0,3210,3.7276,6.7,2,NA,0,F,1,L,Lethargic,1,TH05.116,1017,BH1017,,,,,,,,,,,,,,,,10,,,,,,,,,,,,,,,,,,,,,,,
MH890,1890,890,N,48 HR,-24,-48,8,8,5,8,Pass,IHC,0,3210,3.6652,7,2,NA,0,F,1,L,Lethargic,1,TH05.116,1181,BH1181,,,,,,,,,,,,,,,,10,,,,,,,,,,,,,,,,,,,,,,,
MH891,1891,891,N,48 HR,-24,-48,8,8,5,8,Pass,IHC,0,3210,4.0709,6.9,2,NA,0,F,1,L,Lethargic,1,TH05.116,1568,BH1568,,,,,,,,,,,,,,,,10,,,,,,,,,,,,,,,,,,,,,,,
MH892,1892,892,N,48 HR,-24,-48,8,8,5,8,Pass,IHC,0,3210,3.9176,6.9,4,NA,0,M,0,L,Lethargic,1,TH05.116,1232,BH1232,,,,,,,,,,,,,,,,10,,,,,,,,,,,,,,,,,,,,,,,
MH893,1893,893,N,48 HR,-24,-48,8,8,5,8,Pass,IHC,0,3210,3.8241,7,2,NA,0,F,1,A,Active,3,TH05.116,1100,BH1100,,,,,,,,,,,,,,,,10,,,,,,,,,,,,,,,,,,,,,,,
MH894,1894,894,N,48 HR,-24,-48,8,8,5,8,Pass,IHC,0,3210,3.924,6.9,2,NA,0,F,1,L,Lethargic,1,TH05.116,1548,BH1548,,,,,,,,,,,,,,,,10,,,,,,,,,,,,,,,,,,,,,,,
MH895,1895,895,N,48 HR,-24,-48,8,8,5,8,Pass,IHC,0,3210,3.626,7,3,NA,0,F,1,L,Lethargic,1,TH05.116,1754,BH1754,,,,,,,,,,,,,,,,10,,,,,,,,,,,,,,,,,,,,,,,
MH885,1885,885,N,48 HR,0,-24,9,8,6,9,Pass,IHC,0,3210,4.5647,7.1,2,NA,0,F,1,L,Lethargic,1,TH05.116,1096,BH1096,,,,,,,,,,,,,,,,10,,,,,,,,,,,,,,,,,,,,,,,
MH886,1886,886,N,48 HR,0,-24,9,8,6,9,Pass,IHC,0,3210,4.9378,7.3,4,NA,0,M,0,A,Active,3,TH05.116,1341,BH1341,,,,,,,,,,,,,,,,10,,,,,,,,,,,,,,,,,,,,,,,
MH887,1887,887,N,48 HR,0,-24,9,8,6,9,Pass,IHC,0,3210,4.6746,7.3,4,NA,0,M,0,A,Active,3,TH05.116,1873,BH1873,,,,,,,,,,,,,,,,10,,,,,,,,,,,,,,,,,,,,,,,
MH888,1888,888,N,48 HR,0,-24,9,8,6,9,Pass,IHC,0,3210,4.8486,7.2,4,NA,0,M,0,A,Active,3,TH05.116,1034,BH1034,,,,,,,,,,,,,,,,10,,,,,,,,,,,,,,,,,,,,,,,
MH889,1889,889,N,48 HR,0,-24,9,8,6,9,Pass,IHC,0,3210,4.668,7.1,2,NA,0,F,1,L,Lethargic,1,TH05.116,1924,BH1924,,,,,,,,,,,,,,,,10,,,,,,,,,,,,,,,,,,,,,,,
MH890,1890,890,N,48 HR,0,-24,9,8,6,9,Pass,IHC,0,3210,4.7045,7.1,2,NA,0,F,1,A,Active,3,TH05.116,1157,BH1157,,,,,,,,,,,,,,,,10,,,,,,,,,,,,,,,,,,,,,,,
MH891,1891,891,N,48 HR,0,-24,9,8,6,9,Pass,IHC,0,3210,5.0721,7.4,2,NA,0,F,1,A,Active,3,TH05.116,1709,BH1709,,,,,,,,,,,,,,,,10,,,,,,,,,,,,,,,,,,,,,,,
MH892,1892,892,N,48 HR,0,-24,9,8,6,9,Pass,IHC,0,3210,5.0702,7.2,4,NA,0,M,0,A,Active,3,TH05.116,1351,BH1351,,,,,,,,,,,,,,,,10,,,,,,,,,,,,,,,,,,,,,,,
MH893,1893,893,N,48 HR,0,-24,9,8,6,9,Pass,IHC,0,3210,4.8392,7.1,2,NA,0,F,1,A,Active,3,TH05.116,1536,BH1536,,,,,,,,,,,,,,,,10,,,,,,,,,,,,,,,,,,,,,,,
MH894,1894,894,N,48 HR,0,-24,9,8,6,9,Pass,IHC,0,3210,4.7832,6.8,2,NA,0,F,1,A,Active,3,TH05.116,1993,BH1993,,,,,,,,,,,,,,,,10,,,,,,,,,,,,,,,,,,,,,,,
MH895,1895,895,N,48 HR,0,-24,9,8,6,9,Pass,IHC,0,3210,4.6718,7.3,2,NA,0,F,1,L,Lethargic,1,TH05.116,1417,BH1417,,,,,,,,,,,,,,,,10,,,,,,,,,,,,,,,,,,,,,,,
MH885,1885,885,N,48 HR,24,0,10,8,7,10,Pass,IHC,0,3210,4.6006,7.6,2,NA,0,F,1,L,Lethargic,1,TH05.116,1078,BH1078,,,,,,,,,,,,,,,,10,,,,,,,,,,,,,,,,,,,,,,,
MH886,1886,886,N,48 HR,24,0,10,8,7,10,Pass,IHC,0,3210,5.0347,7.9,4,NA,0,M,0,L,Lethargic,1,TH05.116,1544,BH1544,,,,,,,,,,,,,,,,10,,,,,,,,,,,,,,,,,,,,,,,
MH887,1887,887,N,48 HR,24,0,10,8,7,10,Pass,IHC,0,3210,4.7866,7.8,4,NA,0,M,0,A,Active,3,TH05.116,1269,BH1269,,,,,,,,,,,,,,,,10,,,,,,,,,,,,,,,,,,,,,,,
MH888,1888,888,N,48 HR,24,0,10,8,7,10,Pass,IHC,0,3210,4.7652,8.1,4,NA,0,M,0,A,Active,3,TH05.116,1175,BH1175,,,,,,,,,,,,,,,,10,,,,,,,,,,,,,,,,,,,,,,,
MH889,1889,889,N,48 HR,24,0,10,8,7,10,Pass,IHC,0,3210,4.6456,7.5,2,NA,0,F,1,A,Active,3,TH05.116,1623,BH1623,,,,,,,,,,,,,,,,10,,,,,,,,,,,,,,,,,,,,,,,
MH890,1890,890,N,48 HR,24,0,10,8,7,10,Pass,IHC,0,3210,4.4706,7.5,2,NA,0,F,1,A,Active,3,TH05.116,1852,BH1852,,,,,,,,,,,,,,,,10,,,,,,,,,,,,,,,,,,,,,,,
MH891,1891,891,N,48 HR,24,0,10,8,7,10,Pass,IHC,0,3210,5.2618,7.8,2,NA,0,F,1,A,Active,3,TH05.116,1860,BH1860,,,,,,,,,,,,,,,,10,,,,,,,,,,,,,,,,,,,,,,,
MH892,1892,892,N,48 HR,24,0,10,8,7,10,Pass,IHC,0,3210,4.9249,8,4,NA,0,M,0,L,Lethargic,1,TH05.116,1433,BH1433,,,,,,,,,,,,,,,,10,,,,,,,,,,,,,,,,,,,,,,,
MH893,1893,893,N,48 HR,24,0,10,8,7,10,Pass,IHC,0,3210,5.0541,7.5,2,NA,0,F,1,A,Active,3,TH05.116,1577,BH1577,,,,,,,,,,,,,,,,10,,,,,,,,,,,,,,,,,,,,,,,
MH894,1894,894,N,48 HR,24,0,10,8,7,10,Pass,Breeder,0,3210,4.8391,7.7,2,NA,0,F,1,L,Lethargic,1,TH05.116,1014,BH1014,,,,,,,,,,,,,,,,10,,,,,,,,,,,,,,,,,,,,,,,
MH895,1895,895,N,48 HR,24,0,10,8,7,10,Pass,Breeder,0,3210,4.5171,7.4,2,NA,0,F,1,L,Lethargic,1,TH05.116,1866,BH1866,,,,,,,,,,,,,,,,10,,,,,,,,,,,,,,,,,,,,,,,
MH885,1885,885,RV 10,48 HR,0,0,10,6,6,10,Pass,IHC,5,3210,4.6006,7.6,2,NA,0,F,1,L,Lethargic,1,TH05.116,1078,BH1078,,,,,,,,,,,,,,,,10,,,,,,,,,,,,,,,,,,,,,,,
MH886,1886,886,RV 10,48 HR,0,0,10,6,6,10,Pass,IHC,5,3210,5.0347,7.9,4,NA,0,M,0,L,Lethargic,1,TH05.116,1544,BH1544,,,,,,,,,,,,,,,,10,,,,,,,,,,,,,,,,,,,,,,,
MH887,1887,887,RV 10,48 HR,0,0,10,6,6,10,Pass,IHC,5,3210,4.7866,7.8,4,NA,0,M,0,A,Active,3,TH05.116,1269,BH1269,,,,,,,,,,,,,,,,10,,,,,,,,,,,,,,,,,,,,,,,
MH888,1888,888,RV 10,48 HR,0,0,10,6,6,10,Pass,IHC,5,3210,4.7652,8.1,4,NA,0,M,0,A,Active,3,TH05.116,1175,BH1175,,,,,,,,,,,,,,,,10,,,,,,,,,,,,,,,,,,,,,,,
MH889,1889,889,RV 10,48 HR,0,0,10,6,6,10,Pass,IHC,5,3210,4.6456,7.5,2,NA,0,F,1,A,Active,3,TH05.116,1623,BH1623,,,,,,,,,,,,,,,,10,,,,,,,,,,,,,,,,,,,,,,,
MH890,1890,890,RV 10,48 HR,0,0,10,6,6,10,Pass,IHC,5,3210,4.4706,7.5,2,NA,0,F,1,A,Active,3,TH05.116,1852,BH1852,,,,,,,,,,,,,,,,10,,,,,,,,,,,,,,,,,,,,,,,
MH891,1891,891,RV 10,48 HR,0,0,10,6,6,10,Pass,IHC,5,3210,5.2618,7.8,2,NA,0,F,1,A,Active,3,TH05.116,1860,BH1860,,,,,,,,,,,,,,,,10,,,,,,,,,,,,,,,,,,,,,,,
MH892,1892,892,RV 10,48 HR,0,0,10,6,6,10,Pass,IHC,5,3210,4.9249,8,4,NA,0,M,0,L,Lethargic,1,TH05.116,1433,BH1433,,,,,,,,,,,,,,,,10,,,,,,,,,,,,,,,,,,,,,,,
MH893,1893,893,RV 10,48 HR,0,0,10,6,6,10,Pass,IHC,5,3210,5.0541,7.5,2,NA,0,F,1,A,Active,3,TH05.116,1577,BH1577,,,,,,,,,,,,,,,,10,,,,,,,,,,,,,,,,,,,,,,,
MH894,1894,894,RV 10,48 HR,0,0,10,6,6,10,Pass,Breeder,5,3210,4.8391,7.7,2,NA,0,F,1,L,Lethargic,1,TH05.116,1014,BH1014,,,,,,,,,,,,,,,,10,,,,,,,,,,,,,,,,,,,,,,,
MH895,1895,895,RV 10,48 HR,0,0,10,6,6,10,Pass,Breeder,5,3210,4.5171,7.4,2,NA,0,F,1,L,Lethargic,1,TH05.116,1866,BH1866,,,,,,,,,,,,,,,,10,,,,,,,,,,,,,,,,,,,,,,,
MH885,1885,885,N,48 HR,72,48,12,8,9,12,Pass,IHC,0,3210,5.7909,8.6,2.5,Y,1,F,1,A,Active,3,TH05.121,1458,BH1458,,,,,,,,,,,,,,,,10,,,,,,,,,,,,,,,,,,,,,,,
MH886,1886,886,RV 10,48 HR,48,48,12,6,8,12,Pass,IHC,5,3210,5.8801,8.7,4,Y,1,M,0,L,Lethargic,1,TH05.121,1115,BH1115,,,,,,,,,,,,,,,,10,,,,,,,,,,,,,,,,,,,,,,,
MH887,1887,887,RV 10,48 HR,48,48,12,6,8,12,Pass,IHC,5,3210,5.816,8.8,4,Y,1,M,0,A,Active,3,TH05.121,1360,BH1360,,,,,,,,,,,,,,,,10,,,,,,,,,,,,,,,,,,,,,,,
MH888,1888,888,RV 10,48 HR,48,48,12,6,8,12,Pass,IHC,5,3210,5.034,8.6,4,N,0,M,0,A,Active,3,TH05.121,1528,BH1528,,,,,,,,,,,,,,,,10,,,,,,,,,,,,,,,,,,,,,,,
MH889,1889,889,N,48 HR,72,48,12,8,9,12,Pass,IHC,0,3210,5.7838,8.9,2,Y (1/2),0,F,1,HA,Hyper Active,3,TH05.121,1584,BH1584,,,,,,,,,,,,,,,,10,,,,,,,,,,,,,,,,,,,,,,,
MH890,1890,890,N,48 HR,72,48,12,8,9,12,Pass,IHC,0,3210,6.0285,9.1,2.5,Y (1/2),0,F,1,A,Active,3,TH05.121,1684,BH1684,,,,,,,,,,,,,,,,10,,,,,,,,,,,,,,,,,,,,,,,
MH891,1891,891,N,48 HR,72,48,12,8,9,12,Pass,IHC,0,3210,5.6775,9,2,Y,1,F,1,A,Active,3,TH05.121,1283,BH1283,,,,,,,,,,,,,,,,10,,,,,,,,,,,,,,,,,,,,,,,
MH892,1892,892,RV 10,48 HR,48,48,12,6,8,12,Pass,IHC,5,3210,5.742,9.1,4,Y,1,M,0,A,Active,3,TH05.121,1610,BH1610,,,,,,,,,,,,,,,,10,,,,,,,,,,,,,,,,,,,,,,,
MH893,1893,893,N,48 HR,72,48,12,8,9,12,Pass,IHC,0,3210,6.0874,9.1,2.5,Y,1,F,1,A,Active,3,TH05.121,1895,BH1895,,,,,,,,,,,,,,,,10,,,,,,,,,,,,,,,,,,,,,,,
MH894,1894,894,N,48 HR,72,48,12,8,9,12,Pass,Breeder,0,3210,6.1319,,,,,F,1,A,Active,3,TH05.121,1701,BH1701,,,,,,,,,,,,,,,,10,,,,,,,,,,,,,,,,,,,,,,,
MH895,1895,895,N,48 HR,72,48,12,8,9,12,Pass,Breeder,0,3210,5.863,,,,,F,1,A,Active,3,TH05.121,1840,BH1840,,,,,,,,,,,,,,,,10,,,,,,,,,,,,,,,,,,,,,,,
,,,,#N/A,,,,#N/A,6,#N/A,#N/A,,,,,,,,,,,,,,,,,,,,,,,,,,,,,,,,,,,,,,,,,,,,,,,,,,,,,,,
MH896,1896,896,N,24 HR,24,0,10,8,7,10,Pass,RNA,0,3210,5.3492,7.8,2,NV,0,F,1,A,Active,3,TH05.134,1195,BH1195,,,,,,,,,,,,,,,,10,,,,,,,,,,,,,,,,,,,,,,,
MH897,1897,897,N,24 HR,24,0,10,8,7,10,Pass,IHC ,0,3210,4.589,7.7,2,NV,0,F,1,A,Active,3,TH05.134,1197,BH1197,,,,,,,,,,,,,,,,10,,,,,,,,,,,,,,,,,,,,,,,
MH898,1898,898,N,48 HR,24,0,10,8,7,10,Pass,RNA,0,3210,4.551,7.9,2,NV,0,F,1,A,Active,3,TH05.134,1796,BH1796,,,,,,,,,,,,,,,,10,,,,,,,,,,,,,,,,,,,,,,,
MH899,1899,899,N,48 HR,24,0,10,8,7,10,Pass,IHC/Cryo,0,3210,5.1782,8.2,2,NV,0,F,1,A,Active,3,TH05.134,1936,BH1936,,,,,,,,,,,,,,,,10,,,,,,,,,,,,,,,,,,,,,,,
MH900,1900,900,N,48 HR,24,0,10,8,7,10,Pass,IHC/Cryo,0,3210,4.8773,7.9,2,NV,0,F,1,A,Active,3,TH05.134,1318,BH1318,,,,,,,,,,,,,,,,10,,,,,,,,,,,,,,,,,,,,,,,
MH901,1901,901,N,48 HR,24,0,10,8,7,10,Pass,IHC/Cryo,0,3210,5.0519,8.05,2,NV,0,F,1,L,Lethargic,1,TH05.134,1821,BH1821,,,,,,,,,,,,,,,,10,,,,,,,,,,,,,,,,,,,,,,,
MH902,1902,902,N,96 HR,24,0,10,8,7,10,Pass,IHC/Cryo,0,3210,4.4179,8,4,NV,0,M,0,A,Active,3,TH05.134,1598,BH1598,,,,,,,,,,,,,,,,10,,,,,,,,,,,,,,,,,,,,,,,
MH903,1903,903,N,96 HR,24,0,10,8,7,10,Pass,IHC/Cryo,0,3210,4.762,8.1,2,NV,0,F,1,L,Lethargic,1,TH05.134,1130,BH1130,,,,,,,,,,,,,,,,10,,,,,,,,,,,,,,,,,,,,,,,
MH904,1904,904,N,96 HR,24,0,10,8,7,10,Pass,IHC/Cryo,0,3210,2.5571,6.6,1,NV,0,F,1,L,Lethargic,1,TH05.134,1344,BH1344,,,,,,,,,,,,,,,,10,,,,,,,,,,,,,,,,,,,,,,,
MH905,1905,905,N,96 HR,24,0,10,8,7,10,Pass,IHC/Cryo,0,3210,4.5301,7.6,2,NV,0,F,1,L,Lethargic,1,TH05.134,1615,BH1615,,,,,,,,,,,,,,,,10,,,,,,,,,,,,,,,,,,,,,,,
MH906,1906,906,N,48 HR,24,0,10,8,7,10,Pass,Cryo,0,3210,5.1321,8.1,2,NV,0,F,1,L,Lethargic,1,TH05.134,1626,BH1626,,,,,,,,,,,,,,,,10,,,,,,,,,,,,,,,,,,,,,,,
,,,,#N/A,,,,#N/A,6,#N/A,#N/A,,,,,,,,,,,,,,,,,,,,,,,,,,,,,,,,,,,,,,,,,,,,,,,,,,,,,,,
MH896,1896,896,RV 10,24 HR,24,24,11,6,7,11,Pass,RNA,5,3210,6.013,8.3,2,NV,0,F,1,A,Active,3,TH05.136,1195,BH1195,,,,,,,,,,,,,,,,10,,,,,,,,,,,,,,,,,,,,,,,
MH897,1897,897,RV 10,24 HR,24,24,11,6,7,11,Pass,RNA,5,3210,5.2574,8.1,2,NV,0,F,1,A,Active,3,TH05.136,1197,BH1197,,,,,,,,,,,,,,,,10,,,,,,,,,,,,,,,,,,,,,,,
MH898,1898,898,RV 10,48 HR,24,24,11,6,7,11,Pass,RNA,5,3210,5.1392,7.8,2,NV,0,F,1,A,Active,3,TH05.136,1796,BH1796,,,,,,,,,,,,,,,,10,,,,,,,,,,,,,,,,,,,,,,,
MH899,1899,899,RV 10,48 HR,24,24,11,6,7,11,Pass,IHC ,5,3210,5.7253,7.9,2,NV,0,F,1,A,Active,3,TH05.136,1936,BH1936,,,,,,,,,,,,,,,,10,,,,,,,,,,,,,,,,,,,,,,,
MH900,1900,900,RV 10,48 HR,24,24,11,6,7,11,Pass,IHC ,5,3210,4.573,7.8,2,NV,0,F,1,A,Active,3,TH05.136,1318,BH1318,,,,,,,,,,,,,,,,10,,,,,,,,,,,,,,,,,,,,,,,
MH901,1901,901,RV 10,48 HR,24,24,11,6,7,11,Pass,IHC ,5,3210,4.9615,8,2,NV,0,F,1,A,Active,3,TH05.136,1821,BH1821,,,,,,,,,,,,,,,,10,,,,,,,,,,,,,,,,,,,,,,,
MH902,1902,902,RV 10,96 HR,24,24,11,6,7,11,Pass,RNA,5,3210,4.9198,8.4,4,NV,0,M,0,A,Active,3,TH05.136,1598,BH1598,,,,,,,,,,,,,,,,10,,,,,,,,,,,,,,,,,,,,,,,
MH903,1903,903,RV 10,96 HR,24,24,11,6,7,11,Pass,RNA,5,3210,5.564,8,2,NV,0,F,1,A,Active,3,TH05.136,1130,BH1130,,,,,,,,,,,,,,,,10,,,,,,,,,,,,,,,,,,,,,,,
MH904,1904,904,N,96 HR,48,24,11,8,8,11,Pass,N Run,0,3210,3.4246,7.2,2,NV,0,F,1,L,Lethargic,1,TH05.136,1344,BH1344,,,,,,,,,,,,,,,,10,,,,,,,,,,,,,,,,,,,,,,,
MH905,1905,905,N,96 HR,48,24,11,8,8,11,Pass,N Run,0,3210,5.587,7.9,2,NV,0,F,1,A,Active,3,TH05.136,1615,BH1615,,,,,,,,,,,,,,,,10,,,,,,,,,,,,,,,,,,,,,,,
MH906,1906,906,RV 10,48 HR,24,24,11,6,7,11,Pass,RNA,5,3210,5.4723,7.9,2,NV,0,F,1,A,Active,3,TH05.136,1626,BH1626,,,,,,,,,,,,,,,,10,,,,,,,,,,,,,,,,,,,,,,,
,,,,#N/A,,,,#N/A,6,#N/A,#N/A,,,,,,,,,,,,,,,,,,,,,,,,,,,,,,,,,,,,,,,,,,,,,,,,,,,,,,,
MH898,1898,898,RV 10,48 HR,48,48,12,6,8,12,Pass,RNA,5,3210,5.8123,8.3,2,NV,0,F,1,A,Active,3,TH05.139,1796,BH1796,,,,,,,,,,,,,,,,10,,,,,,,,,,,,,,,,,,,,,,,
MH899,1899,899,RV 10,48 HR,48,48,12,6,8,12,Pass,IHC ,5,3210,6.1341,8.6,2,NV,0,F,1,A,Active,3,TH05.139,1936,BH1936,,,,,,,,,,,,,,,,10,,,,,,,,,,,,,,,,,,,,,,,
MH900,1900,900,RV 10,48 HR,48,48,12,6,8,12,Pass,IHC ,5,3210,4.8147,8.1,2,NV,0,F,1,L,Lethargic,1,TH05.139,1318,BH1318,,,,,,,,,,,,,,,,10,,,,,,,,,,,,,,,,,,,,,,,
MH901,1901,901,RV 10,48 HR,48,48,12,6,8,12,Pass,IHC ,5,3210,5.3709,8,2,NV,0,F,1,A,Active,3,TH05.139,1821,BH1821,,,,,,,,,,,,,,,,10,,,,,,,,,,,,,,,,,,,,,,,
MH902,1902,902,RV 10,96 HR,48,48,12,6,8,12,Pass,RNA,5,3210,5.4766,8.5,4,NV,0,M,0,A,Active,3,TH05.139,1598,BH1598,,,,,,,,,,,,,,,,10,,,,,,,,,,,,,,,,,,,,,,,
MH903,1903,903,RV 10,96 HR,48,48,12,6,8,12,Pass,RNA,5,3210,6.0914,8.6,2,NV,0,F,1,A,Active,3,TH05.139,1130,BH1130,,,,,,,,,,,,,,,,10,,,,,,,,,,,,,,,,,,,,,,,
MH904,1904,904,N,96 HR,72,48,12,8,9,12,Pass,N Run,0,3210,3.6733,7.4,2,NV,0,F,1,A,Active,3,TH05.139,1344,BH1344,,,,,,,,,,,,,,,,10,,,,,,,,,,,,,,,,,,,,,,,
MH905,1905,905,N,96 HR,72,48,12,8,9,12,Pass,N Run,0,3210,6.4381,8.5,2,NV,0,F,1,A,Active,3,TH05.139,1615,BH1615,,,,,,,,,,,,,,,,10,,,,,,,,,,,,,,,,,,,,,,,
MH906,1906,906,RV 10,48 HR,48,48,12,6,8,12,Pass,RNA,5,3210,5.7891,8.6,2,NV,0,F,1,A,Active,3,TH05.139,1626,BH1626,,,,,,,,,,,,,,,,10,,,,,,,,,,,,,,,,,,,,,,,
,,,,#N/A,,,,#N/A,6,#N/A,#N/A,,,,,,,,,,,,,,,,,,,,,,,,,,,,,,,,,,,,,,,,,,,,,,,,,,,,,,,
MH902,1902,902,RV 10,96 HR,96,96,14,6,10,14,Pass,RNA,5,3210,6.9857,9.9,4,Y,1,M,0,A,Active,3,TH05.141,1598,BH1598,,,,,,,,,,,,,,,,10,,,,,,,,,,,,,,,,,,,,,,,
MH903,1903,903,RV 10,96 HR,96,96,14,6,10,14,Pass,RNA,5,3210,7.4697,9.7,2,Y,1,F,1,A,Active,3,TH05.141,1130,BH1130,,,,,,,,,,,,,,,,10,,,,,,,,,,,,,,,,,,,,,,,
MH904,1904,904,N,96 HR,120,96,14,8,#N/A,14,Pass,N Run,0,3210,4.3806,8.3,2,Y,1,F,1,L,Lethargic,1,TH05.141,1344,BH1344,,,,,,,,,,,,,,,,10,,,,,,,,,,,,,,,,,,,,,,,
MH905,1905,905,N,96 HR,120,96,14,8,#N/A,14,Pass,N Run,0,3210,8.2509,9.8,2.5,Y,1,F,1,A,Active,3,TH05.141,1615,BH1615,,,,,,,,,,,,,,,,10,,,,,,,,,,,,,,,,,,,,,,,
,,,,#N/A,,,,#N/A,6,#N/A,#N/A,,,,,,,,,,,,,,,,,,,,,,,,,,,,,,,,,,,,,,,,,,,,,,,,,,,,,,,
MH910,1910,910,S/H,48 HR,48,,11,3,8,11,Pass,IHC,2,3210,4.6643,8.3,2,NV,0,F,1,A,Active,3,TH06.012,1358,BH1358,,,,,,,,,,,,,,,,10,,,,,,,,,,,,,,,,,,,,,,,
MH911,1911,911,S/H,48 HR,48,,11,3,8,11,Pass,IHC,2,3210,5.2172,8.9,2,NV,0,F,1,A,Active,3,TH06.012,1817,BH1817,,,,,,,,,,,,,,,,10,,,,,,,,,,,,,,,,,,,,,,,
MH912,1912,912,S/H,48 HR,48,,11,3,8,11,Pass,IHC,2,3210,6.1058,8.1,2,NV,0,F,1,A,Active,3,TH06.012,1533,BH1533,,,,,,,,,,,,,,,,10,,,,,,,,,,,,,,,,,,,,,,,
MH913,1913,913,S/H,96 HR,48,,11,3,8,11,Pass,RNA,2,3210,6.2298,NA,4,NV,0,M,0,A,Active,3,TH06.012,1171,BH1171,,,,,,,,,,,,,,,,10,,,,,,,,,,,,,,,,,,,,,,,
,,,,#N/A,,,,#N/A,6,#N/A,#N/A,,,,,NA,,,,,,,,,,,,,,,,,,,,,,,,,,,,,,,,,,,,,,,,,,,,,,,,,,
MH913,1913,913,S/H,96 HR,96,,13,3,10,13,Pass,RNA,2,3210,7.2197,10.1,4,NV,0,M,0,A,Active,3,TH06.012,1171,BH1171,,,,,,,,,,,,,,,,10,,,,,,,,,,,,,,,,,,,,,,,
,,,,#N/A,,,,#N/A,6,#N/A,#N/A,,,,,,,,,,,,,,,,,,,,,,,,,,,,,,,,,,,,,,,,,,,,,,,,,,,,,,,
MH916A,MH916A,16A,RV 10,48 HR,0,,10,6,6,10,Pass,IHC,5,3210,5.4,8.1,2,NV,0,F,1,A,Active,3,TH06.033,1374,BH1374,,,,,,,,,,,,,,,,10,,,,,,,,,,,,,,,,,,,,,,,
MH915,1915,915,RV 10,48 HR,0,,10,6,6,10,Pass,IHC,5,3210,6.74,8.6,4,NV,0,M,0,A,Active,3,TH06.033,,,,,,,,,,,,,,,,,,,,,,,,,,,,,,,,,,,,,,,,,
MH916,1916,916,RV 10,48 HR,0,,10,6,6,10,Pass,IHC,5,3210,5.925,8.3,4,NV,0,M,0,A,Active,3,TH06.033,1550,BH1550,,,,,,,,,,,,,,,,10,,,,,,,,,,,,,,,,,,,,,,,
,,,,#N/A,,,,#N/A,6,#N/A,#N/A,,,,,,,,,m,0,,,,,,,,,,,,,,,,,,,,,,,,,,,,,,,,,,,,,,,,,,,,,
MH915,1915,915,RV 10,48 HR,48,,12,6,8,12,Pass,IHC,5,3210,5.193,9,4,N,0,M,0,A,Active,3,TH06.036,,,,,,,,,,,,,,,,,,,,,,,,,,,,,,,,,,,,,,,,,
,,,,#N/A,,,,#N/A,6,#N/A,#N/A,,,,,,,,,,,,,,,,,,,,,,,,,,,,,,,,,,,,,,,,,,,,,,,,,,,,,,,
MH917,1917,917,N,48 HR,-96,-72,5,8,2,5,Pass,IHC,0,3970,3.2143,5.8,1.5,Y,1,F,1,L,Lethargic,1,TH06.033,1424,BH1424,,,,,,,,,,,,,,,,10,,,,,,,,,,,,,,,,,,,,,,,
MH921,1921,921,N,48 HR,-96,-72,5,8,2,5,Pass,IHC,0,3970,3.646,6.3,3,Y,1,M,0,L,Lethargic,1,TH06.033,1052,BH1052,,,,,,,,,,,,,,,,10,,,,,,,,,,,,,,,,,,,,,,,
MH919,1919,919,N,48 HR,-96,-72,5,8,2,5,Pass,IHC,0,3970,3.0977,5.3,2,Y,1,F,1,L,Lethargic,1,TH06.033,1761,BH1761,,,,,,,,,,,,,,,,10,,,,,,,,,,,,,,,,,,,,,,,
MH922,1922,922,N,48 HR,-96,-72,5,8,2,5,Pass,IHC,0,3970,3.8391,6.1,3,Y,1,M,0,L,Lethargic,1,TH06.033,1854,BH1854,,,,,,,,,,,,,,,,10,,,,,,,,,,,,,,,,,,,,,,,
MH918,1918,918,N,48 HR,-96,-72,5,8,2,5,Pass,IHC,0,3970,3.4891,6,2,Y,1,F,1,A,Active,3,TH06.033,1659,BH1659,,,,,,,,,,,,,,,,10,,,,,,,,,,,,,,,,,,,,,,,
MH924,1924,924,N,48 HR,-96,-72,5,8,2,5,Pass,IHC,0,3970,3.0884,5.8,3,Y,1,M,0,L,Lethargic,1,TH06.033,1804,BH1804,,,,,,,,,,,,,,,,10,,,,,,,,,,,,,,,,,,,,,,,
MH923,1923,923,N,48 HR,-96,-72,5,8,2,5,Pass,IHC,0,3970,3.483,6,3,Y,1,M,0,L,Lethargic,1,TH06.033,1163,BH1163,,,,,,,,,,,,,,,,10,,,,,,,,,,,,,,,,,,,,,,,
MH920,1920,920,N,48 HR,-96,-72,5,8,2,5,Pass,IHC,0,3970,3.6345,6.3,2,Y,1,F,1,L,Lethargic,1,TH06.033,1923,BH1923,,,,,,,,,,,,,,,,10,,,,,,,,,,,,,,,,,,,,,,,
MH925,1925,925,N,48 HR,-96,-72,5,8,2,5,Pass,IHC,0,3970,3.7389,6.1,3,Y,1,M,0,A,Active,3,TH06.033,1011,BH1011,,,,,,,,,,,,,,,,10,,,,,,,,,,,,,,,,,,,,,,,
MH926,1926,926,N,48 HR,-96,-72,5,8,2,5,Pass,IHC,0,3970,3.4574,5.7,3,Y,1,M,0,L,Lethargic,1,TH06.033,1604,BH1604,,,,,,,,,,,,,,,,10,,,,,,,,,,,,,,,,,,,,,,,
,,,,#N/A,,,5,#N/A,6,#N/A,#N/A,,,,,,,,,,,,,,,,,,,,,,,,,,,,,,,,,,,,,,,,,,,,,,,,,,,,,,,
MH917,1917,917,N,48 HR,24,0,10,8,7,10,Pass,IHC,0,3970,5.239,7.2,2,NV,0,F,1,A,Active,3,TH06.037,,,,,,,,,,,,,,,,,,,,,,,,,,,,,,,,,,,,,,,,,
MH918,1918,918,N,48 HR,24,0,10,8,7,10,Pass,IHC,0,3970,5.645,8.3,2,NV,0,F,1,A,Active,3,TH06.037,,,,,,,,,,,,,,,,,,,,,,,,,,,,,,,,,,,,,,,,,
MH919,1919,919,N,48 HR,24,0,10,8,7,10,Pass,IHC,0,3970,5.34,8.2,2,NV,0,F,1,A,Active,3,TH06.037,,,,,,,,,,,,,,,,,,,,,,,,,,,,,,,,,,,,,,,,,
MH920,1920,920,N,48 HR,24,0,10,8,7,10,Pass,IHC,0,3970,5.183,8.2,2,NV,0,F,1,A,Active,3,TH06.037,,,,,,,,,,,,,,,,,,,,,,,,,,,,,,,,,,,,,,,,,
MH921,1921,921,N,48 HR,24,0,10,8,7,10,Pass,IHC,0,3970,5.42,8.2,3.5,NV,0,M,0,A,Active,3,TH06.037,,,,,,,,,,,,,,,,,,,,,,,,,,,,,,,,,,,,,,,,,
MH922,1922,922,N,48 HR,24,0,10,8,7,10,Pass,IHC,0,3970,6.082,8.6,4,NV,0,M,0,A,Active,3,TH06.037,,,,,,,,,,,,,,,,,,,,,,,,,,,,,,,,,,,,,,,,,
MH923,1923,923,N,48 HR,24,0,10,8,7,10,Pass,IHC,0,3970,5.685,8.5,4,NV,0,M,0,A,Active,3,TH06.037,,,,,,,,,,,,,,,,,,,,,,,,,,,,,,,,,,,,,,,,,
MH924,1924,924,N,48 HR,24,0,10,8,7,10,Pass,IHC,0,3970,5.455,8.5,4,NV,0,M,0,A,Active,3,TH06.037,,,,,,,,,,,,,,,,,,,,,,,,,,,,,,,,,,,,,,,,,
MH925,1925,925,N,48 HR,24,0,10,8,7,10,Pass,IHC,0,3970,5.887,8.6,4,NV,0,M,0,A,Active,3,TH06.037,,,,,,,,,,,,,,,,,,,,,,,,,,,,,,,,,,,,,,,,,
MH926,1926,926,N,48 HR,24,0,10,8,7,10,Pass,IHC,0,3970,4.832,8.1,3,NV,0,M,0,A,Active,3,TH06.037,,,,,,,,,,,,,,,,,,,,,,,,,,,,,,,,,,,,,,,,,
,,,,,,,,,,,,,,,,,,,,,,,,,,,,,,,,,,,,,,,,,,,,,,,,,,,,,,,,,,,,,,,,,,
MH917,1917,917,RV 10,48 HR,0,0,10,6,6,10,Pass,IHC,5,3970,5.239,7.2,2,NV,0,F,1,A,Active,3,TH06.037,,,,,,,,,,,,,,,,,,,,,,,,,,,,,,,,,,,,,,,,,
MH918,1918,918,RV 10,48 HR,0,0,10,6,6,10,Pass,IHC,5,3970,5.645,8.3,2,NV,0,F,1,A,Active,3,TH06.037,,,,,,,,,,,,,,,,,,,,,,,,,,,,,,,,,,,,,,,,,
MH919,1919,919,RV 10,48 HR,0,0,10,6,6,10,Pass,IHC,5,3970,5.34,8.2,2,NV,0,F,1,A,Active,3,TH06.037,,,,,,,,,,,,,,,,,,,,,,,,,,,,,,,,,,,,,,,,,
MH920,1920,920,RV 10,48 HR,0,0,10,6,6,10,Pass,IHC,5,3970,5.183,8.2,2,NV,0,F,1,A,Active,3,TH06.037,,,,,,,,,,,,,,,,,,,,,,,,,,,,,,,,,,,,,,,,,
MH921,1921,921,RV 10,48 HR,0,0,10,6,6,10,Pass,IHC,5,3970,5.42,8.2,3.5,NV,0,M,0,A,Active,3,TH06.037,,,,,,,,,,,,,,,,,,,,,,,,,,,,,,,,,,,,,,,,,
MH922,1922,922,RV 10,48 HR,0,0,10,6,6,10,Pass,IHC,5,3970,6.082,8.6,4,NV,0,M,0,A,Active,3,TH06.037,,,,,,,,,,,,,,,,,,,,,,,,,,,,,,,,,,,,,,,,,
MH923,1923,923,RV 10,48 HR,0,0,10,6,6,10,Pass,IHC,5,3970,5.685,8.5,4,NV,0,M,0,A,Active,3,TH06.037,,,,,,,,,,,,,,,,,,,,,,,,,,,,,,,,,,,,,,,,,
MH924,1924,924,RV 10,48 HR,0,0,10,6,6,10,Pass,IHC,5,3970,5.455,8.5,4,NV,0,M,0,A,Active,3,TH06.037,,,,,,,,,,,,,,,,,,,,,,,,,,,,,,,,,,,,,,,,,
MH925,1925,925,RV 10,48 HR,0,0,10,6,6,10,Pass,IHC,5,3970,5.887,8.6,4,NV,0,M,0,A,Active,3,TH06.037,,,,,,,,,,,,,,,,,,,,,,,,,,,,,,,,,,,,,,,,,
MH926,1926,926,RV 10,48 HR,0,0,10,6,6,10,Pass,IHC,5,3970,4.832,8.1,3,NV,0,M,0,A,Active,3,TH06.037,,,,,,,,,,,,,,,,,,,,,,,,,,,,,,,,,,,,,,,,,
,,,,#N/A,,,,#N/A,6,#N/A,#N/A,,,,,,,,,,,,,,,,,,,,,,,,,,,,,,,,,,,,,,,,,,,,,,,,,,,,,,,
MH918,1918,918,RV 10,48 HR,48,48,12,6,8,12,Pass,IHC,5,3970,5.509,8.9,2,Y,1,F,1,A,Active,3,TH06.039,,,,,,,,,,,,,,,,,,,,,,,,,,,,,,,,,,,,,,,,,
MH919,1919,919,RV 10,48 HR,48,48,12,6,8,12,Pass,IHC,5,3970,5.374,8.9,2.5,Y,1,F,1,A,Active,3,TH06.039,,,,,,,,,,,,,,,,,,,,,,,,,,,,,,,,,,,,,,,,,
MH920,1920,920,RV 10,48 HR,48,48,12,6,8,12,Pass,IHC,5,3970,4.98,8.6,2,N,0,F,1,A,Active,3,TH06.039,,,,,,,,,,,,,,,,,,,,,,,,,,,,,,,,,,,,,,,,,
MH921,1921,921,RV 10,48 HR,48,48,12,6,8,12,Pass,IHC,5,3970,4.4,8.1,4,N,0,M,0,A,Active,3,TH06.039,,,,,,,,,,,,,,,,,,,,,,,,,,,,,,,,,,,,,,,,,
MH922,1922,922,RV 10,48 HR,48,48,12,6,8,12,Pass,IHC,5,3970,5.998,9.1,4.5,Y,1,M,0,A,Active,3,TH06.039,,,,,,,,,,,,,,,,,,,,,,,,,,,,,,,,,,,,,,,,,
MH923,1923,923,RV 10,48 HR,48,48,12,6,8,12,Pass,IHC,5,3970,5.6229,8.9,4,Y,1,M,0,A,Active,3,TH06.039,,,,,,,,,,,,,,,,,,,,,,,,,,,,,,,,,,,,,,,,,
MH924,1924,924,RV 10,48 HR,48,48,12,6,8,12,Pass,IHC,5,3970,5.639,9,4,Y,1,M,0,A,Active,3,TH06.039,,,,,,,,,,,,,,,,,,,,,,,,,,,,,,,,,,,,,,,,,
MH925,1925,925,RV 10,48 HR,48,48,12,6,8,12,Pass,IHC,5,3970,5.075,9.5,4,Y,1,M,0,A,Active,3,TH06.039,,,,,,,,,,,,,,,,,,,,,,,,,,,,,,,,,,,,,,,,,
MH926,1926,926,RV 10,48 HR,48,48,12,6,8,12,Pass,IHC,5,3970,5.321,8.8,4,Y,1,M,0,A,Active,3,TH06.039,,,,,,,,,,,,,,,,,,,,,,,,,,,,,,,,,,,,,,,,,
,,,,#N/A,,,,#N/A,6,#N/A,#N/A,,,,,,,,,,,,,,,,,,,,,,,,,,,,,,,,,,,,,,,,,,,,,,,,,,,,,,,
MH930,1930,930,RV 10,24 HR,0,0,10,6,6,10,Pass,IHC,5,3970,6.3625,8.4,2,NV,0,F,1,HA,Hyper Active,3,TH06.058,,,,,,,,,,,,,,,,,,10,,,,,,,,,,,,,,,,,,,,,,,
MH931,1931,931,RV 10,24 HR,0,0,10,6,6,10,Pass,IHC,5,3970,6.9358,8.8,2,NV,0,F,1,HA,Hyper Active,3,TH06.058,,,,,,,,,,,,,,,,,,10,,,,,,,,,,,,,,,,,,,,,,,
MH932,1932,932,RV 10,48 HR,0,0,10,6,6,10,Pass,IHC,5,3970,6.9302,8.7,2,NV,0,F,1,HA,Hyper Active,3,TH06.058,,,,,,,,,,,,,,,,,,10,,,,,,,,,,,,,,,,,,,,,,,
MH933,1933,933,N,24 HR,24,0,10,8,7,10,Pass,IHC,0,3970,7.08,8.9,2,NV,0,F,1,A,Active,3,TH06.058,,,,,,,,,,,,,,,,,,10,,,,,,,,,,,,,,,,,,,,,,,
MH934,1934,934,RV 10,96 HR,0,0,10,6,6,10,Pass,IHC,5,3970,6.291,8.5,2,NV,0,F,1,A,Active,3,TH06.058,,,,,,,,,,,,,,,,,,10,,,,,,,,,,,,,,,,,,,,,,,
MH935,1935,935,N,48 HR,24,0,10,8,7,10,Pass,IHC,0,3970,6.705,8.2,2,NV,0,F,1,HA,Hyper Active,3,TH06.058,,,,,,,,,,,,,,,,,,10,,,,,,,,,,,,,,,,,,,,,,,
MH936,1936,936,N,96 HR,24,0,10,8,7,10,Pass,IHC,0,3970,6.815,8.6,2,NV,0,F,1,A,Active,3,TH06.058,,,,,,,,,,,,,,,,,,10,,,,,,,,,,,,,,,,,,,,,,,
MH937,1937,937,RV 10,24 HR,0,0,10,6,6,10,Pass,IHC,5,3970,7.254,9.2,4,NV,0,M,0,A,Active,3,TH06.058,,,,,,,,,,,,,,,,,,10,,,,,,,,,,,,,,,,,,,,,,,
MH938,1938,938,RV 10,48 HR,0,0,10,6,6,10,Pass,IHC,5,3970,7.206,9.2,4,NV,0,M,0,HA,Hyper Active,3,TH06.058,,,,,,,,,,,,,,,,,,10,,,,,,,,,,,,,,,,,,,,,,,
MH939,1939,939,RV 10,96 HR,0,0,10,6,6,10,Pass,IHC,5,3970,7.468,9,4,NV,0,M,0,A,Active,3,TH06.058,,,,,,,,,,,,,,,,,,10,,,,,,,,,,,,,,,,,,,,,,,
,,,,#N/A,,,,#N/A,6,#N/A,#N/A,,,,,,,,,,,,,,,,,,,,,,,,,,,,,,,,,,,,,,,,,,,,,,,,,,,,,,,
MH930,1930,930,RV 10,24 HR,24,24,11,6,7,11,Pass,IHC,5,3970,5.6504,8.6,2,Y,1,F,1,L,Lethargic,1,TH06.059,,,,,,,,,,,,,,,,,,10,,,,,,,,,,,,,,,,,,,,,,,
MH931,1931,931,RV 10,24 HR,24,24,11,6,7,11,Pass,IHC,5,3970,6.394,9.5,2,Y,1,F,1,A,Active,3,TH06.059,,,,,,,,,,,,,,,,,,10,,,,,,,,,,,,,,,,,,,,,,,
MH932,1932,932,RV 10,48 HR,24,24,11,6,7,11,Pass,IHC,5,3970,6.571,9.1,2,NV,0,F,1,A,Active,3,TH06.059,,,,,,,,,,,,,,,,,,10,,,,,,,,,,,,,,,,,,,,,,,
MH933,1933,933,N,24 HR,48,24,11,8,8,11,Pass,IHC,0,3970,7.8971,,,Y,1,F,1,A,Active,3,TH06.059,,,,,,,,,,,,,,,,,,10,,,,,,,,,,,,,,,,,,,,,,,
MH934,1934,934,RV 10,96 HR,24,24,11,6,7,11,Pass,IHC,5,3970,5.997,8.7,2,NV,0,F,1,A,Active,3,TH06.059,,,,,,,,,,,,,,,,,,10,,,,,,,,,,,,,,,,,,,,,,,
MH935,1935,935,N,48 HR,48,24,11,8,8,11,Pass,IHC,0,3970,7.641,9.7,2,NV,0,F,1,HA,Hyper Active,3,TH06.059,,,,,,,,,,,,,,,,,,10,,,,,,,,,,,,,,,,,,,,,,,
MH936,1936,936,N,96 HR,48,24,11,8,8,11,Pass,IHC,0,3970,7.7956,9.4,2,NV,0,F,1,A,Active,3,TH06.059,,,,,,,,,,,,,,,,,,10,,,,,,,,,,,,,,,,,,,,,,,
MH937,1937,937,RV 10,24 HR,24,24,11,6,7,11,Pass,IHC,5,3970,6.621,,,Y,1,M,0,A,Active,3,TH06.059,,,,,,,,,,,,,,,,,,10,,,,,,,,,,,,,,,,,,,,,,,
MH938,1938,938,RV 10,48 HR,24,24,11,6,7,11,Pass,IHC,5,3970,6.4147,9.7,4,NV,0,M,0,A,Active,3,TH06.059,,,,,,,,,,,,,,,,,,10,,,,,,,,,,,,,,,,,,,,,,,
MH939,1939,939,RV 10,96 HR,24,24,11,6,7,11,Pass,IHC,5,3970,6.3411,9.9,4,NV,0,M,0,A,Active,3,TH06.059,,,,,,,,,,,,,,,,,,10,,,,,,,,,,,,,,,,,,,,,,,
,,,,#N/A,,,,#N/A,6,#N/A,#N/A,,,,,,,,,,,,,,,,,,,,,,,,,,,,,,,,,,,,,,,,,,,,,,,,,,,,,,,
MH932,1932,932,RV 10,48 HR,48,48,12,6,8,12,Pass,IHC,5,3970,6.6671,9.6,2,Y,1,F,1,A,Active,3,TH06.060,,,,,,,,,,,,,,,,,,10,,,,,,,,,,,,,,,,,,,,,,,
MH934,1934,934,RV 10,96 HR,48,48,12,6,8,12,Pass,IHC,5,3970,6.6321,9,2,NV,0,F,1,A,Active,3,TH06.060,,,,,,,,,,,,,,,,,,10,,,,,,,,,,,,,,,,,,,,,,,
MH935,1935,935,N,48 HR,72,48,12,8,9,12,Pass,IHC,0,3970,8.312,9.6,2,Y,1,F,1,A,Hyper Active,3,TH06.060,,,,,,,,,,,,,,,,,,10,,,,,,,,,,,,,,,,,,,,,,,
MH936,1936,936,N,96 HR,72,48,12,8,9,12,Pass,IHC,0,3970,8.4632,9.6,2,NV,0,F,1,A,Active,3,TH06.060,,,,,,,,,,,,,,,,,,10,,,,,,,,,,,,,,,,,,,,,,,
MH938,1938,938,RV 10,48 HR,48,48,12,6,8,12,Pass,IHC,5,3970,6.6399,9.8,4,Y,1,M,0,L,Lethargic,1,TH06.060,,,,,,,,,,,,,,,,,,10,,,,,,,,,,,,,,,,,,,,,,,
MH939,1939,939,RV 10,96 HR,48,48,12,6,8,12,Pass,IHC,5,3970,6.6893,9.5,4,NV,0,M,0,HA,Hyper Active,3,TH06.060,,,,,,,,,,,,,,,,,,10,,,,,,,,,,,,,,,,,,,,,,,
,,,,#N/A,,,,#N/A,6,#N/A,#N/A,,,,,,,,,,,,,,,,,,,,,,,,,,,,,,,,,,,,,,,,,,,,,,,,,,,,,,,
MH934,1934,934,RV 10,96 HR,96,96,14,6,10,14,Pass,IHC,5,3970,8.2725,10.2,2.5,Y,1,F,1,HA,Hyper Active,3,TH06.060,,,,,,,,,,,,,,,,,,10,,,,,,,,,,,,,,,,,,,,,,,
MH936,1936,936,N,96 HR,120,96,14,8,#N/A,#N/A,#N/A,IHC,0,3970,10.1107,11,2.5,Y,1,F,1,A,Active,3,TH06.060,,,,,,,,,,,,,,,,,,10,,,,,,,,,,,,,,,,,,,,,,,
MH939,1939,939,RV 10,96 HR,96,96,14,6,10,14,Pass,IHC,5,3970,7.7389,10.5,4,NV,0,M,0,A,Active,3,TH06.060,,,,,,,,,,,,,,,,,,10,,,,,,,,,,,,,,,,,,,,,,,
,,,,,,,,,,,,,,,,,,,,,,,,,,,,,,,,,,,,,,,,,,,,,,,,,,,,,,,,,,,,,,,,,,
MH940,1940,940,RV 7,24 HR,0,0,7,7,6,7,Pass,Prot/IHC,6,3970,4.1205,6.9,3,NV,0,M,0,BAR,,3,TH06.066,,,,,,,,,,,,,,,,,,10,,,,,,,,,,,,,,,,,,,,,,,
MH941,1941,941,RV 7,48 HR,0,0,7,7,6,7,Pass,Prot/IHC,6,3970,4.6454,7.1,4,NV,0,M,0,BAR,,3,TH06.066,,,,,,,,,,,,,,,,,,10,,,,,,,,,,,,,,,,,,,,,,,
MH942,1942,942,RV 7,96 HR,0,0,7,7,6,7,Pass,Prot/IHC,6,3970,4.6086,7.1,3,NV,0,M,0,BAR,,3,TH06.066,,,,,,,,,,,,,,,,,,10,,,,,,,,,,,,,,,,,,,,,,,
MH943,1943,943,RV 7,96 HR,0,0,7,7,6,7,Pass,Prot/IHC,6,3970,4.2477,7,3,NV,0,M,0,BAR,,3,TH06.066,,,,,,,,,,,,,,,,,,10,,,,,,,,,,,,,,,,,,,,,,,
MH944,1944,944,N,24 HR,-48,0,7,8,4,7,Pass,Prot/IHC,0,3970,4.6833,7.1,4,NV,0,M,0,BAR,,3,TH06.066,,,,,,,,,,,,,,,,,,10,,,,,,,,,,,,,,,,,,,,,,,
MH945,1945,945,N,48 HR,-48,0,7,8,4,7,Pass,Prot/IHC,0,3970,4.6311,7,3.5,NV,0,M,0,BAR,,3,TH06.066,,,,,,,,,,,,,,,,,,10,,,,,,,,,,,,,,,,,,,,,,,
MH946,1946,946,N,96 HR,-48,0,7,8,4,7,Pass,Prot/IHC,0,3970,4.452,6.8,3.5,NV,0,M,0,BAR,,3,TH06.066,,,,,,,,,,,,,,,,,,10,,,,,,,,,,,,,,,,,,,,,,,
MH947,1947,947,N,48 HR,-48,0,7,8,4,7,Pass,Prot/IHC,0,3970,3.9385,6.7,3.5,NV,0,M,0,BAR,,3,TH06.066,,,,,,,,,,,,,,,,,,10,,,,,,,,,,,,,,,,,,,,,,,
MH948,1948,948,N,24 HR,-48,0,7,8,4,7,Pass,Prot/IHC,0,3970,4.461,7.1,2,NV,0,F,1,BAR,,3,TH06.066,,,,,,,,,,,,,,,,,,10,,,,,,,,,,,,,,,,,,,,,,,
MH949,1949,949,N,96 HR,-48,0,7,8,4,7,Pass,Prot/IHC,0,3970,3.5982,6.4,2,NV,0,F,1,BAR,,3,TH06.066,,,,,,,,,,,,,,,,,,10,,,,,,,,,,,,,,,,,,,,,,,
MH950,1950,950,N,48 HR,-48,0,7,8,4,7,Pass,Prot/IHC,0,3970,3.9529,6.6,2,NV,0,F,1,BAR,,3,TH06.066,,,,,,,,,,,,,,,,,,,,,,,,,,,,,,,,,,,,,,,,,
,,,,,,,,,,,,,,,,,,,,,,,,,,,,,,,,,,,,,,,,,,,,,,,,,,,,,,,,,,,,,,,,,,
MH940,1940,940,RV 7,24 HR,24,24,8,7,7,8,Pass,Prot/IHC,6,3970,4.4185,7.4,4,NV,0,M,0,QAR,,3,TH06.066,,,,,,,,,,,,,,,,,,10,,,,,,,,,,,,,,,,,,,,,,,
MH941,1941,941,RV 7,48 HR,24,24,8,7,7,8,Pass,Prot/IHC,6,3970,4.8221,6.5,4,NV,0,M,0,QAR,,3,TH06.066,,,,,,,,,,,,,,,,,,10,,,,,,,,,,,,,,,,,,,,,,,
MH942,1942,942,RV 7,96 HR,24,24,8,7,7,8,Pass,Prot/IHC,6,3970,4.7901,7.3,4,NV,0,M,0,BAR,,3,TH06.066,,,,,,,,,,,,,,,,,,10,,,,,,,,,,,,,,,,,,,,,,,
MH943,1943,943,RV 7,96 HR,24,24,8,7,7,8,Pass,Prot/IHC,6,3970,4.5316,7.1,4,NV,0,M,0,BAR,,3,TH06.066,,,,,,,,,,,,,,,,,,10,,,,,,,,,,,,,,,,,,,,,,,
MH944,1944,944,N,24 HR,-24,24,8,8,5,8,Pass,Prot/IHC,0,3970,4.998,7.4,4,NV,0,M,0,BAR,,3,TH06.066,,,,,,,,,,,,,,,,,,10,,,,,,,,,,,,,,,,,,,,,,,
MH945,1945,945,N,48 HR,-24,24,8,8,5,8,Pass,Prot/IHC,0,3970,4.9713,6.6,4,NV,0,M,0,BAR,,3,TH06.066,,,,,,,,,,,,,,,,,,10,,,,,,,,,,,,,,,,,,,,,,,
MH946,1946,946,N,96 HR,-24,24,8,8,5,8,Pass,Prot/IHC,0,3970,4.9117,7.4,4,NV,0,M,0,BAR,,3,TH06.066,,,,,,,,,,,,,,,,,,10,,,,,,,,,,,,,,,,,,,,,,,
MH947,1947,947,N,48 HR,-24,24,8,8,5,8,Pass,Prot/IHC,0,3970,4.193,6.4,4,NV,0,M,0,BAR,,3,TH06.066,,,,,,,,,,,,,,,,,,10,,,,,,,,,,,,,,,,,,,,,,,
MH948,1948,948,N,24 HR,-24,24,8,8,5,8,Pass,Prot/IHC,0,3970,4.87,7.4,2,NV,0,F,1,BAR,,3,TH06.066,,,,,,,,,,,,,,,,,,10,,,,,,,,,,,,,,,,,,,,,,,
MH949,1949,949,N,96 HR,-24,24,8,8,5,8,Pass,Prot/IHC,0,3970,4.118,6.9,2,NV,0,F,1,BAR,,3,TH06.066,,,,,,,,,,,,,,,,,,10,,,,,,,,,,,,,,,,,,,,,,,
MH950,1950,950,N,48 HR,-24,24,8,8,5,8,Pass,Prot/IHC,0,3970,4.4653,7.1,2,NV,0,F,1,BAR,,3,TH06.066,,,,,,,,,,,,,,,,,,,,,,,,,,,,,,,,,,,,,,,,,
,,,,,,,,,,,,,,,,,,,,,,,,,,,,,,,,,,,,,,,,,,,,,,,,,,,,,,,,,,,,,,,,,,
MH941,1941,941,RV 7,48 HR,48,48,9,7,9,9,Pass,Prot/IHC,6,3970,5.3802,8,4,NV,0,M,0,QAR,,3,TH06.066,,,,,,,,,,,,,,,,,,10,,,,,,,,,,,,,,,,,,,,,,,
MH942,1942,942,RV 7,96 HR,48,48,9,7,9,9,Pass,Prot/IHC,6,3970,5.5264,7.6,4,NV,0,M,0,BAR,,3,TH06.066,,,,,,,,,,,,,,,,,,10,,,,,,,,,,,,,,,,,,,,,,,
MH943,1943,943,RV 7,96 HR,48,48,9,7,9,9,Pass,Prot/IHC,6,3970,5.0264,7.5,4,NV,0,M,0,BAR,,3,TH06.066,,,,,,,,,,,,,,,,,,10,,,,,,,,,,,,,,,,,,,,,,,
MH944,1944,944,N,24 HR,0,48,9,8,9,9,Pass,Prot/IHC,0,3970,5.5128,7.7,4,NV,0,M,0,BAR,,3,TH06.066,,,,,,,,,,,,,,,,,,10,,,,,,,,,,,,,,,,,,,,,,,
MH945,1945,945,N,48 HR,0,48,9,8,9,9,Pass,Prot/IHC,0,3970,5.7223,7.7,4,NV,0,M,0,BAR,,3,TH06.066,,,,,,,,,,,,,,,,,,10,,,,,,,,,,,,,,,,,,,,,,,
MH946,1946,946,N,96 HR,0,48,9,8,9,9,Pass,Prot/IHC,0,3970,5.5879,7.8,4,NV,0,M,0,BAR,,3,TH06.066,,,,,,,,,,,,,,,,,,10,,,,,,,,,,,,,,,,,,,,,,,
MH947,1947,947,N,48 HR,0,48,9,8,9,9,Pass,Prot/IHC,0,3970,4.6637,7.3,4,NV,0,M,0,BAR,,3,TH06.066,,,,,,,,,,,,,,,,,,10,,,,,,,,,,,,,,,,,,,,,,,
MH948,1948,948,N,24 HR,0,48,9,8,9,9,Pass,Prot/IHC,0,3970,5.527,7.9,2,NV,0,F,1,BAR,,3,TH06.066,,,,,,,,,,,,,,,,,,10,,,,,,,,,,,,,,,,,,,,,,,
MH949,1949,949,N,96 HR,0,48,9,8,9,9,Pass,Prot/IHC,0,3970,4.647,7.3,2,NV,0,F,1,BAR,,3,TH06.066,,,,,,,,,,,,,,,,,,10,,,,,,,,,,,,,,,,,,,,,,,
MH950,1950,950,N,48 HR,0,48,9,8,9,9,Pass,Prot/IHC,0,3970,4.9916,7.4,2,NV,0,F,1,BAR,,3,TH06.066,,,,,,,,,,,,,,,,,,,,,,,,,,,,,,,,,,,,,,,,,
,,,,,,,,,,,,,,,,,,,,,,,,,,,,,,,,,,,,,,,,,,,,,,,,,,,,,,,,,,,,,,,,,,
MH942,1942,942,RV 7,96 HR,72,72,10,7,9,10,Pass,Prot/IHC,6,3970,6.0172,8,4,NV,0,M,0,BAR,,3,TH06.066,,,,,,,,,,,,,,,,,,10,,,,,,,,,,,,,,,,,,,,,,,
MH943,1943,943,RV 7,96 HR,72,72,10,7,9,10,Pass,Prot/IHC,6,3970,6.0645,8.2,4,NV,0,M,0,BAR,,3,TH06.066,,,,,,,,,,,,,,,,,,10,,,,,,,,,,,,,,,,,,,,,,,
MH944,1944,944,RV 10,24 HR,0,0,10,6,6,10,Pass,Prot/IHC,5,3970,6.1437,8.2,4,NV,0,M,0,BAR,,3,TH06.066,,,,,,,,,,,,,,,,,,10,,,,,,,,,,,,,,,,,,,,,,,
MH945,1945,945,RV 10,48 HR,0,0,10,6,6,10,Pass,Prot/IHC,5,3970,6.0974,8.3,4,NV,0,M,0,BAR,,3,TH06.066,,,,,,,,,,,,,,,,,,10,,,,,,,,,,,,,,,,,,,,,,,
MH946,1946,946,RV 10,96 HR,0,0,10,6,6,10,Pass,Prot/IHC,5,3970,6.106,8.4,4,NV,0,M,0,BAR,,3,TH06.066,,,,,,,,,,,,,,,,,,10,,,,,,,,,,,,,,,,,,,,,,,
MH947,1947,947,RV 10,48 HR,0,0,10,6,6,10,Pass,Prot/IHC,5,3970,5.1394,8.1,4,NV,0,M,0,BAR,,3,TH06.066,,,,,,,,,,,,,,,,,,10,,,,,,,,,,,,,,,,,,,,,,,
MH948,1948,948,RV 10,24 HR,0,0,10,6,6,10,Pass,Prot/IHC,5,3970,6.0648,8.2,2,NV,0,F,1,BAR,,3,TH06.066,,,,,,,,,,,,,,,,,,10,,,,,,,,,,,,,,,,,,,,,,,
MH949,1949,949,RV 10,96 HR,0,0,10,6,6,10,Pass,Prot/IHC,5,3970,5.1195,7.9,2,NV,0,F,1,BAR,,3,TH06.066,,,,,,,,,,,,,,,,,,10,,,,,,,,,,,,,,,,,,,,,,,
MH950,1950,950,RV 10,48 HR,0,0,10,6,6,10,Pass,Prot/IHC,5,3970,5.7006,8.2,2,NV,0,F,1,BAR,,3,TH06.066,,,,,,,,,,,,,,,,,,,,,,,,,,,,,,,,,,,,,,,,,
,,,,,,,,,,,,,,,,,,,,,,,,,,,,,,,,,,,,,,,,,,,,,,,,,,,,,,,,,,,,,,,,,,
MH942,1942,942,RV 7,96 HR,96,96,11,7,10,11,Pass,Prot/IHC,6,3970,6.5119,9.1,4,Y,1,M,0,BAR,,3,TH06.066,,,,,,,,,,,,,,,,,,10,,,,,,,,,,,,,,,,,,,,,,,
MH943,1943,943,RV 7,96 HR,96,96,11,7,10,11,Pass,Prot/IHC,6,3970,6.2475,9.5,4,Y,1,M,0,BAR,,3,TH06.066,,,,,,,,,,,,,,,,,,10,,,,,,,,,,,,,,,,,,,,,,,
MH944,1944,944,RV 10,24 HR,24,24,11,6,7,11,Pass,Prot/IHC,5,3970,6.6427,9.1,4,Y,1,M,0,BAR,,3,TH06.066,,,,,,,,,,,,,,,,,,10,,,,,,,,,,,,,,,,,,,,,,,
MH945,1945,945,RV 10,48 HR,24,24,11,6,7,11,Pass,Prot/IHC,5,3970,6.7859,8.8,4,NV,0,M,0,BAR,,3,TH06.066,,,,,,,,,,,,,,,,,,10,,,,,,,,,,,,,,,,,,,,,,,
MH946,1946,946,RV 10,96 HR,24,24,11,6,7,11,Pass,Prot/IHC,5,3970,6.7834,8.2,4,NV,0,M,0,BAR,,3,TH06.066,,,,,,,,,,,,,,,,,,10,,,,,,,,,,,,,,,,,,,,,,,
MH947,1947,947,RV 10,48 HR,24,24,11,6,7,11,Pass,Prot/IHC,5,3970,5.4932,7.7,4,NV,0,M,0,BAR,,3,TH06.066,,,,,,,,,,,,,,,,,,10,,,,,,,,,,,,,,,,,,,,,,,
MH948,1948,948,RV 10,24 HR,24,24,11,6,7,11,Pass,Prot/IHC,5,3970,5.8908,9,2,Y,1,F,1,BAR,,3,TH06.066,,,,,,,,,,,,,,,,,,10,,,,,,,,,,,,,,,,,,,,,,,
MH949,1949,949,RV 10,96 HR,24,24,11,6,7,11,Pass,Prot/IHC,5,3970,5.3193,8,2,NV,0,F,1,BAR,,3,TH06.066,,,,,,,,,,,,,,,,,,10,,,,,,,,,,,,,,,,,,,,,,,
MH950,1950,950,RV 10,48 HR,24,24,11,6,7,11,Pass,Prot/IHC,5,3970,5.6782,7.9,2,NV,0,F,1,BAR,,3,TH06.066,,,,,,,,,,,,,,,,,,,,,,,,,,,,,,,,,,,,,,,,,
,,,,,,,,,,,,,,,,,,,,,,,,,,,,,,,,,,,,,,,,,,,,,,,,,,,,,,,,,,,,,,,,,,
MH945,1945,945,RV 10,48 HR,48,48,12,6,8,12,Pass,Prot/IHC,5,3970,7.925,9.8,4,NV,0,M,0,BAR,,3,TH06.066,,,,,,,,,,,,,,,,,,10,,,,,,,,,,,,,,,,,,,,,,,
MH946,1946,946,RV 10,96 HR,48,48,12,6,8,12,Pass,Prot/IHC,5,3970,8.174,9.5,4,NV,0,M,0,BAR,,3,TH06.066,,,,,,,,,,,,,,,,,,10,,,,,,,,,,,,,,,,,,,,,,,
MH947,1947,947,RV 10,48 HR,48,48,12,6,8,12,Pass,Prot/IHC,5,3970,6.567,8.7,4,NV,0,M,0,BAR,,3,TH06.066,,,,,,,,,,,,,,,,,,10,,,,,,,,,,,,,,,,,,,,,,,
MH949,1949,949,RV 10,96 HR,48,48,12,6,8,12,Pass,Prot/IHC,5,3970,6.087,8.9,2,NV,0,F,1,BAR,,3,TH06.066,,,,,,,,,,,,,,,,,,10,,,,,,,,,,,,,,,,,,,,,,,
MH950,1950,950,RV 10,48 HR,48,48,12,6,8,12,Pass,Prot/IHC,5,3970,6.449,9,2.5,NV,0,F,1,BAR,,3,TH06.066,,,,,,,,,,,,,,,,,,,,,,,,,,,,,,,,,,,,,,,,,
,,,,,,,,,,,,,,,,,,,,,,,,,,,,,,,,,,,,,,,,,,,,,,,,,,,,,,,,,,,,,,,,,,
MH946,1946,946,RV 10,96 HR,96,48,14,6,10,14,Pass,Prot/IHC,5,3970,10.3505,11.5,5,NV,0,M,0,BAR,,3,TH06.066,,,,,,,,,,,,,,,,,,10,,,,,,,,,,,,,,,,,,,,,,,
MH949,1949,949,RV 10,96 HR,96,48,14,6,10,14,Pass,Prot/IHC,5,3970,7.7681,10.1,2.5,NV,0,F,1,BAR,,3,TH06.066,,,,,,,,,,,,,,,,,,10,,,,,,,,,,,,,,,,,,,,,,,
,,,,,,,,,,,,,,,,,,,,,,,,,,,,,,,,,,,,,,,,,,,10,,,,,,,,,,,,,,,,,,,,,,,
MH955,1955,955,S/H,48 HR,24,24,10,3,7,10,Pass,Prot/IHC,2,4343,4.9478,7.6,2,NV,0,F,1,BAR,,3,TH06.070,,,,,,,,,,,,,,,,,,10,,,,,,,,,,,,,,,,,,,,,,,
MH956,1956,956,S/H,48 HR,24,24,10,3,7,10,Pass,Prot/IHC,2,4343,5.0541,7.8,4,NV,0,M,0,BAR,,3,TH06.070,,,,,,,,,,,,,,,,,,10,,,,,,,,,,,,,,,,,,,,,,,
MH957,1957,957,S/H,48 HR,24,24,10,3,7,10,Pass,Prot/IHC,2,4343,5.0078,7.9,4,NV,0,M,0,BAR,,3,TH06.070,,,,,,,,,,,,,,,,,,10,,,,,,,,,,,,,,,,,,,,,,,
MH958,1958,958,S/H,48 HR,24,24,10,3,7,10,Pass,Prot/IHC,2,4343,5.0316,7.8,2,NV,0,F,1,BAR,,3,TH06.070,,,,,,,,,,,,,,,,,,10,,,,,,,,,,,,,,,,,,,,,,,
MH959,1959,959,S/H,48 HR,24,24,10,3,7,10,Pass,Prot/IHC,2,4343,4.7338,7.7,2,NV,0,F,1,BAR,,3,TH06.070,,,,,,,,,,,,,,,,,,10,,,,,,,,,,,,,,,,,,,,,,,
MH960,1960,960,S/H,48 HR,24,24,10,3,7,10,Pass,Prot/IHC,2,4343,5.0389,7.9,2,NV,0,F,1,BAR,,3,TH06.070,,,,,,,,,,,,,,,,,,10,,,,,,,,,,,,,,,,,,,,,,,
MH961,1961,961,S/H,48 HR,24,24,10,3,7,10,Pass,Prot/IHC,2,4343,5.1976,8.1,4,NV,0,M,0,BAR,,3,TH06.070,,,,,,,,,,,,,,,,,,10,,,,,,,,,,,,,,,,,,,,,,,
MH962,1962,962,S/H,48 HR,24,24,10,3,7,10,Pass,Prot/IHC,2,4345,3.3999,6.7,2,NV,0,F,1,BAR,,3,TH06.070,,,,,,,,,,,,,,,,,,10,,,,,,,,,,,,,,,,,,,,,,,
MH963,1963,963,S/H,48 HR,24,24,10,3,7,10,Pass,Prot/IHC,2,4345,4.7189,7.4,2,NV,0,F,1,BAR,,3,TH06.070,,,,,,,,,,,,,,,,,,10,,,,,,,,,,,,,,,,,,,,,,,
MH964,1964,964,S/H,48 HR,24,24,10,3,7,10,Pass,Prot/IHC,2,4345,4.892,7.8,4,NV,0,M,0,BAR,,3,TH06.070,,,,,,,,,,,,,,,,,,10,,,,,,,,,,,,,,,,,,,,,,,
MH965,1965,965,S/H,96 HR,24,24,10,3,7,10,Pass,Prot/IHC,2,4345,4.5492,7.5,2,NV,0,F,1,BAR,,3,TH06.070,,,,,,,,,,,,,,,,,,10,,,,,,,,,,,,,,,,,,,,,,,
MH966,1966,966,S/H,96 HR,24,24,10,3,7,10,Pass,Prot/IHC,2,4345,4.5568,7.9,4,NV,0,M,0,BAR,,3,TH06.070,,,,,,,,,,,,,,,,,,10,,,,,,,,,,,,,,,,,,,,,,,
MH967,1967,967,L/H,48 HR,24,24,10,2,7,10,Pass,Prot/IHC,4,4345,4.3642,8.2,2,NV,0,F,1,BAR,,3,TH06.070,,,,,,,,,,,,,,,,,,10,,,,,,,,,,,,,,,,,,,,,,,
MH968,1968,968,S/H,24 HR,24,24,10,3,7,10,Pass,Prot/IHC,2,4345,4.0213,7.7,4,Y,1,F,1,BAR,,3,TH06.070,,,,,,,,,,,,,,,,,,10,,,,,,,,,,,,,,,,,,,,,,,
MH969,1969,969,S/H,24 HR,24,24,10,3,7,10,Pass,Prot/IHC,2,4345,3.9269,7,2,Y,1,M,0,BAR,,3,TH06.070,,,,,,,,,,,,,,,,,,10,,,,,,,,,,,,,,,,,,,,,,,
MH970,1970,970,L/N,24 HR,24,24,10,4,7,10,Pass,Prot/IHC,3,4346,6.7478,8.9,4,NV,0,M,0,BAR,,3,TH06.070,,,,,,,,,,,,,,,,,,10,,,,,,,,,,,,,,,,,,,,,,,
MH971,1971,971,L/N,48 HR,24,24,10,4,7,10,Pass,Prot/IHC,3,4346,6.3428,8.1,2,NV,0,F,1,BAR,,3,TH06.070,,,,,,,,,,,,,,,,,,10,,,,,,,,,,,,,,,,,,,,,,,
MH972,1972,972,L/N,48 HR,24,24,10,4,7,10,Pass,Prot/IHC,3,4346,7.3462,8.9,4,NV,0,M,0,BAR,,3,TH06.070,,,,,,,,,,,,,,,,,,10,,,,,,,,,,,,,,,,,,,,,,,
MH973,1973,973,L/N,48 HR,24,24,10,4,7,10,Pass,Prot/IHC,3,4346,7.002,8.7,2,NV,0,F,1,BAR,,3,TH06.070,,,,,,,,,,,,,,,,,,10,,,,,,,,,,,,,,,,,,,,,,,
MH974,1974,974,S/N,48 HR,24,24,10,5,7,10,Pass,Prot/IHC,1,4346,7.3869,9.1,4,NV,0,M,0,BAR,,3,TH06.070,,,,,,,,,,,,,,,,,,10,,,,,,,,,,,,,,,,,,,,,,,
MH975,1975,975,S/N,48 HR,24,24,10,5,7,10,Pass,Prot/IHC,1,4346,7.3103,8.7,2,NV,0,F,1,BAR,,3,TH06.070,,,,,,,,,,,,,,,,,,10,,,,,,,,,,,,,,,,,,,,,,,
,,,,,,,,,,,,,,,,,,,,,,,,,,,,,,,,,,,,,,,,,,,10,,,,,,,,,,,,,,,,,,,,,,,
MH955,1955,955,S/H,48 HR,48,48,11,3,8,11,Pass,Prot/IHC,2,4343,5.521,9.2,2.5,Y,1,F,1,BAR,,3,TH06.070,,,,,,,,,,,,,,,,,,10,,,,,,,,,,,,,,,,,,,,,,,
MH956,1956,956,S/H,48 HR,48,48,11,3,8,11,Pass,Prot/IHC,2,4343,5.525,9.2,4,Y,1,M,0,BAR,,3,TH06.070,,,,,,,,,,,,,,,,,,10,,,,,,,,,,,,,,,,,,,,,,,
MH957,1957,957,S/H,48 HR,48,48,11,3,8,11,Pass,Prot/IHC,2,4343,5.467,9.1,4,Y,1,M,0,BAR,,3,TH06.070,,,,,,,,,,,,,,,,,,10,,,,,,,,,,,,,,,,,,,,,,,
MH958,1958,958,S/H,48 HR,48,48,11,3,8,11,Pass,Prot/IHC,2,4343,5.558,9,2,Y,1,F,1,BAR,,3,TH06.070,,,,,,,,,,,,,,,,,,10,,,,,,,,,,,,,,,,,,,,,,,
MH959,1959,959,S/H,48 HR,48,48,11,3,8,11,Pass,Prot/IHC,2,4343,5.257,8.9,2.5,Y,1,F,1,BAR,,3,TH06.070,,,,,,,,,,,,,,,,,,10,,,,,,,,,,,,,,,,,,,,,,,
MH960,1960,960,S/H,48 HR,48,48,11,3,8,11,Pass,Prot/IHC,2,4343,5.655,8.9,2,Y,1,F,1,BAR,,3,TH06.070,,,,,,,,,,,,,,,,,,10,,,,,,,,,,,,,,,,,,,,,,,
MH961,1961,961,S/H,48 HR,48,48,11,3,8,11,Pass,Prot/IHC,2,4343,5.704,9.3,4,Y,1,M,0,BAR,,3,TH06.070,,,,,,,,,,,,,,,,,,10,,,,,,,,,,,,,,,,,,,,,,,
MH962,1962,962,S/H,48 HR,48,48,11,3,8,11,Pass,Prot/IHC,2,4345,3.919,7.7,1.5,Y,1,F,1,QAR,,3,TH06.070,,,,,,,,,,,,,,,,,,10,,,,,,,,,,,,,,,,,,,,,,,
MH963,1963,963,S/H,48 HR,48,48,11,3,8,11,Pass,Prot/IHC,2,4345,5.54,8.4,2,Y,1,F,1,BAR,,3,TH06.070,,,,,,,,,,,,,,,,,,10,,,,,,,,,,,,,,,,,,,,,,,
MH964,1964,964,S/H,48 HR,48,48,11,3,8,11,Pass,Prot/IHC,2,4345,5.713,8.6,4,Y,1,M,0,QAR,,3,TH06.070,,,,,,,,,,,,,,,,,,10,,,,,,,,,,,,,,,,,,,,,,,
MH965,1965,965,S/H,96 HR,48,48,11,3,8,11,Pass,Prot/IHC,2,4345,5.495,8.5,2,NV,0,F,1,QAR,,3,TH06.070,,,,,,,,,,,,,,,,,,10,,,,,,,,,,,,,,,,,,,,,,,
MH966,1966,966,S/H,96 HR,48,48,11,3,8,11,Pass,Prot/IHC,2,4345,5.167,7.9,4,NV,0,M,0,BAR,,3,TH06.070,,,,,,,,,,,,,,,,,,10,,,,,,,,,,,,,,,,,,,,,,,
MH967,1967,967,L/H,48 HR,48,48,11,2,8,11,Pass,Prot/IHC,4,4345,4.68,8.2,2,Y,1,F,1,BAR,,3,TH06.070,,,,,,,,,,,,,,,,,,10,,,,,,,,,,,,,,,,,,,,,,,
MH970,1970,970,L/N,24 HR,48,48,11,4,8,11,Pass,Prot/IHC,3,4346,7.006,9.5,4.5,Y,1,M,0,BAR,,3,TH06.070,,,,,,,,,,,,,,,,,,10,,,,,,,,,,,,,,,,,,,,,,,
MH971,1971,971,L/N,48 HR,48,48,11,4,8,11,Pass,Prot/IHC,3,4346,6.694,9.5,2,Y,1,F,1,BAR,,3,TH06.070,,,,,,,,,,,,,,,,,,10,,,,,,,,,,,,,,,,,,,,,,,
MH972,1972,972,L/N,48 HR,48,48,11,4,8,11,Pass,Prot/IHC,3,4346,7.706,9.9,5,Y,1,M,0,BAR,,3,TH06.070,,,,,,,,,,,,,,,,,,10,,,,,,,,,,,,,,,,,,,,,,,
MH973,1973,973,L/N,48 HR,48,48,11,4,8,11,Pass,Prot/IHC,3,4346,7.046,9.8,2.5,Y,1,F,1,BAR,,3,TH06.070,,,,,,,,,,,,,,,,,,10,,,,,,,,,,,,,,,,,,,,,,,
MH974,1974,974,S/N,48 HR,48,48,11,5,8,11,Pass,Prot/IHC,1,4346,7.6,9.7,4,Y,1,M,0,BAR,,3,TH06.070,,,,,,,,,,,,,,,,,,10,,,,,,,,,,,,,,,,,,,,,,,
MH975,1975,975,S/N,48 HR,48,48,11,5,8,11,Pass,Prot/IHC,1,4346,7.691,9.7,2,Y,1,F,1,BAR,,3,TH06.070,,,,,,,,,,,,,,,,,,10,,,,,,,,,,,,,,,,,,,,,,,
,,,,,,,,,,,,,,,,,,,,,,,,,,,,,,,,,,,,,,,,,,,,,,,,,,,,,,,,,,,,,,,,,,
MH965,1965,965,S/H,96 HR,96,96,13,3,10,13,Pass,Prot/IHC,2,4345,7.6832,9.5,2,NV,0,F,1,BAR,,3,TH06.070,,,,,,,,,,,,,,,,,,10,,,,,,,,,,,,,,,,,,,,,,,
MH966,1966,966,S/H,96 HR,96,96,13,3,10,13,Pass,Prot/IHC,2,4345,7.2389,9.4,4,NV,0,M,0,BAR,,3,TH06.070,,,,,,,,,,,,,,,,,,10,,,,,,,,,,,,,,,,,,,,,,,
,,,,,,,,,,,,,,,,,,,,,,,,,,,,,,,,,,,,,,,,,,,,,,,,,,,,,,,,,,,,,,,,,,
MH980,1980,980,N,48 HR,24,0,10,8,7,10,Pass,IHC,0,3970,6.0287,8.4,2,NV,0,F,1,BAR,,3,TH06.078,,,,,,,,,,,,,,,,,,10,,,,,,,,,,,,,,,,,,,,,,,
MH981,1981,981,N,48 HR,24,0,10,8,7,10,Pass,IHC,0,3970,4.6821,7.5,2,NV,0,F,1,BAR,,3,TH06.078,,,,,,,,,,,,,,,,,,10,,,,,,,,,,,,,,,,,,,,,,,
MH982,1982,982,N,48 HR,24,0,10,8,7,10,Pass,IHC,0,3970,6.0463,8.3,4,NV,0,M,0,BAR,,3,TH06.078,,,,,,,,,,,,,,,,,,10,,,,,,,,,,,,,,,,,,,,,,,
MH983,1983,983,RV 10,48 HR,0,0,10,6,6,10,Pass,IHC,?,3970,5.2813,8,2,NV,0,F,1,BAR,,3,TH06.078,,,,,,,,,,,,,,,,,,10,,,,,,,,,,,,,,,,,,,,,,,
MH984-N,1984,984,RV 10,48 HR,0,0,10,6,6,10,Pass,IHC,?,3970,4.666,7.2,2,NV,0,F,1,BAR,,3,TH06.078,,,,,,,,,,,,,,,,,,10,,,,,,,,,,,,,,,,,,,,,,,
MH985,1985,985,N,48 HR,24,0,10,8,7,10,Pass,IHC,0,3970,4.8692,7.3,4,NV,0,M,0,BAR,,3,TH06.078,,,,,,,,,,,,,,,,,,10,,,,,,,,,,,,,,,,,,,,,,,
MH986,1986,986,RV 10,48 HR,0,0,10,6,6,10,Pass,IHC,?,3970,5.2793,7.6,4,NV,0,M,0,BAR,,3,TH06.078,,,,,,,,,,,,,,,,,,10,,,,,,,,,,,,,,,,,,,,,,,
MH987,1987,987,RV 10,48 HR,0,0,10,6,6,10,Pass,IHC,?,3970,5.8405,8,4,NV,0,M,0,BAR,,3,TH06.078,,,,,,,,,,,,,,,,,,10,,,,,,,,,,,,,,,,,,,,,,,
MH988-N,1988,988,RV 10,48 HR,0,0,10,6,6,10,Pass,IHC,?,3970,4.9321,7.8,2,NV,0,F,1,BAR,,3,TH06.078,,,,,,,,,,,,,,,,,,10,,,,,,,,,,,,,,,,,,,,,,,
MH989,1989,989,RV 10,48 HR,0,0,10,6,6,10,Pass,IHC,?,3970,5.0421,7.7,2,NV,0,F,1,BAR,,3,TH06.078,,,,,,,,,,,,,,,,,,10,,,,,,,,,,,,,,,,,,,,,,,
MH989-XII-N,1989-XII,989-XII,RV 10,48 HR,0,0,10,6,6,10,Pass,IHC,?,3970,4.6982,8,2,NV,,F,1,BAR,,,,,,,,,,,,,,,,,,,,,10,,,,,,,,,,,,,,,,,,,,,,,
,,,,,,,,,,,,,,,,,,,,,,,,,TH06.078,,,,,,,,,,,,,,,,,,,,,,,,,,,,,,,,,,,,,,,,,
MH980,1980,980,N,48 HR,72,48,12,8,9,12,Pass,IHC,0,3970,7.1796,9.6,2,Y,1,F,1,BAR,,3,TH06.078,,,,,,,,,,,,,,,,,,10,,,,,,,,,,,,,,,,,,,,,,,
MH981,1981,981,N,48 HR,72,48,12,8,9,12,Pass,IHC,0,3970,6,8.6,2,Y,1,F,1,BAR,,3,TH06.078,,,,,,,,,,,,,,,,,,10,,,,,,,,,,,,,,,,,,,,,,,
MH982,1982,982,N,48 HR,72,48,12,8,9,12,Pass,IHC,0,3970,7.1125,9.7,4,Y,1,M,0,BAR,,3,TH06.078,,,,,,,,,,,,,,,,,,10,,,,,,,,,,,,,,,,,,,,,,,
MH983,1983,983,RV 10,48 HR,48,48,12,6,8,12,Pass,IHC,?,3970,5.8479,9,2,Y,1,F,1,BAR,,3,TH06.078,,,,,,,,,,,,,,,,,,10,,,,,,,,,,,,,,,,,,,,,,,
MH984,1984,984,RV 10,48 HR,48,48,12,6,8,12,Pass,IHC,?,3970,5.9536,8.5,4,Y,1,M,0,BAR,,3,TH06.078,,,,,,,,,,,,,,,,,,10,,,,,,,,,,,,,,,,,,,,,,,
MH985,1985,985,N,48 HR,72,48,12,8,9,12,Pass,IHC,0,3970,5.8196,8.6,4,Y,1,M,0,BAR,,3,TH06.078,,,,,,,,,,,,,,,,,,10,,,,,,,,,,,,,,,,,,,,,,,
MH986,1986,986,RV 10,48 HR,48,48,12,6,8,12,Pass,IHC,?,3970,6.5653,9.4,4,Y,1,M,0,BAR,,3,TH06.078,,,,,,,,,,,,,,,,,,10,,,,,,,,,,,,,,,,,,,,,,,
MH987,1987,987,RV 10,48 HR,48,48,12,6,8,12,Pass,IHC,?,3970,4.47859,8,2,Y,1,F,1,BAR,,3,TH06.078,,,,,,,,,,,,,,,,,,10,,,,,,,,,,,,,,,,,,,,,,,
MH988,1988,988,RV 10,48 HR,48,48,12,6,8,12,Pass,IHC,?,3970,4.7701,8.9,2,Y,1,F,1,BAR,,3,TH06.078,,,,,,,,,,,,,,,,,,10,,,,,,,,,,,,,,,,,,,,,,,
MH989,1989,989,RV 10,48 HR,48,48,12,6,8,12,Pass,IHC,?,3970,5.8278,8.5,2,Y,1,F,1,BAR,,3,TH06.078,,,,,,,,,,,,,,,,,,10,,,,,,,,,,,,,,,,,,,,,,,
,,,,,,,,,,,,,,,,,,,,,,,,,TH06.078,,,,,,,,,,,,,,,,,,,,,,,,,,,,,,,,,,,,,,,,,
MH990,1990,990,, HR,,,,#N/A,6,#N/A,#N/A,,,,,,,,,,,,,,,,,,,,,,,,,,,,,,,,,,,,,,,,,,,,,,,,,,,,,,,
MH991,1991,991,, HR,,,,#N/A,6,#N/A,#N/A,,,,,,,,,,,,,,,,,,,,,,,,,,,,,,,,,,,,,,,,,,,,,,,,,,,,,,,
MH992,1992,992,, HR,,,,#N/A,6,#N/A,#N/A,,,,,,,,,,,,,,,,,,,,,,,,,,,,,,,,,,,,,,,,,,,,,,,,,,,,,,,
MH993,1993,993,, HR,,,,#N/A,6,#N/A,#N/A,,,,,,,,,,,,,,,,,,,,,,,,,,,,,,,,,,,,,,,,,,,,,,,,,,,,,,,
MH994,1994,994,, HR,,,,#N/A,6,#N/A,#N/A,,,,,,,,,,,,,,,,,,,,,,,,,,,,,,,,,,,,,,,,,,,,,,,,,,,,,,,
MH995,1995,995,, HR,,,,#N/A,6,#N/A,#N/A,,,,,,,,,,,,,,,,,,,,,,,,,,,,,,,,,,,,,,,,,,,,,,,,,,,,,,,
MH996,1996,996,, HR,,,,#N/A,6,#N/A,#N/A,,,,,,,,,,,,,,,,,,,,,,,,,,,,,,,,,,,,,,,,,,,,,,,,,,,,,,,
MH997,1997,997,, HR,,,,#N/A,6,#N/A,#N/A,,,,,,,,,,,,,,,,,,,,,,,,,,,,,,,,,,,,,,,,,,,,,,,,,,,,,,,
MH998,1998,998,, HR,,,,#N/A,6,#N/A,#N/A,,,,,,,,,,,,,,,,,,,,,,,,,,,,,,,,,,,,,,,,,,,,,,,,,,,,,,,
MH999,1999,999,, HR,,,,#N/A,6,#N/A,#N/A,,,,,,,,,,,,,,,,,,,,,,,,,,,,,,,,,,,,,,,,,,,,,,,,,,,,,,,
,,,,,,,,#N/A,6,#N/A,#N/A,,,,,,,,,,,,,,,,,,,,,,,,,,,,,,,,,,,,,,,,,,,,,,,,,,,,,,,
,,,,,,,,#N/A,6,#N/A,#N/A,,,,,,,,,,,,,,,,,,,,,,,,,,,,,,,,,,,,,,,,,,,,,,,,,,,,,,,
,,,,,,,,#N/A,6,#N/A,#N/A,,,,,,,,,,,,,,,,,,,,,,,,,,,,,,,,,,,,,,,,,,,,,,,,,,,,,,,
,,,,,,,,#N/A,6,#N/A,#N/A,,,,,,,,,,,,,,,,,,,,,,,,,,,,,,,,,,,,,,,,,,,,,,,,,,,,,,,
,,,,,,,,#N/A,6,#N/A,#N/A,,,,,,,,,,,,,,,,,,,,,,,,,,,,,,,,,,,,,,,,,,,,,,,,,,,,,,,
,,,,,,,,#N/A,6,#N/A,#N/A,,,,,,,,,,,,,,,,,,,,,,,,,,,,,,,,,,,,,,,,,,,,,,,,,,,,,,,
,,,,,,,,#N/A,6,#N/A,#N/A,,,,,,,,,,,,,,,,,,,,,,,,,,,,,,,,,,,,,,,,,,,,,,,,,,,,,,,
,,,,,,,,#N/A,6,#N/A,#N/A,,,,,,,,,,,,,,,,,,,,,,,,,,,,,,,,,,,,,,,,,,,,,,,,,,,,,,,
,,,,,,,,#N/A,6,#N/A,#N/A,,,,,,,,,,,,,,,,,,,,,,,,,,,,,,,,,,,,,,,,,,,,,,,,,,,,,,,
,,,,,,,,#N/A,6,#N/A,#N/A,,,,,,,,,,,,,,,,,,,,,,,,,,,,,,,,,,,,,,,,,,,,,,,,,,,,,,,
,,,,,,,,#N/A,6,#N/A,#N/A,,,,,,,,,,,,,,,,,,,,,,,,,,,,,,,,,,,,,,,,,,,,,,,,,,,,,,,
,,,,,,,,#N/A,6,#N/A,#N/A,,,,,,,,,,,,,,,,,,,,,,,,,,,,,,,,,,,,,,,,,,,,,,,,,,,,,,,
,,,,,,,,#N/A,6,#N/A,#N/A,,,,,,,,,,,,,,,,,,,,,,,,,,,,,,,,,,,,,,,,,,,,,,,,,,,,,,,
,,,,,,,,#N/A,6,#N/A,#N/A,,,,,,,,,,,,,,,,,,,,,,,,,,,,,,,,,,,,,,,,,,,,,,,,,,,,,,,
,,,,,,,,#N/A,6,#N/A,#N/A,,,,,,,,,,,,,,,,,,,,,,,,,,,,,,,,,,,,,,,,,,,,,,,,,,,,,,,
,,,,,,,,#N/A,6,#N/A,#N/A,,,,,,,,,,,,,,,,,,,,,,,,,,,,,,,,,,,,,,,,,,,,,,,,,,,,,,,
,,,,,,,,#N/A,6,#N/A,#N/A,,,,,,,,,,,,,,,,,,,,,,,,,,,,,,,,,,,,,,,,,,,,,,,,,,,,,,,
,,,,,,,,#N/A,6,#N/A,#N/A,,,,,,,,,,,,,,,,,,,,,,,,,,,,,,,,,,,,,,,,,,,,,,,,,,,,,,,
,,,,,,,,#N/A,6,#N/A,#N/A,,,,,,,,,,,,,,,,,,,,,,,,,,,,,,,,,,,,,,,,,,,,,,,,,,,,,,,
,,,,,,,,#N/A,6,#N/A,#N/A,,,,,,,,,,,,,,,,,,,,,,,,,,,,,,,,,,,,,,,,,,,,,,,,,,,,,,,
,,,,,,,,#N/A,6,#N/A,#N/A,,,,,,,,,,,,,,,,,,,,,,,,,,,,,,,,,,,,,,,,,,,,,,,,,,,,,,,
,,,,,,,,#N/A,6,#N/A,#N/A,,,,,,,,,,,,,,,,,,,,,,,,,,,,,,,,,,,,,,,,,,,,,,,,,,,,,,,
,,,,,,,,#N/A,6,#N/A,#N/A,,,,,,,,,,,,,,,,,,,,,,,,,,,,,,,,,,,,,,,,,,,,,,,,,,,,,,,
,,,,,,,,#N/A,6,#N/A,#N/A,,,,,,,,,,,,,,,,,,,,,,,,,,,,,,,,,,,,,,,,,,,,,,,,,,,,,,,
,,,,,,,,#N/A,6,#N/A,#N/A,,,,,,,,,,,,,,,,,,,,,,,,,,,,,,,,,,,,,,,,,,,,,,,,,,,,,,,
,,,,,,,,#N/A,6,#N/A,#N/A,,,,,,,,,,,,,,,,,,,,,,,,,,,,,,,,,,,,,,,,,,,,,,,,,,,,,,,
,,,,,,,,#N/A,6,#N/A,#N/A,,,,,,,,,,,,,,,,,,,,,,,,,,,,,,,,,,,,,,,,,,,,,,,,,,,,,,,
,,,,,,,,#N/A,6,#N/A,#N/A,,,,,,,,,,,,,,,,,,,,,,,,,,,,,,,,,,,,,,,,,,,,,,,,,,,,,,,
,,,,,,,,#N/A,6,#N/A,#N/A,,,,,,,,,,,,,,,,,,,,,,,,,,,,,,,,,,,,,,,,,,,,,,,,,,,,,,,
,,,,,,,,#N/A,6,#N/A,#N/A,,,,,,,,,,,,,,,,,,,,,,,,,,,,,,,,,,,,,,,,,,,,,,,,,,,,,,,
,,,,,,,,#N/A,6,#N/A,#N/A,,,,,,,,,,,,,,,,,,,,,,,,,,,,,,,,,,,,,,,,,,,,,,,,,,,,,,,
,,,,,,,,#N/A,6,#N/A,#N/A,,,,,,,,,,,,,,,,,,,,,,,,,,,,,,,,,,,,,,,,,,,,,,,,,,,,,,,
,,,,,,,,#N/A,6,#N/A,#N/A,,,,,,,,,,,,,,,,,,,,,,,,,,,,,,,,,,,,,,,,,,,,,,,,,,,,,,,
,,,,,,,,#N/A,6,#N/A,#N/A,,,,,,,,,,,,,,,,,,,,,,,,,,,,,,,,,,,,,,,,,,,,,,,,,,,,,,,
,,,,,,,,#N/A,6,#N/A,#N/A,,,,,,,,,,,,,,,,,,,,,,,,,,,,,,,,,,,,,,,,,,,,,,,,,,,,,,,
,,,,,,,,#N/A,6,#N/A,#N/A,,,,,,,,,,,,,,,,,,,,,,,,,,,,,,,,,,,,,,,,,,,,,,,,,,,,,,,
,,,,,,,,#N/A,6,#N/A,#N/A,,,,,,,,,,,,,,,,,,,,,,,,,,,,,,,,,,,,,,,,,,,,,,,,,,,,,,,
,,,,,,,,#N/A,6,#N/A,#N/A,,,,,,,,,,,,,,,,,,,,,,,,,,,,,,,,,,,,,,,,,,,,,,,,,,,,,,,
,,,,,,,,#N/A,6,#N/A,#N/A,,,,,,,,,,,,,,,,,,,,,,,,,,,,,,,,,,,,,,,,,,,,,,,,,,,,,,,
,,,,,,,,#N/A,6,#N/A,#N/A,,,,,,,,,,,,,,,,,,,,,,,,,,,,,,,,,,,,,,,,,,,,,,,,,,,,,,,
,,,,,,,,#N/A,6,#N/A,#N/A,,,,,,,,,,,,,,,,,,,,,,,,,,,,,,,,,,,,,,,,,,,,,,,,,,,,,,,
,,,,,,,,#N/A,6,#N/A,#N/A,,,,,,,,,,,,,,,,,,,,,,,,,,,,,,,,,,,,,,,,,,,,,,,,,,,,,,,
,,,,,,,,#N/A,6,#N/A,#N/A,,,,,,,,,,,,,,,,,,,,,,,,,,,,,,,,,,,,,,,,,,,,,,,,,,,,,,,
,,,,,,,,#N/A,6,#N/A,#N/A,,,,,,,,,,,,,,,,,,,,,,,,,,,,,,,,,,,,,,,,,,,,,,,,,,,,,,,
,,,,,,,,#N/A,6,#N/A,#N/A,,,,,,,,,,,,,,,,,,,,,,,,,,,,,,,,,,,,,,,,,,,,,,,,,,,,,,,
,,,,,,,,#N/A,6,#N/A,#N/A,,,,,,,,,,,,,,,,,,,,,,,,,,,,,,,,,,,,,,,,,,,,,,,,,,,,,,,
,,,,,,,,#N/A,6,#N/A,#N/A,,,,,,,,,,,,,,,,,,,,,,,,,,,,,,,,,,,,,,,,,,,,,,,,,,,,,,,
,,,,,,,,#N/A,6,#N/A,#N/A,,,,,,,,,,,,,,,,,,,,,,,,,,,,,,,,,,,,,,,,,,,,,,,,,,,,,,,
,,,,,,,,#N/A,6,#N/A,#N/A,,,,,,,,,,,,,,,,,,,,,,,,,,,,,,,,,,,,,,,,,,,,,,,,,,,,,,,
,,,,,,,,#N/A,6,#N/A,#N/A,,,,,,,,,,,,,,,,,,,,,,,,,,,,,,,,,,,,,,,,,,,,,,,,,,,,,,,
,,,,,,,,#N/A,6,#N/A,#N/A,,,,,,,,,,,,,,,,,,,,,,,,,,,,,,,,,,,,,,,,,,,,,,,,,,,,,,,
,,,,,,,,#N/A,6,#N/A,#N/A,,,,,,,,,,,,,,,,,,,,,,,,,,,,,,,,,,,,,,,,,,,,,,,,,,,,,,,
,,,,,,,,#N/A,6,#N/A,#N/A,,,,,,,,,,,,,,,,,,,,,,,,,,,,,,,,,,,,,,,,,,,,,,,,,,,,,,,
,,,,,,,,#N/A,6,#N/A,#N/A,,,,,,,,,,,,,,,,,,,,,,,,,,,,,,,,,,,,,,,,,,,,,,,,,,,,,,,
,,,,,,,,#N/A,6,#N/A,#N/A,,,,,,,,,,,,,,,,,,,,,,,,,,,,,,,,,,,,,,,,,,,,,,,,,,,,,,,
,,,,,,,,#N/A,6,#N/A,#N/A,,,,,,,,,,,,,,,,,,,,,,,,,,,,,,,,,,,,,,,,,,,,,,,,,,,,,,,
,,,,,,,,#N/A,6,#N/A,#N/A,,,,,,,,,,,,,,,,,,,,,,,,,,,,,,,,,,,,,,,,,,,,,,,,,,,,,,,
,,,,,,,,#N/A,6,#N/A,#N/A,,,,,,,,,,,,,,,,,,,,,,,,,,,,,,,,,,,,,,,,,,,,,,,,,,,,,,,
,,,,,,,,#N/A,6,#N/A,#N/A,,,,,,,,,,,,,,,,,,,,,,,,,,,,,,,,,,,,,,,,,,,,,,,,,,,,,,,
,,,,,,,,#N/A,6,#N/A,#N/A,,,,,,,,,,,,,,,,,,,,,,,,,,,,,,,,,,,,,,,,,,,,,,,,,,,,,,,
,,,,,,,,#N/A,6,#N/A,#N/A,,,,,,,,,,,,,,,,,,,,,,,,,,,,,,,,,,,,,,,,,,,,,,,,,,,,,,,
,,,,,,,,#N/A,6,#N/A,#N/A,,,,,,,,,,,,,,,,,,,,,,,,,,,,,,,,,,,,,,,,,,,,,,,,,,,,,,,
,,,,,,,,#N/A,6,#N/A,#N/A,,,,,,,,,,,,,,,,,,,,,,,,,,,,,,,,,,,,,,,,,,,,,,,,,,,,,,,
,,,,,,,,#N/A,6,#N/A,#N/A,,,,,,,,,,,,,,,,,,,,,,,,,,,,,,,,,,,,,,,,,,,,,,,,,,,,,,,
,,,,,,,,#N/A,6,#N/A,#N/A,,,,,,,,,,,,,,,,,,,,,,,,,,,,,,,,,,,,,,,,,,,,,,,,,,,,,,,
,,,,,,,,#N/A,6,#N/A,#N/A,,,,,,,,,,,,,,,,,,,,,,,,,,,,,,,,,,,,,,,,,,,,,,,,,,,,,,,
,,,,,,,,#N/A,6,#N/A,#N/A,,,,,,,,,,,,,,,,,,,,,,,,,,,,,,,,,,,,,,,,,,,,,,,,,,,,,,,
,,,,,,,,#N/A,6,#N/A,#N/A,,,,,,,,,,,,,,,,,,,,,,,,,,,,,,,,,,,,,,,,,,,,,,,,,,,,,,,
,,,,,,,,#N/A,6,#N/A,#N/A,,,,,,,,,,,,,,,,,,,,,,,,,,,,,,,,,,,,,,,,,,,,,,,,,,,,,,,
,,,,,,,,#N/A,6,#N/A,#N/A,,,,,,,,,,,,,,,,,,,,,,,,,,,,,,,,,,,,,,,,,,,,,,,,,,,,,,,
,,,,,,,,#N/A,6,#N/A,#N/A,,,,,,,,,,,,,,,,,,,,,,,,,,,,,,,,,,,,,,,,,,,,,,,,,,,,,,,
,,,,,,,,#N/A,6,#N/A,#N/A,,,,,,,,,,,,,,,,,,,,,,,,,,,,,,,,,,,,,,,,,,,,,,,,,,,,,,,
,,,,,,,,#N/A,6,#N/A,#N/A,,,,,,,,,,,,,,,,,,,,,,,,,,,,,,,,,,,,,,,,,,,,,,,,,,,,,,,
,,,,,,,,#N/A,6,#N/A,#N/A,,,,,,,,,,,,,,,,,,,,,,,,,,,,,,,,,,,,,,,,,,,,,,,,,,,,,,,
,,,,,,,,#N/A,6,#N/A,#N/A,,,,,,,,,,,,,,,,,,,,,,,,,,,,,,,,,,,,,,,,,,,,,,,,,,,,,,,
,,,,,,,,#N/A,6,#N/A,#N/A,,,,,,,,,,,,,,,,,,,,,,,,,,,,,,,,,,,,,,,,,,,,,,,,,,,,,,,
,,,,,,,,#N/A,6,#N/A,#N/A,,,,,,,,,,,,,,,,,,,,,,,,,,,,,,,,,,,,,,,,,,,,,,,,,,,,,,,
,,,,,,,,#N/A,6,#N/A,#N/A,,,,,,,,,,,,,,,,,,,,,,,,,,,,,,,,,,,,,,,,,,,,,,,,,,,,,,,
,,,,,,,,#N/A,6,#N/A,#N/A,,,,,,,,,,,,,,,,,,,,,,,,,,,,,,,,,,,,,,,,,,,,,,,,,,,,,,,
,,,,,,,,#N/A,6,#N/A,#N/A,,,,,,,,,,,,,,,,,,,,,,,,,,,,,,,,,,,,,,,,,,,,,,,,,,,,,,,
,,,,,,,,#N/A,6,#N/A,#N/A,,,,,,,,,,,,,,,,,,,,,,,,,,,,,,,,,,,,,,,,,,,,,,,,,,,,,,,
,,,,,,,,#N/A,6,#N/A,#N/A,,,,,,,,,,,,,,,,,,,,,,,,,,,,,,,,,,,,,,,,,,,,,,,,,,,,,,,
,,,,,,,,#N/A,6,#N/A,#N/A,,,,,,,,,,,,,,,,,,,,,,,,,,,,,,,,,,,,,,,,,,,,,,,,,,,,,,,
,,,,,,,,#N/A,6,#N/A,#N/A,,,,,,,,,,,,,,,,,,,,,,,,,,,,,,,,,,,,,,,,,,,,,,,,,,,,,,,
,,,,,,,,#N/A,6,#N/A,#N/A,,,,,,,,,,,,,,,,,,,,,,,,,,,,,,,,,,,,,,,,,,,,,,,,,,,,,,,
,,,,,,,,#N/A,6,#N/A,#N/A,,,,,,,,,,,,,,,,,,,,,,,,,,,,,,,,,,,,,,,,,,,,,,,,,,,,,,,
,,,,,,,,#N/A,6,#N/A,#N/A,,,,,,,,,,,,,,,,,,,,,,,,,,,,,,,,,,,,,,,,,,,,,,,,,,,,,,,
,,,,,,,,#N/A,6,#N/A,#N/A,,,,,,,,,,,,,,,,,,,,,,,,,,,,,,,,,,,,,,,,,,,,,,,,,,,,,,,
,,,,,,,,#N/A,6,#N/A,#N/A,,,,,,,,,,,,,,,,,,,,,,,,,,,,,,,,,,,,,,,,,,,,,,,,,,,,,,,
,,,,,,,,#N/A,6,#N/A,#N/A,,,,,,,,,,,,,,,,,,,,,,,,,,,,,,,,,,,,,,,,,,,,,,,,,,,,,,,
,,,,,,,,#N/A,6,#N/A,#N/A,,,,,,,,,,,,,,,,,,,,,,,,,,,,,,,,,,,,,,,,,,,,,,,,,,,,,,,
,,,,,,,,#N/A,6,#N/A,#N/A,,,,,,,,,,,,,,,,,,,,,,,,,,,,,,,,,,,,,,,,,,,,,,,,,,,,,,,
,,,,,,,,#N/A,6,#N/A,#N/A,,,,,,,,,,,,,,,,,,,,,,,,,,,,,,,,,,,,,,,,,,,,,,,,,,,,,,,
,,,,,,,,#N/A,6,#N/A,#N/A,,,,,,,,,,,,,,,,,,,,,,,,,,,,,,,,,,,,,,,,,,,,,,,,,,,,,,,
,,,,,,,,#N/A,6,#N/A,#N/A,,,,,,,,,,,,,,,,,,,,,,,,,,,,,,,,,,,,,,,,,,,,,,,,,,,,,,,
,,,,,,,,#N/A,6,#N/A,#N/A,,,,,,,,,,,,,,,,,,,,,,,,,,,,,,,,,,,,,,,,,,,,,,,,,,,,,,,
,,,,,,,,#N/A,6,#N/A,#N/A,,,,,,,,,,,,,,,,,,,,,,,,,,,,,,,,,,,,,,,,,,,,,,,,,,,,,,,
,,,,,,,,#N/A,6,#N/A,#N/A,,,,,,,,,,,,,,,,,,,,,,,,,,,,,,,,,,,,,,,,,,,,,,,,,,,,,,,
,,,,,,,,#N/A,6,#N/A,#N/A,,,,,,,,,,,,,,,,,,,,,,,,,,,,,,,,,,,,,,,,,,,,,,,,,,,,,,,
,,,,,,,,#N/A,6,#N/A,#N/A,,,,,,,,,,,,,,,,,,,,,,,,,,,,,,,,,,,,,,,,,,,,,,,,,,,,,,,
,,,,,,,,#N/A,6,#N/A,#N/A,,,,,,,,,,,,,,,,,,,,,,,,,,,,,,,,,,,,,,,,,,,,,,,,,,,,,,,
,,,,,,,,#N/A,6,#N/A,#N/A,,,,,,,,,,,,,,,,,,,,,,,,,,,,,,,,,,,,,,,,,,,,,,,,,,,,,,,
,,,,,,,,#N/A,6,#N/A,#N/A,,,,,,,,,,,,,,,,,,,,,,,,,,,,,,,,,,,,,,,,,,,,,,,,,,,,,,,
,,,,,,,,#N/A,6,#N/A,#N/A,,,,,,,,,,,,,,,,,,,,,,,,,,,,,,,,,,,,,,,,,,,,,,,,,,,,,,,
,,,,,,,,#N/A,6,#N/A,#N/A,,,,,,,,,,,,,,,,,,,,,,,,,,,,,,,,,,,,,,,,,,,,,,,,,,,,,,,
,,,,,,,,#N/A,6,#N/A,#N/A,,,,,,,,,,,,,,,,,,,,,,,,,,,,,,,,,,,,,,,,,,,,,,,,,,,,,,,
